-- phpMyAdmin SQL Dump
-- version 4.6.6
-- https://www.phpmyadmin.net/
--
-- Host: localhost:3306
-- Generation Time: Aug 11, 2017 at 10:04 AM
-- Server version: 5.6.36-82.0-log
-- PHP Version: 5.6.30

SET SQL_MODE = "NO_AUTO_VALUE_ON_ZERO";
SET time_zone = "+00:00";


/*!40101 SET @OLD_CHARACTER_SET_CLIENT=@@CHARACTER_SET_CLIENT */;
/*!40101 SET @OLD_CHARACTER_SET_RESULTS=@@CHARACTER_SET_RESULTS */;
/*!40101 SET @OLD_COLLATION_CONNECTION=@@COLLATION_CONNECTION */;
/*!40101 SET NAMES utf8mb4 */;

--
-- Database: `digimede_takeda`
--

-- --------------------------------------------------------

--
-- Table structure for table `admitting`
--

CREATE TABLE `admitting` (
  `id` int(10) UNSIGNED NOT NULL,
  `diagnosisID` int(11) DEFAULT NULL,
  `hospitalID` int(11) DEFAULT NULL,
  `doctorID` int(11) DEFAULT NULL,
  `date` timestamp NULL DEFAULT NULL,
  `roomAssigned` varchar(10) COLLATE utf8_unicode_ci DEFAULT NULL,
  `erOrClinic` enum('er','new','old','elective') COLLATE utf8_unicode_ci DEFAULT 'new',
  `pay` enum('charity','company','hmo','insurance','personal') COLLATE utf8_unicode_ci DEFAULT 'personal',
  `surgery` timestamp NULL DEFAULT NULL,
  `deleted_at` timestamp NULL DEFAULT NULL,
  `created_at` timestamp NOT NULL DEFAULT '0000-00-00 00:00:00',
  `updated_at` timestamp NOT NULL DEFAULT '0000-00-00 00:00:00'
) ENGINE=InnoDB DEFAULT CHARSET=utf8 COLLATE=utf8_unicode_ci;

--
-- Dumping data for table `admitting`
--

INSERT INTO `admitting` (`id`, `diagnosisID`, `hospitalID`, `doctorID`, `date`, `roomAssigned`, `erOrClinic`, `pay`, `surgery`, `deleted_at`, `created_at`, `updated_at`) VALUES
(1, 3, NULL, 1, '2016-04-03 16:00:00', '12', 'er', 'hmo', '2016-04-04 02:00:00', NULL, '2016-03-28 19:01:42', '2016-03-28 22:45:43'),
(2, 5, NULL, 1, '2016-04-03 16:00:00', '12', 'new', 'charity', '2016-04-03 01:00:00', NULL, '2016-04-03 18:37:56', '2016-04-03 18:37:56'),
(3, 10, NULL, 1, '2016-05-30 16:00:00', '', 'new', 'charity', '2016-05-30 17:17:00', NULL, '2016-05-30 17:17:50', '2016-05-30 17:19:30');

-- --------------------------------------------------------

--
-- Table structure for table `appointments`
--

CREATE TABLE `appointments` (
  `id` int(10) UNSIGNED NOT NULL,
  `doctorID` int(11) DEFAULT NULL,
  `patientID` int(11) DEFAULT NULL,
  `staffID` int(11) DEFAULT NULL,
  `userID` int(11) DEFAULT NULL,
  `hospitalID` int(11) DEFAULT NULL,
  `type` enum('follow-up','admission','diagnosis','procedure','unspecified') COLLATE utf8_unicode_ci DEFAULT 'unspecified',
  `date` date DEFAULT NULL,
  `timeStart` time DEFAULT NULL,
  `timeEnd` time DEFAULT NULL,
  `notes` varchar(255) COLLATE utf8_unicode_ci DEFAULT NULL,
  `occured` tinyint(4) DEFAULT NULL,
  `reminder` int(11) DEFAULT NULL,
  `reminderSent` int(11) DEFAULT NULL,
  `roomAssignment` varchar(255) COLLATE utf8_unicode_ci DEFAULT NULL,
  `deleted_at` timestamp NULL DEFAULT NULL,
  `created_at` timestamp NOT NULL DEFAULT '0000-00-00 00:00:00',
  `updated_at` timestamp NOT NULL DEFAULT '0000-00-00 00:00:00'
) ENGINE=InnoDB DEFAULT CHARSET=utf8 COLLATE=utf8_unicode_ci;

--
-- Dumping data for table `appointments`
--

INSERT INTO `appointments` (`id`, `doctorID`, `patientID`, `staffID`, `userID`, `hospitalID`, `type`, `date`, `timeStart`, `timeEnd`, `notes`, `occured`, `reminder`, `reminderSent`, `roomAssignment`, `deleted_at`, `created_at`, `updated_at`) VALUES
(2, 1, 5, NULL, NULL, NULL, 'follow-up', '2016-03-28', '08:00:00', '08:15:00', NULL, NULL, NULL, NULL, NULL, NULL, '2016-03-27 16:54:31', '2017-01-10 01:23:14'),
(3, 1, 5, NULL, NULL, NULL, 'follow-up', '2016-04-11', '09:15:00', '09:45:00', 'with companion', NULL, NULL, NULL, NULL, NULL, '2016-03-28 11:16:02', '2017-01-10 01:23:14'),
(4, 1, 3, NULL, NULL, NULL, 'follow-up', '2016-03-31', '08:00:00', '08:15:00', NULL, NULL, NULL, NULL, NULL, NULL, '2016-03-30 17:19:48', '2017-01-10 01:23:14'),
(5, 1, 3, NULL, NULL, NULL, 'follow-up', '2016-04-04', '08:00:00', '08:15:00', NULL, NULL, NULL, NULL, NULL, NULL, '2016-04-03 10:28:40', '2017-01-10 01:23:14'),
(6, 1, 3, NULL, NULL, NULL, 'follow-up', '2016-04-11', '11:45:00', '12:15:00', 'bring results', NULL, NULL, NULL, NULL, NULL, '2016-04-03 10:40:00', '2017-01-10 01:23:14'),
(7, 1, 7, NULL, NULL, NULL, 'follow-up', '2016-04-07', '01:15:00', '13:45:00', 'Check response of patient to meds.', NULL, NULL, NULL, NULL, NULL, '2016-04-03 15:28:15', '2017-01-10 01:23:14'),
(8, 2, 5, NULL, NULL, NULL, 'unspecified', '2016-04-04', '09:30:00', '09:45:00', NULL, NULL, NULL, NULL, NULL, NULL, '2016-04-03 16:22:48', '2017-01-10 01:23:14'),
(9, 2, 2, NULL, NULL, NULL, 'follow-up', '2016-12-04', '08:00:00', '08:30:00', '', NULL, NULL, NULL, NULL, NULL, '2016-04-03 17:59:11', '2017-01-10 01:23:14'),
(10, 1, 4, NULL, NULL, NULL, 'follow-up', '2016-04-04', '08:00:00', '08:15:00', NULL, NULL, NULL, NULL, NULL, NULL, '2016-04-03 17:59:33', '2017-01-10 01:23:14'),
(11, 1, 4, NULL, NULL, NULL, 'admission', '2016-04-04', '08:00:00', '08:15:00', NULL, NULL, NULL, NULL, NULL, '2016-04-03 18:00:54', '2016-04-03 17:59:50', '2017-01-10 01:23:14'),
(12, 1, 3, NULL, NULL, NULL, 'follow-up', '2016-04-04', '09:00:00', '09:15:00', NULL, NULL, NULL, NULL, NULL, NULL, '2016-04-03 18:00:09', '2017-01-10 01:23:14'),
(13, 1, 7, NULL, NULL, NULL, 'follow-up', '2016-04-07', '00:00:00', '12:45:00', 'test', NULL, NULL, NULL, NULL, NULL, '2016-04-04 09:40:12', '2017-01-10 01:23:14'),
(14, 1, 7, NULL, NULL, NULL, 'follow-up', '2016-04-07', '12:00:00', '12:30:00', 'testing', NULL, NULL, NULL, NULL, '2016-04-04 09:41:39', '2016-04-04 09:40:48', '2017-01-10 01:23:14'),
(15, 1, 5, NULL, NULL, NULL, 'follow-up', '2016-04-07', '13:15:00', '13:45:00', '', NULL, NULL, NULL, NULL, NULL, '2016-04-04 09:57:10', '2017-01-10 01:23:14'),
(16, 1, 7, NULL, NULL, NULL, 'follow-up', '2016-04-07', '13:15:00', '13:45:00', '', NULL, NULL, NULL, NULL, NULL, '2016-04-04 09:58:30', '2017-01-10 01:23:14'),
(17, 1, 5, NULL, NULL, NULL, 'follow-up', '2016-04-07', '08:00:00', '08:15:00', NULL, NULL, NULL, NULL, NULL, NULL, '2016-04-04 10:31:03', '2017-01-10 01:23:14'),
(18, 1, 5, NULL, NULL, NULL, 'follow-up', '2016-04-07', '13:15:00', '13:30:00', NULL, NULL, NULL, NULL, NULL, NULL, '2016-04-04 10:31:44', '2017-01-10 01:23:14'),
(19, 1, 11, 0, 0, 0, 'follow-up', '2016-10-05', '08:45:55', '09:00:55', NULL, 0, 0, 0, NULL, NULL, '2016-09-17 09:57:05', '2017-01-10 01:23:14'),
(20, 2, 3, 0, 0, 0, 'admission', '2016-10-07', '12:45:03', '13:00:03', NULL, 0, 0, 0, NULL, NULL, '2016-09-19 08:05:30', '2017-01-10 01:23:14'),
(21, 1, 12, 0, 0, 0, 'follow-up', '2016-10-05', '11:30:13', '11:45:13', NULL, 0, 0, 0, NULL, NULL, '2016-10-02 01:01:28', '2017-01-10 01:23:14'),
(22, 2, 5, 0, 0, 0, 'diagnosis', '2016-10-06', '17:00:12', '17:15:12', NULL, 0, 0, 0, NULL, NULL, '2016-09-27 10:46:02', '2017-01-10 01:23:14'),
(23, 1, 4, 0, 0, 0, 'procedure', '2016-10-04', '11:15:14', '11:30:14', NULL, 0, 0, 0, NULL, NULL, '2016-09-21 14:15:34', '2017-01-10 01:23:14'),
(24, 2, 13, 0, 0, 0, 'unspecified', '2016-10-07', '16:30:49', '16:45:49', NULL, 0, 0, 0, NULL, NULL, '2016-09-25 12:19:28', '2017-01-10 01:23:14'),
(25, 3, 9, 0, 0, 0, 'admission', '2016-10-05', '11:00:17', '11:15:17', NULL, 0, 0, 0, NULL, NULL, '2016-09-08 19:41:10', '2017-01-10 01:23:14'),
(26, 1, 5, 0, 0, 0, 'unspecified', '2016-10-05', '12:30:28', '12:45:28', NULL, 0, 0, 0, NULL, NULL, '2016-09-26 20:22:16', '2017-01-10 01:23:14'),
(27, 4, 4, 0, 0, 0, 'diagnosis', '2016-10-04', '17:15:44', '17:30:44', NULL, 0, 0, 0, NULL, NULL, '2016-09-12 14:30:15', '2017-01-10 01:23:14'),
(28, 2, 9, 0, 0, 0, 'diagnosis', '2016-10-07', '12:45:24', '13:00:24', NULL, 0, 0, 0, NULL, '2016-10-06 17:46:49', '2016-09-23 12:14:06', '2017-01-10 01:23:14'),
(29, 1, 11, 0, 0, 0, 'procedure', '2016-10-06', '08:15:57', '08:30:57', NULL, 0, 0, 0, NULL, '2016-10-06 17:47:16', '2016-09-26 03:56:50', '2017-01-10 01:23:14'),
(30, 4, 10, 0, 0, 0, 'procedure', '2016-10-06', '15:30:10', '15:45:10', NULL, 0, 0, 0, NULL, NULL, '2016-09-17 09:57:09', '2017-01-10 01:23:14'),
(31, 1, 9, 0, 0, 0, 'unspecified', '2016-10-06', '15:00:00', '15:15:00', NULL, 0, 0, 0, NULL, NULL, '2016-09-19 18:39:02', '2017-01-10 01:23:14'),
(32, 4, 13, 0, 0, 0, 'procedure', '2016-10-06', '12:45:59', '13:00:59', NULL, 0, 0, 0, NULL, NULL, '2016-09-24 20:37:58', '2017-01-10 01:23:14'),
(33, 2, 13, 0, 0, 0, 'unspecified', '2016-10-05', '13:00:42', '13:15:42', NULL, 0, 0, 0, NULL, NULL, '2016-09-10 16:26:38', '2017-01-10 01:23:14'),
(34, 2, 2, 0, 0, 0, 'procedure', '2016-10-06', '14:30:36', '14:45:36', NULL, 0, 0, 0, NULL, NULL, '2016-09-11 12:19:06', '2017-01-10 01:23:14'),
(35, 5, 7, 0, 0, 0, 'procedure', '2016-10-07', '17:15:08', '17:30:08', NULL, 0, 0, 0, NULL, NULL, '2016-09-15 05:40:23', '2017-01-10 01:23:14'),
(36, 4, 11, 0, 0, 0, 'unspecified', '2016-10-07', '11:00:43', '11:15:43', NULL, 0, 0, 0, NULL, NULL, '2016-09-09 08:46:25', '2017-01-10 01:23:14'),
(37, 4, 12, 0, 0, 0, 'procedure', '2016-10-07', '15:15:38', '15:30:38', NULL, 0, 0, 0, NULL, NULL, '2016-09-07 11:39:53', '2017-01-10 01:23:14'),
(38, 4, 9, 0, 0, 0, 'admission', '2016-10-08', '13:30:11', '13:45:11', NULL, 0, 0, 0, NULL, NULL, '2016-10-05 07:06:09', '2017-01-10 01:23:14'),
(39, 3, 10, 0, 0, 0, 'admission', '2016-10-08', '10:45:28', '11:00:28', NULL, 0, 0, 0, NULL, NULL, '2016-09-07 14:34:51', '2017-01-10 01:23:14'),
(40, 5, 5, 0, 0, 0, 'follow-up', '2016-10-07', '10:15:51', '10:30:51', NULL, 0, 0, 0, NULL, NULL, '2016-09-27 10:38:13', '2017-01-10 01:23:14'),
(41, 1, 3, 0, 0, 0, 'admission', '2016-10-05', '10:00:06', '10:15:06', NULL, 0, 0, 0, NULL, NULL, '2016-09-29 23:32:24', '2017-01-10 01:23:14'),
(42, 4, 13, 0, 0, 0, 'procedure', '2016-10-07', '09:00:44', '09:15:44', NULL, 0, 0, 0, NULL, NULL, '2016-09-22 20:27:52', '2017-01-10 01:23:14'),
(43, 4, 7, 0, 0, 0, 'admission', '2016-10-05', '08:00:32', '08:15:32', NULL, 0, 0, 0, NULL, NULL, '2016-10-03 21:59:50', '2017-01-10 01:23:14'),
(44, 1, 9, 0, 0, 0, 'procedure', '2016-10-06', '11:45:54', '12:00:54', NULL, 0, 0, 0, NULL, NULL, '2016-09-08 14:52:31', '2017-01-10 01:23:14'),
(45, 5, 5, 0, 0, 0, 'admission', '2016-10-08', '12:15:05', '12:30:05', NULL, 0, 0, 0, NULL, NULL, '2016-09-27 19:42:09', '2017-01-10 01:23:14'),
(46, 2, 2, 0, 0, 0, 'procedure', '2016-10-06', '16:00:05', '16:15:05', NULL, 0, 0, 0, NULL, NULL, '2016-09-14 08:03:28', '2017-01-10 01:23:14'),
(47, 4, 9, 0, 0, 0, 'unspecified', '2016-10-05', '12:00:01', '12:15:01', NULL, 0, 0, 0, NULL, NULL, '2016-09-19 11:17:05', '2017-01-10 01:23:14'),
(48, 5, 13, 0, 0, 0, 'procedure', '2016-10-06', '14:45:17', '15:00:17', NULL, 0, 0, 0, NULL, NULL, '2016-09-19 00:12:05', '2017-01-10 01:23:14'),
(49, 3, 4, 0, 0, 0, 'follow-up', '2016-10-06', '09:30:23', '09:45:23', NULL, 0, 0, 0, NULL, NULL, '2016-09-30 08:06:30', '2017-01-10 01:23:14'),
(50, 3, 13, 0, 0, 0, 'unspecified', '2016-10-08', '14:15:20', '14:30:20', NULL, 0, 0, 0, NULL, NULL, '2016-09-10 08:54:55', '2017-01-10 01:23:14'),
(51, 2, 13, 0, 0, 0, 'diagnosis', '2016-10-07', '08:30:04', '08:45:04', NULL, 0, 0, 0, NULL, NULL, '2016-09-17 07:00:11', '2017-01-10 01:23:14'),
(52, 4, 3, 0, 0, 0, 'unspecified', '2016-10-05', '08:30:55', '08:45:55', NULL, 0, 0, 0, NULL, NULL, '2016-10-03 14:04:09', '2017-01-10 01:23:14'),
(53, 1, 14, 0, 0, 0, 'diagnosis', '2016-10-06', '08:15:24', '08:30:24', NULL, 0, 0, 0, NULL, NULL, '2016-09-28 18:39:29', '2017-01-10 01:23:14'),
(54, 1, 13, 0, 0, 0, 'diagnosis', '2016-10-05', '15:00:29', '15:15:29', NULL, 0, 0, 0, NULL, NULL, '2016-09-18 02:57:37', '2017-01-10 01:23:14'),
(55, 4, 13, 0, 0, 0, 'admission', '2016-10-06', '09:45:37', '10:00:37', NULL, 0, 0, 0, NULL, NULL, '2016-09-30 14:39:16', '2017-01-10 01:23:14'),
(56, 1, 4, 0, 0, 0, 'diagnosis', '2016-10-08', '15:00:44', '15:15:44', NULL, 0, 0, 0, NULL, NULL, '2016-09-25 13:02:44', '2017-01-10 01:23:14'),
(57, 5, 9, 0, 0, 0, 'admission', '2016-10-07', '08:00:12', '08:15:12', NULL, 0, 0, 0, NULL, NULL, '2016-10-04 14:08:30', '2017-01-10 01:23:14'),
(58, 3, 5, 0, 0, 0, 'admission', '2016-10-05', '10:45:44', '11:00:44', NULL, 0, 0, 0, NULL, NULL, '2016-09-22 22:13:47', '2017-01-10 01:23:14'),
(79, 3, 4, 0, 0, 0, 'procedure', '2016-10-22', '13:15:51', '13:30:51', NULL, 0, 0, 0, NULL, NULL, '2016-10-02 03:28:22', '2017-01-10 01:23:14'),
(80, 2, 7, 0, 0, 0, 'admission', '2016-10-21', '08:00:34', '08:15:34', NULL, 0, 0, 0, NULL, NULL, '2016-10-07 00:55:40', '2017-01-10 01:23:14'),
(81, 1, 7, 0, 0, 0, 'procedure', '2016-10-19', '16:30:13', '16:45:13', NULL, 0, 0, 0, NULL, NULL, '2016-10-15 17:22:10', '2017-01-10 01:23:14'),
(82, 4, 4, 0, 0, 0, 'diagnosis', '2016-10-21', '16:15:16', '16:30:16', NULL, 0, 0, 0, NULL, NULL, '2016-10-15 22:12:36', '2017-01-10 01:23:14'),
(83, 2, 2, 0, 0, 0, 'diagnosis', '2016-10-23', '09:30:00', '10:00:00', '', 0, 0, 0, NULL, NULL, '2016-09-29 07:22:18', '2017-01-10 01:23:14'),
(84, 3, 10, 0, 0, 0, 'admission', '2016-10-20', '08:15:34', '08:30:34', NULL, 0, 0, 0, NULL, NULL, '2016-10-01 08:28:01', '2017-01-10 01:23:14'),
(85, 5, 14, 0, 0, 0, 'procedure', '2016-10-21', '10:00:48', '10:15:48', NULL, 0, 0, 0, NULL, NULL, '2016-09-28 03:32:08', '2017-01-10 01:23:14'),
(86, 3, 10, 0, 0, 0, 'procedure', '2016-10-22', '11:00:17', '11:15:17', NULL, 0, 0, 0, NULL, NULL, '2016-10-20 06:04:20', '2017-01-10 01:23:14'),
(87, 2, 2, 0, 0, 0, 'follow-up', '2016-10-21', '17:45:00', '18:15:00', '', 0, 0, 0, NULL, NULL, '2016-10-02 23:36:59', '2017-01-10 01:23:14'),
(88, 4, 13, 0, 0, 0, 'admission', '2016-10-19', '14:45:18', '15:00:18', NULL, 0, 0, 0, NULL, NULL, '2016-10-15 05:49:50', '2017-01-10 01:23:14'),
(89, 1, 3, 0, 0, 0, 'procedure', '2016-10-23', '08:45:20', '09:00:20', NULL, 0, 0, 0, NULL, NULL, '2016-10-18 05:09:28', '2017-01-10 01:23:14'),
(90, 3, 13, 0, 0, 0, 'admission', '2016-10-19', '15:00:26', '15:15:26', NULL, 0, 0, 0, NULL, NULL, '2016-10-07 17:34:22', '2017-01-10 01:23:14'),
(91, 4, 12, 0, 0, 0, 'follow-up', '2016-10-19', '11:30:58', '11:45:58', NULL, 0, 0, 0, NULL, NULL, '2016-09-23 19:10:09', '2017-01-10 01:23:14'),
(92, 2, 10, 0, 0, 0, 'unspecified', '2016-10-21', '11:15:50', '11:30:50', NULL, 0, 0, 0, NULL, NULL, '2016-10-16 01:57:39', '2017-01-10 01:23:14'),
(93, 2, 13, 0, 0, 0, 'diagnosis', '2016-10-20', '14:45:00', '15:00:00', NULL, 0, 0, 0, NULL, NULL, '2016-10-04 20:19:35', '2017-01-10 01:23:14'),
(94, 3, 10, 0, 0, 0, 'follow-up', '2016-10-22', '16:00:15', '16:15:15', NULL, 0, 0, 0, NULL, NULL, '2016-10-16 09:15:38', '2017-01-10 01:23:14'),
(95, 1, 14, 0, 0, 0, 'unspecified', '2016-10-19', '11:30:18', '11:45:18', NULL, 0, 0, 0, NULL, NULL, '2016-10-12 13:08:13', '2017-01-10 01:23:14'),
(96, 2, 2, 0, 0, 0, 'unspecified', '2016-10-22', '11:00:00', '11:30:00', '', 0, 0, 0, NULL, NULL, '2016-10-05 09:08:20', '2017-01-10 01:23:14'),
(97, 1, 11, 0, 0, 0, 'procedure', '2016-10-19', '09:15:06', '09:30:06', NULL, 0, 0, 0, NULL, NULL, '2016-10-04 06:12:41', '2017-01-10 01:23:14'),
(98, 2, 2, 0, 0, 0, 'follow-up', '2016-10-20', '08:45:00', '09:15:00', '', 0, 0, 0, NULL, NULL, '2016-10-08 17:39:57', '2017-01-10 01:23:14'),
(200000, 2, 7, 0, 0, 0, 'admission', '2016-12-07', '08:00:00', '08:15:00', 'yea', 0, 0, 0, 'null', NULL, '2016-12-07 06:11:35', '2017-01-10 01:23:14'),
(200001, 2, 5, 0, 0, 0, 'unspecified', '2016-12-07', '10:00:00', '10:15:00', 'test', 0, 0, 0, 'null', NULL, '2016-12-07 07:16:47', '2017-01-10 01:23:14'),
(200002, 2, 200000, 0, 0, 0, 'procedure', '2016-12-07', '13:00:00', '13:15:00', 'ji', 0, 0, 0, 'null', NULL, '2016-12-07 07:59:55', '2017-01-10 01:23:14'),
(200003, 2, 3, NULL, NULL, 1, 'admission', '2016-12-09', '08:00:00', '08:15:00', NULL, NULL, NULL, NULL, NULL, NULL, '2016-12-09 00:33:49', '2017-01-10 01:23:14'),
(200004, 2, 5, NULL, NULL, 1, 'diagnosis', '2016-12-09', '11:00:00', '11:15:00', NULL, NULL, NULL, NULL, NULL, NULL, '2016-12-09 00:37:18', '2017-01-10 01:23:14'),
(200005, 2, 5, NULL, NULL, 1, 'follow-up', '2016-12-09', '13:00:00', '01:15:00', NULL, NULL, NULL, NULL, NULL, NULL, '2016-12-09 08:42:19', '2017-01-10 01:23:14'),
(200006, 2, 5, NULL, NULL, 1, 'follow-up', '2016-12-10', '08:00:00', '08:15:00', NULL, NULL, NULL, NULL, NULL, NULL, '2016-12-09 08:43:03', '2017-01-10 01:23:14'),
(200007, 2, 5, NULL, NULL, 1, 'follow-up', '2016-12-10', '15:00:00', '15:15:00', NULL, NULL, NULL, NULL, NULL, NULL, '2016-12-09 09:09:43', '2017-01-10 01:23:14'),
(200008, 2, 5, NULL, NULL, 1, 'follow-up', '2016-12-12', '08:00:00', '08:15:00', NULL, NULL, NULL, NULL, NULL, NULL, '2016-12-09 09:46:03', '2017-01-10 01:23:14'),
(200009, 2, 5, NULL, NULL, 1, 'follow-up', '2016-12-13', '08:00:00', '08:15:00', NULL, NULL, NULL, NULL, NULL, NULL, '2016-12-09 09:47:39', '2017-01-10 01:23:14'),
(200010, 4, 5, NULL, NULL, 1, 'follow-up', '2016-12-13', '08:00:00', '08:15:00', NULL, NULL, NULL, NULL, NULL, NULL, '2016-12-09 09:48:04', '2017-01-10 01:23:14'),
(200011, 2, 5, NULL, NULL, 1, 'follow-up', '2016-12-13', '10:00:00', '10:15:00', NULL, NULL, NULL, NULL, NULL, NULL, '2016-12-09 09:48:24', '2017-01-10 01:23:14'),
(200012, 2, 13, NULL, NULL, 1, 'follow-up', '2016-12-12', '09:00:00', '09:15:00', NULL, NULL, NULL, NULL, NULL, NULL, '2016-12-12 01:28:08', '2017-01-10 01:23:14'),
(200013, 1, 5, NULL, NULL, 1, 'follow-up', '2016-12-13', '09:00:00', '09:45:00', NULL, NULL, NULL, NULL, NULL, NULL, '2016-12-12 01:29:44', '2017-01-10 01:23:14'),
(200014, 2, 5, NULL, NULL, 1, 'admission', '2016-12-13', '09:00:00', '09:45:00', NULL, NULL, NULL, NULL, NULL, NULL, '2016-12-12 01:30:06', '2017-01-10 01:23:14'),
(1100000, 2, 5, 0, 0, 0, 'follow-up', '2016-12-15', '08:00:00', '08:15:00', 'hi', 0, 0, 0, 'null', NULL, '2016-12-12 03:13:03', '2017-01-10 01:23:14'),
(1100001, 2, 5, NULL, NULL, 1, 'follow-up', '2016-12-12', '09:30:00', '09:45:00', NULL, NULL, NULL, NULL, NULL, NULL, '2016-12-12 06:41:46', '2017-01-10 01:23:14'),
(2000000, 2, 7, 0, 0, 0, 'diagnosis', '2016-12-20', '08:00:00', '08:15:00', 'update', 0, 0, 0, 'null', NULL, '2016-12-20 06:22:40', '2017-01-10 01:23:14'),
(2500000, 2, 4, 0, 0, 0, 'follow-up', '2016-12-20', '09:00:00', '09:15:00', 'Lol', 0, 0, 0, 'null', NULL, '2016-12-20 06:23:36', '2017-01-10 01:23:14'),
(2500001, 2, 14, 0, 0, 0, 'diagnosis', '2016-12-20', '13:00:00', '13:15:00', '', 0, 0, 0, 'null', NULL, '2016-12-20 06:25:33', '2017-01-10 01:23:14'),
(3100000, 2, 200000, 0, 0, 0, 'unspecified', '2016-12-21', '10:30:00', '10:45:00', '', 0, 0, 0, 'null', NULL, '2016-12-21 04:49:11', '2017-01-10 01:23:14'),
(3100001, 2, 4, 0, 0, 0, 'follow-up', '2016-12-27', '08:00:00', '08:15:00', 'he', 0, 0, 0, 'null', NULL, '2016-12-27 03:44:22', '2017-01-10 01:23:14'),
(3900000, 2, 4, 0, 0, 0, 'follow-up', '2017-01-04', '08:00:00', '08:15:00', '', 0, 0, 0, 'null', NULL, '2017-01-04 08:29:41', '2017-01-10 01:23:14'),
(3900001, 2, 4, 0, 0, 0, 'follow-up', '2017-01-11', '08:00:00', '08:15:00', '', 0, 0, 0, 'null', NULL, '2017-01-04 08:30:35', '2017-01-10 01:23:14'),
(3900002, 2, 4, 0, 0, 0, 'follow-up', '2017-01-09', '08:00:00', '08:15:00', '', 0, 0, 0, 'null', NULL, '2017-01-04 08:31:33', '2017-01-10 01:23:14'),
(3900003, 2, 7, 0, 0, 0, 'follow-up', '2017-01-31', '08:00:00', '08:15:00', '', 0, 0, 0, 'null', NULL, '2017-01-04 08:32:23', '2017-01-10 01:23:14'),
(4500000, 2, 2, 0, 0, 0, 'follow-up', '2017-01-05', '08:00:00', '08:15:00', '', 0, 0, 0, 'null', NULL, '2017-01-05 02:11:03', '2017-01-10 01:23:14'),
(5300000, 2, 7, 0, 0, 0, 'follow-up', '2017-01-26', '08:00:00', '08:15:00', '', 0, 0, 0, 'null', NULL, '2017-01-05 09:21:37', '2017-01-10 01:23:14'),
(5300001, 2, 9, 0, 0, 0, 'procedure', '2017-01-06', '01:10:00', '01:25:00', '', 0, 0, 0, 'null', NULL, '2017-01-06 06:55:54', '2017-01-10 01:23:14'),
(5300002, 2, 14, 0, 0, 0, 'follow-up', '2017-01-06', '04:00:00', '04:15:00', '', 0, 0, 0, 'null', NULL, '2017-01-06 07:17:06', '2017-01-10 01:23:14'),
(5300003, 2, 11, 0, 0, 0, 'follow-up', '2017-01-14', '08:00:00', '08:15:00', 'shs', 0, 0, 0, 'null', NULL, '2017-01-06 07:17:48', '2017-01-10 01:23:14'),
(5300004, 2, 5, 0, 0, 0, 'follow-up', '2017-01-09', '15:00:00', '15:15:00', 'dhshs', 0, 0, 0, 'null', NULL, '2017-01-06 07:19:16', '2017-01-10 01:23:14'),
(5300005, 2, 9, 0, 0, 0, 'follow-up', '2017-01-27', '08:00:00', '08:15:00', 'Aaja', 0, 0, 0, 'null', NULL, '2017-01-06 07:20:02', '2017-01-10 01:23:14'),
(6000000, 2, 9, 0, 0, 0, 'diagnosis', '2017-01-06', '05:00:00', '05:15:00', '', 0, 0, 0, 'null', NULL, '2017-01-06 09:55:45', '2017-01-10 01:23:14'),
(6400000, 3, 4300000, 0, 0, 0, 'follow-up', '2017-01-09', '08:00:00', '08:15:00', '', 0, 0, 0, 'null', NULL, '2017-01-09 08:21:33', '2017-01-10 01:23:14'),
(6500000, 2, 0, 0, 0, 0, 'follow-up', '2017-01-09', '05:00:00', '05:15:00', 'hdfj', 0, 0, 0, 'null', NULL, '2017-01-09 08:56:51', '2017-01-10 01:23:14'),
(6500001, 2, 7, 0, 0, 0, 'admission', '2017-01-09', '02:00:00', '02:15:00', 'lodt', 0, 0, 0, 'null', NULL, '2017-01-09 08:57:41', '2017-01-10 01:23:14'),
(6600000, 2, 5300002, 0, 0, 0, 'follow-up', '2017-01-09', '14:00:00', '14:15:00', 'gh', 0, 0, 0, 'null', NULL, '2017-01-09 09:18:06', '2017-01-10 01:23:14'),
(6600001, 2, 7, 0, 0, 0, 'diagnosis', '2017-01-09', '16:00:00', '16:15:00', '', 0, 0, 0, 'null', NULL, '2017-01-09 10:05:11', '2017-01-10 01:23:14'),
(6600002, 2, 13, 0, 0, 0, 'diagnosis', '2017-01-09', '18:00:00', '18:15:00', 'adasda', 0, 0, 0, 'null', NULL, '2017-01-09 10:05:50', '2017-01-10 01:23:14'),
(9900000, 2, 200001, 0, 0, 0, 'follow-up', '2017-01-19', '08:00:00', '08:15:00', 'nice', 0, 0, 0, 'null', NULL, '2017-01-19 08:25:37', '2017-01-19 08:25:37'),
(10800000, 2, 0, 0, 0, 0, 'follow-up', '2017-02-21', '08:00:00', '08:15:00', '', 0, 0, 0, 'null', NULL, '2017-02-21 01:27:41', '2017-02-21 01:27:41'),
(11500000, 2, 0, 0, 0, 0, 'follow-up', '2017-02-23', '08:00:00', '08:15:00', '', 0, 0, 0, 'null', '2017-02-28 02:44:45', '2017-02-23 08:24:10', '2017-02-23 08:24:10'),
(11500001, 2, 5, 0, 0, 0, 'follow-up', '2017-02-23', '10:00:00', '10:15:00', '', 0, 0, 0, 'null', NULL, '2017-02-23 08:24:31', '2017-02-23 08:24:31'),
(11500002, 2, 0, 0, 0, 0, 'follow-up', '2017-02-28', '08:00:00', '08:15:00', '', 0, 0, 0, 'null', '2017-02-28 02:44:45', '2017-02-28 02:25:30', '2017-02-28 02:25:30'),
(11500003, 2, 11100000, 0, 0, 0, 'follow-up', '2017-03-22', '10:15:00', '10:30:00', 'Fasting for another examinations', 0, 0, 0, 'null', NULL, '2017-02-28 02:44:45', '2017-02-28 02:44:45'),
(11500004, 2, 7, 0, 0, 0, 'follow-up', '2017-03-22', '13:45:00', '14:00:00', '', 0, 0, 0, 'null', NULL, '2017-02-28 03:38:43', '2017-02-28 03:38:43'),
(11500005, 2, 14, 0, 0, 0, 'follow-up', '2017-02-28', '14:00:00', '14:15:00', '', 0, 0, 0, 'null', NULL, '2017-02-28 05:28:15', '2017-02-28 05:28:15'),
(11500006, 2, 5300002, 0, 0, 0, 'diagnosis', '2017-03-22', '08:00:00', '08:15:00', 'Medical treatments', 0, 0, 0, 'null', NULL, '2017-02-28 05:29:12', '2017-02-28 05:29:12'),
(11500007, 2, 4300000, 0, 0, 0, 'unspecified', '2017-06-09', '09:00:00', '09:15:00', '', 0, 0, 0, 'null', NULL, '2017-06-09 08:59:07', '2017-06-09 08:59:07'),
(11500008, 2, 11100001, 0, 0, 0, 'follow-up', '2017-06-09', '13:05:00', '13:20:00', '', 0, 0, 0, 'null', NULL, '2017-06-09 09:00:21', '2017-06-09 09:00:21'),
(11500009, 2, 14, 0, 0, 0, 'unspecified', '2017-06-09', '15:00:00', '15:15:00', '', 0, 0, 0, 'null', NULL, '2017-06-09 09:00:43', '2017-06-09 09:00:43'),
(11900011, 2, 4300000, 0, 0, 0, 'unspecified', '2017-06-28', '14:15:00', '14:30:00', '', 0, 0, 0, 'null', NULL, '2017-06-28 04:23:59', '2017-06-28 04:23:59'),
(11900012, 2, 200001, 0, 0, 0, 'admission', '2017-06-28', '09:45:00', '10:00:00', 'Annual Physical Exam', 0, 0, 0, 'null', NULL, '2017-06-28 04:23:59', '2017-06-28 06:25:26'),
(11900013, 2, 5300002, 0, 0, 0, 'procedure', '2017-06-28', '17:15:00', '17:30:00', '', 0, 0, 0, 'null', NULL, '2017-06-28 04:23:59', '2017-06-28 04:23:59'),
(11900014, 2, 14, 0, 0, 0, 'diagnosis', '2017-06-28', '13:45:00', '14:00:00', 'Return for results', 0, 0, 0, 'null', NULL, '2017-06-28 04:23:59', '2017-06-28 06:25:26'),
(11900015, 2, 8700002, 0, 0, 0, 'unspecified', '2017-06-28', '13:00:00', '13:15:00', '', 0, 0, 0, 'null', NULL, '2017-06-28 04:23:59', '2017-06-28 04:23:59'),
(11900016, 2, 4300000, 0, 0, 0, 'follow-up', '2017-06-28', '12:45:00', '13:00:00', 'Return for Check-up', 0, 0, 0, 'null', NULL, '2017-06-28 04:23:59', '2017-06-28 06:25:26'),
(11900017, 2, 5300001, 0, 0, 0, 'admission', '2017-06-28', '16:30:00', '16:45:00', 'Annual Physical Exam', 0, 0, 0, 'null', NULL, '2017-06-28 04:23:59', '2017-06-28 06:25:26'),
(11900018, 2, 8700002, 0, 0, 0, 'follow-up', '2017-06-28', '14:45:00', '15:00:00', 'Return for Check-up', 0, 0, 0, 'null', NULL, '2017-06-28 04:23:59', '2017-06-28 06:25:26'),
(11900019, 2, 8700002, 0, 0, 0, 'procedure', '2017-06-28', '12:00:00', '12:15:00', '', 0, 0, 0, 'null', NULL, '2017-06-28 04:23:59', '2017-06-28 04:23:59'),
(11900020, 2, 2, 0, 0, 0, 'unspecified', '2017-06-28', '12:45:00', '13:00:00', '', 0, 0, 0, 'null', NULL, '2017-06-28 04:23:59', '2017-06-28 04:23:59'),
(11900021, 2, 14, 0, 0, 0, 'diagnosis', '2017-06-29', '17:15:00', '17:30:00', 'Return for results', 0, 0, 0, 'null', NULL, '2017-06-28 04:23:59', '2017-06-28 06:25:26'),
(11900022, 2, 5300000, 0, 0, 0, 'diagnosis', '2017-06-29', '13:15:00', '13:30:00', 'Return for results', 0, 0, 0, 'null', NULL, '2017-06-28 04:23:59', '2017-06-28 06:25:26'),
(11900023, 2, 5300001, 0, 0, 0, 'procedure', '2017-06-29', '13:00:00', '13:15:00', '', 0, 0, 0, 'null', NULL, '2017-06-28 04:23:59', '2017-06-28 04:23:59'),
(11900024, 2, 5, 0, 0, 0, 'follow-up', '2017-06-29', '09:00:00', '09:15:00', 'Return for Check-up', 0, 0, 0, 'null', NULL, '2017-06-28 04:23:59', '2017-06-28 06:25:26'),
(11900025, 2, 11100002, 0, 0, 0, 'follow-up', '2017-06-29', '15:45:00', '16:00:00', 'Return for Check-up', 0, 0, 0, 'null', NULL, '2017-06-28 04:23:59', '2017-06-28 06:25:26'),
(11900026, 2, 5300001, 0, 0, 0, 'diagnosis', '2017-06-29', '16:30:00', '16:45:00', 'Return for results', 0, 0, 0, 'null', NULL, '2017-06-28 04:23:59', '2017-06-28 06:25:26'),
(11900027, 2, 14, 0, 0, 0, 'diagnosis', '2017-06-29', '17:15:00', '17:30:00', 'Return for results', 0, 0, 0, 'null', NULL, '2017-06-28 04:23:59', '2017-06-28 06:25:26'),
(11900028, 2, 3, 0, 0, 0, 'procedure', '2017-06-29', '15:15:00', '15:30:00', '', 0, 0, 0, 'null', NULL, '2017-06-28 04:23:59', '2017-06-28 04:23:59'),
(11900029, 2, 4, 0, 0, 0, 'admission', '2017-06-29', '12:45:00', '13:00:00', 'Annual Physical Exam', 0, 0, 0, 'null', NULL, '2017-06-28 04:23:59', '2017-06-28 06:25:26'),
(11900030, 2, 3, 0, 0, 0, 'admission', '2017-06-29', '17:45:00', '18:00:00', 'Annual Physical Exam', 0, 0, 0, 'null', NULL, '2017-06-28 04:23:59', '2017-06-28 06:25:26'),
(11900031, 2, 9, 0, 0, 0, 'admission', '2017-06-29', '09:00:00', '09:15:00', 'Annual Physical Exam', 0, 0, 0, 'null', NULL, '2017-06-28 04:23:59', '2017-06-28 06:25:26'),
(11900032, 2, 4300000, 0, 0, 0, 'follow-up', '2017-06-29', '12:45:00', '13:00:00', 'Return for Check-up', 0, 0, 0, 'null', NULL, '2017-06-28 04:23:59', '2017-06-28 06:25:26'),
(11900033, 2, 200001, 0, 0, 0, 'procedure', '2017-06-29', '17:45:00', '18:00:00', '', 0, 0, 0, 'null', NULL, '2017-06-28 04:23:59', '2017-06-28 04:23:59'),
(11900034, 2, 4300000, 0, 0, 0, 'follow-up', '2017-06-29', '08:15:00', '08:30:00', 'Return for Check-up', 0, 0, 0, 'null', NULL, '2017-06-28 04:23:59', '2017-06-28 06:25:26'),
(11900035, 2, 5300002, 0, 0, 0, 'unspecified', '2017-06-29', '08:45:00', '09:00:00', '', 0, 0, 0, 'null', NULL, '2017-06-28 04:23:59', '2017-06-28 04:23:59'),
(11900036, 2, 5, 0, 0, 0, 'unspecified', '2017-06-29', '08:30:00', '08:45:00', '', 0, 0, 0, 'null', NULL, '2017-06-28 04:23:59', '2017-06-28 04:23:59'),
(11900037, 2, 2, 0, 0, 0, 'follow-up', '2017-06-29', '10:30:00', '10:45:00', 'Return for Check-up', 0, 0, 0, 'null', NULL, '2017-06-28 04:23:59', '2017-06-28 06:25:26'),
(11900038, 2, 9, 0, 0, 0, 'unspecified', '2017-06-29', '11:00:00', '11:15:00', '', 0, 0, 0, 'null', NULL, '2017-06-28 04:23:59', '2017-06-28 04:23:59'),
(11900039, 2, 11100001, 0, 0, 0, 'diagnosis', '2017-06-29', '08:00:00', '08:15:00', 'Return for results', 0, 0, 0, 'null', NULL, '2017-06-28 04:23:59', '2017-06-28 06:25:26'),
(11900040, 2, 11100001, 0, 0, 0, 'admission', '2017-06-29', '17:45:00', '18:00:00', 'Annual Physical Exam', 0, 0, 0, 'null', NULL, '2017-06-28 04:23:59', '2017-06-28 06:25:26'),
(11900041, 2, 5300002, 0, 0, 0, 'admission', '2017-06-29', '17:00:00', '17:15:00', 'Annual Physical Exam', 0, 0, 0, 'null', NULL, '2017-06-28 04:23:59', '2017-06-28 06:25:26'),
(11900042, 2, 5300000, 0, 0, 0, 'procedure', '2017-06-29', '09:30:00', '09:45:00', '', 0, 0, 0, 'null', NULL, '2017-06-28 04:23:59', '2017-06-28 04:23:59'),
(11900043, 2, 3, 0, 0, 0, 'admission', '2017-06-29', '17:00:00', '17:15:00', 'Annual Physical Exam', 0, 0, 0, 'null', NULL, '2017-06-28 04:23:59', '2017-06-28 06:25:26'),
(11900044, 2, 5300000, 0, 0, 0, 'diagnosis', '2017-06-29', '13:45:00', '14:00:00', 'Return for results', 0, 0, 0, 'null', NULL, '2017-06-28 04:23:59', '2017-06-28 06:25:26'),
(11900045, 2, 14, 0, 0, 0, 'procedure', '2017-06-29', '12:15:00', '12:30:00', '', 0, 0, 0, 'null', NULL, '2017-06-28 04:23:59', '2017-06-28 04:23:59'),
(11900046, 2, 5300002, 0, 0, 0, 'unspecified', '2017-06-29', '15:45:00', '16:00:00', '', 0, 0, 0, 'null', NULL, '2017-06-28 04:23:59', '2017-06-28 04:23:59'),
(11900047, 2, 2, 0, 0, 0, 'diagnosis', '2017-06-29', '13:00:00', '13:15:00', 'Return for results', 0, 0, 0, 'null', NULL, '2017-06-28 04:23:59', '2017-06-28 06:25:26'),
(11900048, 2, 4300000, 0, 0, 0, 'unspecified', '2017-06-30', '11:00:00', '11:15:00', '', 0, 0, 0, 'null', NULL, '2017-06-28 04:23:59', '2017-06-28 04:23:59'),
(11900049, 2, 11100001, 0, 0, 0, 'admission', '2017-06-30', '11:00:00', '11:15:00', 'Annual Physical Exam', 0, 0, 0, 'null', NULL, '2017-06-28 04:23:59', '2017-06-28 06:25:26'),
(11900050, 2, 2, 0, 0, 0, 'follow-up', '2017-06-30', '13:00:00', '13:15:00', 'Return for Check-up', 0, 0, 0, 'null', NULL, '2017-06-28 04:23:59', '2017-06-28 06:25:26'),
(11900051, 2, 2, 0, 0, 0, 'unspecified', '2017-06-30', '09:45:00', '10:00:00', '', 0, 0, 0, 'null', NULL, '2017-06-28 04:23:59', '2017-06-28 04:23:59'),
(11900052, 2, 2, 0, 0, 0, 'unspecified', '2017-06-30', '11:15:00', '11:30:00', '', 0, 0, 0, 'null', NULL, '2017-06-28 04:23:59', '2017-06-28 04:23:59'),
(11900053, 2, 11100000, 0, 0, 0, 'admission', '2017-06-30', '13:00:00', '13:15:00', 'Annual Physical Exam', 0, 0, 0, 'null', NULL, '2017-06-28 04:23:59', '2017-06-28 06:25:26'),
(11900054, 2, 11100000, 0, 0, 0, 'procedure', '2017-06-30', '16:30:00', '16:45:00', '', 0, 0, 0, 'null', NULL, '2017-06-28 04:23:59', '2017-06-28 04:23:59'),
(11900055, 2, 5300001, 0, 0, 0, 'follow-up', '2017-06-30', '09:00:00', '09:15:00', 'Return for Check-up', 0, 0, 0, 'null', NULL, '2017-06-28 04:23:59', '2017-06-28 06:25:26'),
(11900056, 2, 200001, 0, 0, 0, 'procedure', '2017-06-30', '14:15:00', '14:30:00', '', 0, 0, 0, 'null', NULL, '2017-06-28 04:23:59', '2017-06-28 08:26:05'),
(11900057, 2, 13, 0, 0, 0, 'follow-up', '2017-06-30', '09:45:00', '10:00:00', 'Return for Check-up', 0, 0, 0, 'null', NULL, '2017-06-28 04:23:59', '2017-06-28 06:25:26');

-- --------------------------------------------------------

--
-- Table structure for table `bmiRecords`
--

CREATE TABLE `bmiRecords` (
  `id` int(10) UNSIGNED NOT NULL,
  `patientID` int(11) DEFAULT NULL,
  `date` date DEFAULT NULL,
  `weight` int(11) DEFAULT NULL,
  `height` int(11) DEFAULT NULL,
  `bmi` int(11) DEFAULT NULL,
  `head` int(11) DEFAULT NULL,
  `chest` int(11) DEFAULT NULL,
  `deleted_at` timestamp NULL DEFAULT NULL,
  `created_at` timestamp NOT NULL DEFAULT '0000-00-00 00:00:00',
  `updated_at` timestamp NOT NULL DEFAULT '0000-00-00 00:00:00'
) ENGINE=InnoDB DEFAULT CHARSET=utf8 COLLATE=utf8_unicode_ci;

-- --------------------------------------------------------

--
-- Table structure for table `cache`
--

CREATE TABLE `cache` (
  `key` varchar(255) COLLATE utf8_unicode_ci NOT NULL,
  `value` text COLLATE utf8_unicode_ci,
  `expiration` int(11) NOT NULL
) ENGINE=InnoDB DEFAULT CHARSET=utf8 COLLATE=utf8_unicode_ci;

-- --------------------------------------------------------

--
-- Table structure for table `chat`
--

CREATE TABLE `chat` (
  `id` int(11) NOT NULL,
  `patientID` int(11) DEFAULT NULL,
  `doctorID` int(11) DEFAULT NULL,
  `sender` varchar(10) DEFAULT NULL,
  `message` varchar(255) DEFAULT NULL,
  `attachment` varchar(100) DEFAULT NULL,
  `time` time DEFAULT NULL,
  `date` date DEFAULT NULL,
  `created_at` datetime DEFAULT CURRENT_TIMESTAMP,
  `updated_at` datetime DEFAULT NULL,
  `deleted_at` datetime DEFAULT NULL
) ENGINE=InnoDB DEFAULT CHARSET=utf8;

--
-- Dumping data for table `chat`
--

INSERT INTO `chat` (`id`, `patientID`, `doctorID`, `sender`, `message`, `attachment`, `time`, `date`, `created_at`, `updated_at`, `deleted_at`) VALUES
(25, 5, 3, 'patient', 'hi', '', '16:01:41', '2016-08-31', '2016-08-31 07:52:54', '2016-08-31 07:52:54', NULL),
(26, 5, 3, 'doctor', 'asdf', '', '15:52:55', '2016-08-31', '2016-08-31 07:52:57', '2016-08-31 07:52:57', NULL),
(27, 5, 3, 'patient', 'ga', '', '16:01:52', '2016-08-31', '2016-08-31 07:53:05', '2016-08-31 07:53:05', NULL),
(28, 5, 3, 'doctor', 'hi', '', '15:53:04', '2016-08-31', '2016-08-31 07:53:05', '2016-08-31 07:53:05', NULL),
(29, 5, 3, 'patient', 'ako ay isang pinoy sa puso at diwa', '', '16:02:05', '2016-08-31', '2016-08-31 07:53:19', '2016-08-31 07:53:19', NULL),
(30, 5, 3, 'doctor', 'quote.xlsx', 'f07b2ff3-d94d-47bf-bba1-d24e87b0a366.xlsx', '11:22:32', '2016-09-01', '2016-09-01 03:22:34', '2016-09-01 03:22:34', NULL),
(31, 5, 3, 'patient', 'hi', '', '11:31:57', '2016-09-01', '2016-09-01 03:23:07', '2016-09-01 03:23:07', NULL),
(32, 5, 3, 'patient', 'settings.gradle', 'c6f741bd-afd1-4868-8b77-0e235602a4c2.gradle', '11:32:08', '2016-09-01', '2016-09-01 03:23:19', '2016-09-01 03:23:19', NULL);

-- --------------------------------------------------------

--
-- Table structure for table `cptCategories`
--

CREATE TABLE `cptCategories` (
  `id` int(10) UNSIGNED NOT NULL,
  `value` varchar(255) COLLATE utf8_unicode_ci DEFAULT NULL,
  `deleted_at` timestamp NULL DEFAULT NULL,
  `created_at` timestamp NOT NULL DEFAULT '0000-00-00 00:00:00',
  `updated_at` timestamp NOT NULL DEFAULT '0000-00-00 00:00:00'
) ENGINE=InnoDB DEFAULT CHARSET=utf8 COLLATE=utf8_unicode_ci;

--
-- Dumping data for table `cptCategories`
--

INSERT INTO `cptCategories` (`id`, `value`, `deleted_at`, `created_at`, `updated_at`) VALUES
(1, 'Adjacent Tissue Transfer or Rearangement', NULL, '2016-12-19 02:33:41', '2016-12-19 02:33:41'),
(2, 'Amputation', NULL, '2016-12-19 02:33:41', '2016-12-19 02:33:41'),
(3, 'Anterior or Anterolateral Approach for Extradural Exploration/Decompression', NULL, '2016-12-19 02:33:41', '2016-12-19 02:33:41'),
(4, 'Arthrodesis', NULL, '2016-12-19 02:33:41', '2016-12-19 02:33:41'),
(5, 'Arthroscopy', NULL, '2016-12-19 02:33:41', '2016-12-19 02:33:41'),
(6, 'Biopsy', NULL, '2016-12-19 02:33:41', '2016-12-19 02:33:41'),
(7, 'Body and Upper Extremity', NULL, '2016-12-19 02:33:41', '2016-12-19 02:33:41'),
(8, 'Burns, Local Treatment', NULL, '2016-12-19 02:33:41', '2016-12-19 02:33:41'),
(9, 'Casts', NULL, '2016-12-19 02:33:41', '2016-12-19 02:33:41'),
(10, 'Catheter Implantation', NULL, '2016-12-19 02:33:41', '2016-12-19 02:33:41'),
(11, 'Destruction, Benign or Premalignant Lesions', NULL, '2016-12-19 02:33:41', '2016-12-19 02:33:41'),
(12, 'Destruction, Malignant Lesions, Any method', NULL, '2016-12-19 02:33:41', '2016-12-19 02:33:41'),
(13, 'Excision', NULL, '2016-12-19 02:33:41', '2016-12-19 02:33:41'),
(14, 'Excision by Laminectomy of Lesion Other Than Herniated Disk', NULL, '2016-12-19 02:33:41', '2016-12-19 02:33:41'),
(15, 'Excision, Anterior or Anterolateral Approach, Intraspinal Lesion', NULL, '2016-12-19 02:33:41', '2016-12-19 02:33:41'),
(16, 'Excision- Malignant Lesions', NULL, '2016-12-19 02:33:41', '2016-12-19 02:33:41'),
(17, 'Excision-Benign Lesions', NULL, '2016-12-19 02:33:41', '2016-12-19 02:33:41'),
(18, 'Excision-Debridement', NULL, '2016-12-19 02:33:41', '2016-12-19 02:33:41'),
(19, 'Femur (Thigh Region) and Knee Joint', NULL, '2016-12-19 02:33:41', '2016-12-19 02:33:41'),
(20, 'Flaps (Skin and/or Deep Tissue)', NULL, '2016-12-19 02:33:41', '2016-12-19 02:33:41'),
(21, 'Foot & Toes', NULL, '2016-12-19 02:33:41', '2016-12-19 02:33:41'),
(22, 'Forearm & Wrist', NULL, '2016-12-19 02:33:41', '2016-12-19 02:33:41'),
(23, 'Fracture and/or Dislocation', NULL, '2016-12-19 02:33:41', '2016-12-19 02:33:41'),
(24, 'Free Skin Grafts', NULL, '2016-12-19 02:33:41', '2016-12-19 02:33:41'),
(25, 'General', NULL, '2016-12-19 02:33:41', '2016-12-19 02:33:41'),
(26, 'Grafts (or Implants)', NULL, '2016-12-19 02:33:41', '2016-12-19 02:33:41'),
(27, 'Hands & Fingers', NULL, '2016-12-19 02:33:41', '2016-12-19 02:33:41'),
(28, 'Humerus (Upper Arm) and Elbow', NULL, '2016-12-19 02:33:41', '2016-12-19 02:33:41'),
(29, 'Incision', NULL, '2016-12-19 02:33:41', '2016-12-19 02:33:41'),
(30, 'Incision and drainage', NULL, '2016-12-19 02:33:41', '2016-12-19 02:33:41'),
(31, 'Injection, Drainage or Aspiration', NULL, '2016-12-19 02:33:41', '2016-12-19 02:33:41'),
(32, 'Introduction or removal', NULL, '2016-12-19 02:33:41', '2016-12-19 02:33:41'),
(33, 'Leg (Tibia And Fibula) and Ankle Joint', NULL, '2016-12-19 02:33:41', '2016-12-19 02:33:41'),
(34, 'Manipulation', NULL, '2016-12-19 02:33:41', '2016-12-19 02:33:41'),
(35, 'Nails', NULL, '2016-12-19 02:33:41', '2016-12-19 02:33:41'),
(36, 'Neurostimulators (Spinal)', NULL, '2016-12-19 02:33:41', '2016-12-19 02:33:41'),
(37, 'Other Flaps and Grafts', NULL, '2016-12-19 02:33:41', '2016-12-19 02:33:41'),
(38, 'Other Procedures', NULL, '2016-12-19 02:33:41', '2016-12-19 02:33:41'),
(39, 'Paring or Curettement', NULL, '2016-12-19 02:33:41', '2016-12-19 02:33:41'),
(40, 'Pelvis & Hip Joint', NULL, '2016-12-19 02:33:41', '2016-12-19 02:33:41'),
(41, 'Posterior Extradural Laminotomy or Laminectomy for Exploration/Decompression of Neural Elements or Excision of Herniated Intervetebral Disks', NULL, '2016-12-19 02:33:41', '2016-12-19 02:33:41'),
(42, 'Pressure Ulcers (Decubitus Ulcers)', NULL, '2016-12-19 02:33:41', '2016-12-19 02:33:41'),
(43, 'Repair', NULL, '2016-12-19 02:33:41', '2016-12-19 02:33:41'),
(44, 'Repair, Revision, and/or Reconstruction', NULL, '2016-12-19 02:33:41', '2016-12-19 02:33:41'),
(45, 'Replantation', NULL, '2016-12-19 02:33:41', '2016-12-19 02:33:41'),
(46, 'Reservior/Pump Implantation', NULL, '2016-12-19 02:33:41', '2016-12-19 02:33:41'),
(47, 'Shaving of Epidermal or Dermal Lesions', NULL, '2016-12-19 02:33:41', '2016-12-19 02:33:41'),
(48, 'Shoulder', NULL, '2016-12-19 02:33:41', '2016-12-19 02:33:41'),
(49, 'Shunt, Spinal CSF', NULL, '2016-12-19 02:33:41', '2016-12-19 02:33:41'),
(50, 'Skin, Subcutaneous and Accessory Structures', NULL, '2016-12-19 02:33:41', '2016-12-19 02:33:41'),
(51, 'Spine and Spinal Cord', NULL, '2016-12-19 02:33:41', '2016-12-19 02:33:41'),
(52, 'Stereotaxis', NULL, '2016-12-19 02:33:41', '2016-12-19 02:33:41'),
(53, 'Transpedicular or Costovertebral Approach for Posterolateral Extradural Exploration/Decompression', NULL, '2016-12-19 02:33:41', '2016-12-19 02:33:41');

-- --------------------------------------------------------

--
-- Table structure for table `cpts`
--

CREATE TABLE `cpts` (
  `id` int(10) UNSIGNED NOT NULL,
  `cptCategoriesID` int(11) DEFAULT NULL,
  `description` text COLLATE utf8_unicode_ci,
  `code` varchar(11) COLLATE utf8_unicode_ci DEFAULT NULL,
  `version` varchar(32) COLLATE utf8_unicode_ci DEFAULT '1',
  `classification` enum('minor','major') COLLATE utf8_unicode_ci DEFAULT 'major',
  `subCptCategories1ID` varchar(255) COLLATE utf8_unicode_ci DEFAULT NULL,
  `subCptCategories2ID` varchar(255) COLLATE utf8_unicode_ci DEFAULT NULL,
  `subCptCategories3ID` varchar(255) COLLATE utf8_unicode_ci DEFAULT NULL,
  `subCptCategories4ID` varchar(255) COLLATE utf8_unicode_ci DEFAULT NULL,
  `deleted_at` timestamp NULL DEFAULT NULL,
  `created_at` timestamp NOT NULL DEFAULT '0000-00-00 00:00:00',
  `updated_at` timestamp NOT NULL DEFAULT '0000-00-00 00:00:00'
) ENGINE=InnoDB DEFAULT CHARSET=utf8 COLLATE=utf8_unicode_ci;

--
-- Dumping data for table `cpts`
--

INSERT INTO `cpts` (`id`, `cptCategoriesID`, `description`, `code`, `version`, `classification`, `subCptCategories1ID`, `subCptCategories2ID`, `subCptCategories3ID`, `subCptCategories4ID`, `deleted_at`, `created_at`, `updated_at`) VALUES
(1, 22, 'Decompression fasciotomy, forearm and/or wrist; flexor or extensor compartment', '25020', '1', 'major', '29', NULL, NULL, NULL, NULL, '2016-12-19 02:33:40', '2016-12-19 02:33:40'),
(2, 40, 'Incision, deep, w/ opening of bone cortex (eg, for osteomyelitis or bone abscess), pelvis and/or hip joint', '26992', '1', 'major', '29', NULL, NULL, NULL, NULL, '2016-12-19 02:33:40', '2016-12-19 02:33:40'),
(3, 28, 'open, circular (guillotine)', '24920', '1', 'major', '0', NULL, NULL, NULL, NULL, '2016-12-19 02:33:40', '2016-12-19 02:33:40'),
(4, 28, 'secondary closure or scar revision', '24925', '1', 'major', '0', NULL, NULL, NULL, NULL, '2016-12-19 02:33:40', '2016-12-19 02:33:40'),
(5, 28, 'Amputation, arm through humerus; w/ primary closure', '24900', '1', 'major', '0', NULL, NULL, NULL, NULL, '2016-12-19 02:33:40', '2016-12-19 02:33:40'),
(6, 28, 'Multiple osteotomies w/ realignment on intramedullary rod, humeral shaft (Sofield type procedure)', '24410', '1', 'major', '0', NULL, NULL, NULL, NULL, '2016-12-19 02:33:40', '2016-12-19 02:33:40'),
(7, 28, 'Repair of nounion or malunion, humerus; w/o graft (eg, compression technique', '24430', '1', 'major', '0', NULL, NULL, NULL, NULL, '2016-12-19 02:33:40', '2016-12-19 02:33:40'),
(8, 28, 'w/ iliac or other autograft (includes obtaining graft)', '24435', '1', 'major', '0', NULL, NULL, NULL, NULL, '2016-12-19 02:33:40', '2016-12-19 02:33:40'),
(9, 28, 'Decompression fasciotomy, forearm, w/ brachial artery exploration', '24495', '1', 'major', '0', NULL, NULL, NULL, NULL, '2016-12-19 02:33:40', '2016-12-19 02:33:40'),
(10, 28, 'Prophylactic treatment (nailing, pinning, plating or wiring), w/ or w/o methylmethacrylate, humerus', '24498', '1', 'major', '0', NULL, NULL, NULL, NULL, '2016-12-19 02:33:40', '2016-12-19 02:33:40'),
(11, 28, 'Resection of elbow joint (arthrectomy)', '24155', '1', 'major', '0', NULL, NULL, NULL, NULL, '2016-12-19 02:33:40', '2016-12-19 02:33:40'),
(12, 28, 'Implant removal; elbow joint', '24160', '1', 'major', '0', NULL, NULL, NULL, NULL, '2016-12-19 02:33:40', '2016-12-19 02:33:40'),
(13, 28, 'radial head', '24164', '1', 'major', '0', NULL, NULL, NULL, NULL, '2016-12-19 02:33:40', '2016-12-19 02:33:40'),
(14, 28, 'Removal of foreign body, upper arm or elbow area; subcutaneous', '24200', '1', 'major', '0', NULL, NULL, NULL, NULL, '2016-12-19 02:33:40', '2016-12-19 02:33:40'),
(15, 0, 'deep', '24201', '1', 'major', '0', NULL, NULL, NULL, NULL, '2016-12-19 02:33:40', '2016-12-19 02:33:40'),
(16, 0, 'Injection procedure for elbow arthrography', '24220', '1', 'major', '0', NULL, NULL, NULL, NULL, '2016-12-19 02:33:40', '2016-12-19 02:33:40'),
(17, 0, 'Injection of sinus tract; diagnostic (sinogram)', '20501', '1', 'major', '0', NULL, NULL, NULL, NULL, '2016-12-19 02:33:40', '2016-12-19 02:33:40'),
(18, 28, 'Fasciotomy, lateral or medial (eg, \'tennis elbow\' or epicondylitis);', '24350', '1', 'major', '0', NULL, NULL, NULL, NULL, '2016-12-19 02:33:40', '2016-12-19 02:33:40'),
(19, 28, 'w/ extensor origin detachment', '24351', '1', 'major', '0', NULL, NULL, NULL, NULL, '2016-12-19 02:33:40', '2016-12-19 02:33:40'),
(20, 28, 'w/ annular ligament resection', '24352', '1', 'major', '0', NULL, NULL, NULL, NULL, '2016-12-19 02:33:40', '2016-12-19 02:33:40'),
(21, 28, 'w/ stripping', '24354', '1', 'major', '0', NULL, NULL, NULL, NULL, '2016-12-19 02:33:40', '2016-12-19 02:33:40'),
(22, 28, 'w/ partial ostectomy', '24356', '1', 'major', '0', NULL, NULL, NULL, NULL, '2016-12-19 02:33:40', '2016-12-19 02:33:40'),
(23, 28, 'Osteotomy, humerus, w/ or w/o internal fixation', '24400', '1', 'major', '0', NULL, NULL, NULL, NULL, '2016-12-19 02:33:40', '2016-12-19 02:33:40'),
(24, 25, 'Bone graft, any donor area; minor or small (eg, dowel or button)', '20900', '1', 'major', '26', NULL, NULL, NULL, NULL, '2016-12-19 02:33:40', '2016-12-19 02:33:40'),
(25, 25, 'Bone graft, any donor area; major or large', '20902', '1', 'major', '26', NULL, NULL, NULL, NULL, '2016-12-19 02:33:40', '2016-12-19 02:33:40'),
(26, 25, 'Bone graft w/ microvascular anastomosis; fibula', '20955', '1', 'major', '38', NULL, NULL, NULL, NULL, '2016-12-19 02:33:40', '2016-12-19 02:33:40'),
(27, 25, 'Bone graft w/ microvascular anastomosis; iliac crest', '20956', '1', 'major', '38', NULL, NULL, NULL, NULL, '2016-12-19 02:33:40', '2016-12-19 02:33:40'),
(28, 48, 'Removal of subdeltoid (or intratendinous) calcareous deposits, open method', '23000', '1', 'major', '29', NULL, NULL, NULL, NULL, '2016-12-19 02:33:40', '2016-12-19 02:33:40'),
(29, 48, 'Incision and drainage, shoulder area; deep abscess or hematoma', '23030', '1', 'major', '29', NULL, NULL, NULL, NULL, '2016-12-19 02:33:40', '2016-12-19 02:33:40'),
(30, 48, 'Incision, deep, w/ opening of cortex (eg, for osteomyelitis or bone abscess), shoulder area', '23035', '1', 'major', '29', NULL, NULL, NULL, NULL, '2016-12-19 02:33:40', '2016-12-19 02:33:40'),
(31, 48, 'Arthrotomy, glenohumeral joint, for infection, w/ exploration, drainage, or removal of foreign body', '23040', '1', 'major', '29', NULL, NULL, NULL, NULL, '2016-12-19 02:33:40', '2016-12-19 02:33:40'),
(32, 48, 'Biopsy, soft tissue of shoulder area; superficial ', '23065', '1', 'major', '13', NULL, NULL, NULL, NULL, '2016-12-19 02:33:40', '2016-12-19 02:33:40'),
(33, 48, 'Biopsy, soft tissue of shoulder area; deep', '23066', '1', 'major', '13', NULL, NULL, NULL, NULL, '2016-12-19 02:33:40', '2016-12-19 02:33:40'),
(34, 48, 'Excision, tumor, shoulder area; subcutaneous', '23075', '1', 'major', '13', NULL, NULL, NULL, NULL, '2016-12-19 02:33:40', '2016-12-19 02:33:40'),
(35, 48, 'Excision, tumor, shoulder area; deep, subfascial, or intamuscular', '23076', '1', 'major', '13', NULL, NULL, NULL, NULL, '2016-12-19 02:33:40', '2016-12-19 02:33:40'),
(36, 48, 'Arthrotomy w/ biopsy, glenohumeral joint', '23100', '1', 'major', '13', NULL, NULL, NULL, NULL, '2016-12-19 02:33:40', '2016-12-19 02:33:40'),
(37, 48, 'Arthrotomy w/ biopsy, or w/ excision of torn cartilage, acromioclavicular, sternoclavicular joint', '23101', '1', 'major', '13', NULL, NULL, NULL, NULL, '2016-12-19 02:33:40', '2016-12-19 02:33:40'),
(38, 48, 'Acromioplasty or acromionectomy, partial', '23130', '1', 'major', '13', NULL, NULL, NULL, NULL, '2016-12-19 02:33:40', '2016-12-19 02:33:40'),
(39, 48, 'Sequestrectomy (eg, for osteomyelitis or bone abscess), humeral head to surgical neck', '23174', '1', 'major', '13', NULL, NULL, NULL, NULL, '2016-12-19 02:33:40', '2016-12-19 02:33:40'),
(40, 48, 'Partial excision (craterization, suacerization, or diaphysectomy) of bone (eg, for osteomyelitis), proximal humerus', '23184', '1', 'major', '13', NULL, NULL, NULL, NULL, '2016-12-19 02:33:40', '2016-12-19 02:33:40'),
(41, 48, 'Radical resection for tumor; clavicle ', '23200', '1', 'major', '13', NULL, NULL, NULL, NULL, '2016-12-19 02:33:40', '2016-12-19 02:33:40'),
(42, 48, 'Radical resection for tumor; scapula', '23210', '1', 'major', '13', NULL, NULL, NULL, NULL, '2016-12-19 02:33:40', '2016-12-19 02:33:40'),
(43, 48, 'Repair of ruptured musculotendinous cuff (eg, rotator cuff); acute', '23410', '1', 'major', '44', NULL, NULL, NULL, NULL, '2016-12-19 02:33:40', '2016-12-19 02:33:40'),
(44, 48, 'Repair of ruptured musculotendinous cuff (eg, rotator cuff);  chronic', '23412', '1', 'major', '44', NULL, NULL, NULL, NULL, '2016-12-19 02:33:40', '2016-12-19 02:33:40'),
(45, 48, 'Coracoacromial ligament release, w/ or w/o acromioplasty', '23415', '1', 'major', '44', NULL, NULL, NULL, NULL, '2016-12-19 02:33:40', '2016-12-19 02:33:40'),
(46, 48, 'Repair of complete shoulder (rotator) cuff avulsion, chronic (includes acromioplasty)', '23420', '1', 'major', '44', NULL, NULL, NULL, NULL, '2016-12-19 02:33:40', '2016-12-19 02:33:40'),
(47, 48, 'Capsulorrhaphy, anterior; Putti-Platt procedure or Magnuson type operation', '23450', '1', 'major', '44', NULL, NULL, NULL, NULL, '2016-12-19 02:33:40', '2016-12-19 02:33:40'),
(48, 48, 'Bankart type operation w/ or w/o stapling', '23455', '1', 'major', '44', NULL, NULL, NULL, NULL, '2016-12-19 02:33:40', '2016-12-19 02:33:40'),
(49, 48, 'Capsulorrhaphy for recurrent dislocation, posterior, w/ or w/o bone block', '23465', '1', 'major', '44', NULL, NULL, NULL, NULL, '2016-12-19 02:33:40', '2016-12-19 02:33:40'),
(50, 48, 'Capsulorrhaphy w/ any type multi-directional instability', '23466', '1', 'major', '44', NULL, NULL, NULL, NULL, '2016-12-19 02:33:40', '2016-12-19 02:33:40'),
(51, 48, 'Manipulation under anesthesia, shoulder joint, including appliction of fixation apparatus (dislocation excluded)', '23700', '1', 'major', '34', NULL, NULL, NULL, NULL, '2016-12-19 02:33:40', '2016-12-19 02:33:40'),
(52, 28, 'Incision and drainage, upper arm or elbow area; deep abscess or hematoma', '23930', '1', 'major', '0', NULL, NULL, NULL, NULL, '2016-12-19 02:33:40', '2016-12-19 02:33:40'),
(53, 28, 'Incision, deep, w/ opening of bone cortex (eg, for osteomyelitis of bone abscess), humerus or elbow', '23935', '1', 'major', '0', NULL, NULL, NULL, NULL, '2016-12-19 02:33:40', '2016-12-19 02:33:40'),
(54, 28, 'Arthrotomy, elbow, for infection, w/ exploration, drainage or removal of foreign body', '24000', '1', 'major', '0', NULL, NULL, NULL, NULL, '2016-12-19 02:33:40', '2016-12-19 02:33:40'),
(55, 28, 'Excision, olecranon bursa', '24105', '1', 'major', '0', NULL, NULL, NULL, NULL, '2016-12-19 02:33:40', '2016-12-19 02:33:40'),
(56, 28, 'Excision, radial head', '24130', '1', 'major', '0', NULL, NULL, NULL, NULL, '2016-12-19 02:33:40', '2016-12-19 02:33:40'),
(57, 28, 'Sequestrectomy (eg, for osteomyelitis or bone abscess), shaft or distal humerus', '24134', '1', 'major', '0', NULL, NULL, NULL, NULL, '2016-12-19 02:33:40', '2016-12-19 02:33:40'),
(58, 28, 'Sequestrectomy (eg, for osteomyelitis or bone abscess), radial head or neck', '24136', '1', 'major', '0', NULL, NULL, NULL, NULL, '2016-12-19 02:33:40', '2016-12-19 02:33:40'),
(59, 28, 'Sequestrectomy (eg, for osteomyelitis or bone abscess), olecranon process', '24138', '1', 'major', '0', NULL, NULL, NULL, NULL, '2016-12-19 02:33:40', '2016-12-19 02:33:40'),
(60, 28, 'Partial excision (craterization, saucerization, or diaphysectomy) of bone (eg, for osteomyelitis), humerus', '24140', '1', 'major', '0', NULL, NULL, NULL, NULL, '2016-12-19 02:33:40', '2016-12-19 02:33:40'),
(61, 28, 'Partial excision (craterization, saucerization, or diaphysectomy) of bone (eg, for osteomyelitis), radial head or neck', '24145', '1', 'major', '0', NULL, NULL, NULL, NULL, '2016-12-19 02:33:40', '2016-12-19 02:33:40'),
(62, 28, 'Partial excision (craterization, saucerization, or diaphysectomy) of bone (eg, for osteomyelitis), olecranon process', '24147', '1', 'major', '0', NULL, NULL, NULL, NULL, '2016-12-19 02:33:40', '2016-12-19 02:33:40'),
(63, 25, 'Removal, under anesthesia, of external fixation system', '20694', '1', 'major', '32', NULL, NULL, NULL, NULL, '2016-12-19 02:33:40', '2016-12-19 02:33:40'),
(64, 40, 'Incision and drainage, pelvis or hip joint area; infected bursa', '26991', '1', 'major', '29', NULL, NULL, NULL, NULL, '2016-12-19 02:33:40', '2016-12-19 02:33:40'),
(65, 22, 'Amputation, forearm, through, radius and ulna; open, circular (guillotine)', '25905', '1', 'major', '2', NULL, NULL, NULL, NULL, '2016-12-19 02:33:40', '2016-12-19 02:33:40'),
(66, 22, 'Amputation, forearm, through, radius and ulna; secondary closure or scar revision', '25907', '1', 'major', '2', NULL, NULL, NULL, NULL, '2016-12-19 02:33:40', '2016-12-19 02:33:40'),
(67, 22, 'Amputation, forearm, through, radius and ulna; re-amputation', '25909', '1', 'major', '2', NULL, NULL, NULL, NULL, '2016-12-19 02:33:40', '2016-12-19 02:33:40'),
(68, 40, 'Incision and drainage, pelvis or hip joint area; deep abscess or hematoma', '26990', '1', 'major', '29', NULL, NULL, NULL, NULL, '2016-12-19 02:33:40', '2016-12-19 02:33:40'),
(69, 22, 'w/ debridement of nonviable muscle and/or nerve', '25023', '1', 'major', '29', NULL, NULL, NULL, NULL, '2016-12-19 02:33:40', '2016-12-19 02:33:40'),
(70, 22, 'Incision and drainage, forearm and/or wrist; deep abscess or hematoma', '25028', '1', 'major', '29', NULL, NULL, NULL, NULL, '2016-12-19 02:33:40', '2016-12-19 02:33:40'),
(71, 22, 'Incision, deep, w/ opening of bone cortex (eg, for osteomyelitis or bone abscess), forearm and/or wrist', '25035', '1', 'major', '29', NULL, NULL, NULL, NULL, '2016-12-19 02:33:40', '2016-12-19 02:33:40'),
(72, 22, 'Biopsy, soft tissue of forearm and/or wrist; superficial', '25065', '1', 'major', '13', NULL, NULL, NULL, NULL, '2016-12-19 02:33:40', '2016-12-19 02:33:40'),
(73, 22, 'Biopsy, soft tissue of forearm and/or wrist; deep', '25066', '1', 'major', '13', NULL, NULL, NULL, NULL, '2016-12-19 02:33:40', '2016-12-19 02:33:40'),
(74, 22, 'Excision, tumor, forearm and/or wrist area; subcutaneous', '25075', '1', 'major', '13', NULL, NULL, NULL, NULL, '2016-12-19 02:33:40', '2016-12-19 02:33:40'),
(75, 22, 'Excision, tumor, forearm and/or wrist area; deep, subfascial or intramuscular', '25076', '1', 'major', '13', NULL, NULL, NULL, NULL, '2016-12-19 02:33:40', '2016-12-19 02:33:40'),
(76, 22, 'Excision of ganglion, wrist (dorsal or volar); primary', '25111', '1', 'major', '13', NULL, NULL, NULL, NULL, '2016-12-19 02:33:40', '2016-12-19 02:33:40'),
(77, 22, 'Excision of ganglion, wrist (dorsal or volar); recurrent', '25112', '1', 'major', '13', NULL, NULL, NULL, NULL, '2016-12-19 02:33:40', '2016-12-19 02:33:40'),
(78, 22, 'Radical excision of bursa, synovia of wrist, or forearm tendon sheaths (eg, tenosynovitis, fungus, Tbc, or other granulomas, rheumatoid arthritis); flexors', '25115', '1', 'major', '13', NULL, NULL, NULL, NULL, '2016-12-19 02:33:40', '2016-12-19 02:33:40'),
(79, 22, 'Radical excision of bursa, synovia of wrist, or forearm tendon sheaths (eg, tenosynovitis, fungus, Tbc, or other granulomas, rheumatoid arthritis); extensors, w/ or w/o transposition of dorsal retinaculum', '25116', '1', 'major', '13', NULL, NULL, NULL, NULL, '2016-12-19 02:33:40', '2016-12-19 02:33:40'),
(80, 22, 'Synovectomy, extensor tendon sheath, wrist, single compartment;', '25118', '1', 'major', '13', NULL, NULL, NULL, NULL, '2016-12-19 02:33:40', '2016-12-19 02:33:40'),
(81, 22, 'Sequestrectomy (eg, for osteomyelitis or bone abscess), forearm and/or wrist', '25145', '1', 'major', '13', NULL, NULL, NULL, NULL, '2016-12-19 02:33:40', '2016-12-19 02:33:40'),
(82, 22, 'Partial excision (craterization, saucerization, or diaphysectomy) of bone (eg, for osteomyelitis); ulna', '25150', '1', 'major', '13', NULL, NULL, NULL, NULL, '2016-12-19 02:33:40', '2016-12-19 02:33:40'),
(83, 22, 'Partial excision (craterization, saucerization, or diaphysectomy) of bone (eg, for osteomyelitis); radius', '25151', '1', 'major', '13', NULL, NULL, NULL, NULL, '2016-12-19 02:33:40', '2016-12-19 02:33:40'),
(84, 22, 'Repair of nonunion or malunion, radius OR ulna; w/o graft (compression technique)', '25400', '1', 'major', '44', NULL, NULL, NULL, NULL, '2016-12-19 02:33:40', '2016-12-19 02:33:40'),
(85, 22, 'Repair of nonunion or malunion, radius OR ulna; w/ iliac or other autograft (includes obtaining graft)', '25405', '1', 'major', '44', NULL, NULL, NULL, NULL, '2016-12-19 02:33:40', '2016-12-19 02:33:40'),
(86, 22, 'Repair of nonunion or malunion, radius AND ulna; w/o graft (e.g. compression technique)', '25415', '1', 'major', '44', NULL, NULL, NULL, NULL, '2016-12-19 02:33:40', '2016-12-19 02:33:40'),
(87, 22, 'Repair of nonunion or malunion, radius AND ulna; w/ iliac or other autograft (includes obtaining graft)', '25420', '1', 'major', '44', NULL, NULL, NULL, NULL, '2016-12-19 02:33:40', '2016-12-19 02:33:40'),
(88, 22, 'Amputation, forearm, through, radius and ulna;', '25900', '1', 'major', '2', NULL, NULL, NULL, NULL, '2016-12-19 02:33:40', '2016-12-19 02:33:40'),
(89, 25, 'Adjustment or revision of external fixation system requiring anesthesia (eg, new pin(s) or wire(s) and/or new ring(s) or bar(s)', '20693', '1', 'major', '32', NULL, NULL, NULL, NULL, '2016-12-19 02:33:40', '2016-12-19 02:33:40'),
(90, 25, 'Arthrocentesis, aspiration and/or injection; major joint or bursa (eg, shoulder, hip, knee joint, subacromial bursa)', '20610', '1', 'major', '32', NULL, NULL, NULL, NULL, '2016-12-19 02:33:40', '2016-12-19 02:33:40'),
(91, 25, 'Removal of implant; superficial (eg, buried wire, pin or rod) ', '20670', '1', 'major', '32', NULL, NULL, NULL, NULL, '2016-12-19 02:33:40', '2016-12-19 02:33:40'),
(92, 25, 'Removal of implant; deep (eg, buried wire, pin, screw, metal band, nail, rod or plate)', '20680', '1', 'major', '32', NULL, NULL, NULL, NULL, '2016-12-19 02:33:40', '2016-12-19 02:33:40'),
(93, 25, 'Application of a uniplane (pins or wires in one plane), unilateral, external fixation system', '20690', '1', 'major', '32', NULL, NULL, NULL, NULL, '2016-12-19 02:33:40', '2016-12-19 02:33:40'),
(94, 25, 'Application of multiplane (pins or wires in more than one plane), unilateral, external fixation system (eg, llizarov, Monticelli type)', '20692', '1', 'major', '32', NULL, NULL, NULL, NULL, '2016-12-19 02:33:40', '2016-12-19 02:33:40'),
(95, 25, 'Biopsy, bone, trocar, or needle; deep (vertebral body, femur)', '20225', '1', 'major', '13', NULL, NULL, NULL, NULL, '2016-12-19 02:33:40', '2016-12-19 02:33:40'),
(96, 25, 'Biopsy, excisional; superficial (eg, ilium, sternum, spinous process, ribs, trochanter of femur)', '20240', '1', 'major', '13', NULL, NULL, NULL, NULL, '2016-12-19 02:33:40', '2016-12-19 02:33:40'),
(97, 25, 'Biopsy, excisional; deep (eg, humerus, ischium, femur)', '20245', '1', 'major', '13', NULL, NULL, NULL, NULL, '2016-12-19 02:33:40', '2016-12-19 02:33:40'),
(98, 25, 'Injection, tendon sheath, ligament, trigger points or ganglion cyst', '20550', '1', 'major', '32', NULL, NULL, NULL, NULL, '2016-12-19 02:33:40', '2016-12-19 02:33:40'),
(99, 25, 'Arthrocentesis, aspiration and/or injection; small joint, bursa or ganglion cyst (eg, fingers, toes)', '20600', '1', 'major', '32', NULL, NULL, NULL, NULL, '2016-12-19 02:33:40', '2016-12-19 02:33:40'),
(100, 25, 'Arthrocentesis, aspiration and/or injection; intermediate joint, bursa or ganglion cyst (eg, temporomandibular, acromioclavicular, wrist, elbow or ankle, olecranon bursa)', '20605', '1', 'major', '32', NULL, NULL, NULL, NULL, '2016-12-19 02:33:40', '2016-12-19 02:33:40'),
(101, 0, 'Incision of soft tissue abscess (eg, secondary to osteomyelitis); superficial', '20000', '1', 'major', '0', NULL, NULL, NULL, NULL, '2016-12-19 02:33:40', '2016-12-19 02:33:40'),
(102, 0, 'deep or complicated', '20005', '1', 'major', '0', NULL, NULL, NULL, NULL, '2016-12-19 02:33:40', '2016-12-19 02:33:40'),
(103, 25, 'Biopsy, muscle; superficial', '20200', '1', 'major', '13', NULL, NULL, NULL, NULL, '2016-12-19 02:33:40', '2016-12-19 02:33:40'),
(104, 25, 'Biopsy, muscle, percutaneous needle', '20206', '1', 'major', '13', NULL, NULL, NULL, NULL, '2016-12-19 02:33:40', '2016-12-19 02:33:40'),
(105, 25, 'Biopsy, bone, trocar, or needle; superficial (eg, ilium, sternum, spinous process, ribs)', '20220', '1', 'major', '13', NULL, NULL, NULL, NULL, '2016-12-19 02:33:40', '2016-12-19 02:33:40'),
(106, 40, 'Arthrotomy, hip, for infection, w/ drainage', '27030', '1', 'major', '29', NULL, NULL, NULL, NULL, '2016-12-19 02:33:40', '2016-12-19 02:33:40'),
(107, 40, 'Arthrotomy, hip, w/ exploration or removal of loose or foreign body', '27033', '1', 'major', '29', NULL, NULL, NULL, NULL, '2016-12-19 02:33:40', '2016-12-19 02:33:40'),
(108, 40, 'Biopsy, soft tissue of pelvis and hip area; superficial', '27040', '1', 'major', '13', NULL, NULL, NULL, NULL, '2016-12-19 02:33:40', '2016-12-19 02:33:40'),
(109, 40, 'Biopsy, soft tissue of pelvis and hip area; deep', '27041', '1', 'major', '13', NULL, NULL, NULL, NULL, '2016-12-19 02:33:40', '2016-12-19 02:33:40'),
(110, 40, 'Excision, tumor, pelvis and hip area; subcutaneous', '27047', '1', 'major', '13', NULL, NULL, NULL, NULL, '2016-12-19 02:33:40', '2016-12-19 02:33:40'),
(111, 40, 'Excision, tumor, pelvis and hip area; deep, subfascial, intramuscular', '27048', '1', 'major', '13', NULL, NULL, NULL, NULL, '2016-12-19 02:33:40', '2016-12-19 02:33:40'),
(112, 40, 'Radical resection of tumor (eg, malignant neoplasm), soft tissue of pelvis and hip area', '27049', '1', 'major', '13', NULL, NULL, NULL, NULL, '2016-12-19 02:33:40', '2016-12-19 02:33:40'),
(113, 40, 'Removal of foreign body, pelvis or hip; subcutaneous tissue', '27086', '1', 'major', '32', NULL, NULL, NULL, NULL, '2016-12-19 02:33:40', '2016-12-19 02:33:40'),
(114, 40, 'Removal of foreign body, pelvis or hip; deep', '27087', '1', 'major', '32', NULL, NULL, NULL, NULL, '2016-12-19 02:33:40', '2016-12-19 02:33:40'),
(115, 40, 'Removal of hip prosthesis; (separate procedure)', '27090', '1', 'major', '32', NULL, NULL, NULL, NULL, '2016-12-19 02:33:40', '2016-12-19 02:33:40'),
(116, 40, 'Removal of hip prosthesis; complicated, including \'total hip\' and methlmethacrylate, when applicable', '27091', '1', 'major', '32', NULL, NULL, NULL, NULL, '2016-12-19 02:33:40', '2016-12-19 02:33:40'),
(117, 40, 'Acetabuloplasty; (eg, Whitman, Colonna, Haygroves, or cup type)', '27120', '1', 'major', '44', NULL, NULL, NULL, NULL, '2016-12-19 02:33:40', '2016-12-19 02:33:40'),
(118, 40, 'Acetabuloplasty; resection femoral head (Girdlestone procedure)', '27122', '1', 'major', '44', NULL, NULL, NULL, NULL, '2016-12-19 02:33:40', '2016-12-19 02:33:40'),
(119, 40, 'Partial hip replacement, prosthesis (eg, femoral stem prosthesis, bipolar arthroplasty)', '27125', '1', 'major', '44', NULL, NULL, NULL, NULL, '2016-12-19 02:33:40', '2016-12-19 02:33:40'),
(120, 40, 'Arthroplasty, acetabular and proximal femoral prosthetic replacement (total hip replacement), w/ or w/o autograft or allograft', '27130', '1', 'major', '44', NULL, NULL, NULL, NULL, '2016-12-19 02:33:40', '2016-12-19 02:33:40'),
(121, 40, 'Conversion of previous hip surgery to total hip replacement, w/ or w/o autograft or allograft', '27132', '1', 'major', '44', NULL, NULL, NULL, NULL, '2016-12-19 02:33:40', '2016-12-19 02:33:40'),
(122, 40, 'Revision of total hip arthroplasty; both components, w/ or w/o autograft or allograft', '27134', '1', 'major', '44', NULL, NULL, NULL, NULL, '2016-12-19 02:33:40', '2016-12-19 02:33:40'),
(123, 40, 'Revision of total hip arthroplasty; acetabular component only, w/ or w/o autograft or allograft', '27137', '1', 'major', '44', NULL, NULL, NULL, NULL, '2016-12-19 02:33:40', '2016-12-19 02:33:40'),
(124, 40, 'Revision of total hip arthroplasty; femoral component only, w/ or w/o allograft', '27138', '1', 'major', '44', NULL, NULL, NULL, NULL, '2016-12-19 02:33:40', '2016-12-19 02:33:40'),
(125, 40, 'Osteotomy , iliac, acetabular or innominate bone;', '27146', '1', 'major', '44', NULL, NULL, NULL, NULL, '2016-12-19 02:33:40', '2016-12-19 02:33:40'),
(126, 40, 'Osteotomy , iliac, acetabular or innominate bone; w/ open reduction of hip', '27147', '1', 'major', '44', NULL, NULL, NULL, NULL, '2016-12-19 02:33:40', '2016-12-19 02:33:40'),
(127, 40, 'Osteotomy , iliac, acetabular or innominate bone; w/ femoral osteotomy', '27151', '1', 'major', '44', NULL, NULL, NULL, NULL, '2016-12-19 02:33:40', '2016-12-19 02:33:40'),
(128, 40, 'Osteotomy , iliac, acetabular or innominate bone; w/ femoral osteotomy and w/ open reduction of hip', '27156', '1', 'major', '44', NULL, NULL, NULL, NULL, '2016-12-19 02:33:40', '2016-12-19 02:33:40'),
(129, 40, 'Osteotomy, pelvis, bilateral (eg, for congenital malformation)', '27158', '1', 'major', '44', NULL, NULL, NULL, NULL, '2016-12-19 02:33:40', '2016-12-19 02:33:40'),
(130, 40, 'Prophylactic treatment (nailing, pinning, plating, or wiring) w/ or w/o methylmethacrylate, femoral neck and proximal femur', '27187', '1', 'major', '44', NULL, NULL, NULL, NULL, '2016-12-19 02:33:40', '2016-12-19 02:33:40'),
(131, 40, 'Treatment of spontaneous hip dislocation (developmental, including congenital or pathological), by abduction, splint or traction; w/o anesthesia, w/o manipulation', '27256', '1', 'major', '23', NULL, NULL, NULL, NULL, '2016-12-19 02:33:40', '2016-12-19 02:33:40'),
(132, 40, 'Treatment of spontaneous hip dislocation (developmental, including congenital or pathological), by abduction, splint or traction; w/ manipulation, requiring anesthesia', '27257', '1', 'major', '23', NULL, NULL, NULL, NULL, '2016-12-19 02:33:40', '2016-12-19 02:33:40'),
(133, 40, 'Open treatment of spontaneous hip dislocation (developmental, including congenital or pathological), replacement of femoral head in acetabulum (including tenotomy, etc);', '27258', '1', 'major', '23', NULL, NULL, NULL, NULL, '2016-12-19 02:33:40', '2016-12-19 02:33:40'),
(134, 40, 'Closed treatment of post hip arthroplasty dislocation; w/o anesthesia', '27265', '1', 'major', '23', NULL, NULL, NULL, NULL, '2016-12-19 02:33:40', '2016-12-19 02:33:40'),
(135, 40, 'Closed treatment of post hip arthroplasty dislocation;  requiring regional or general anesthesia', '27266', '1', 'major', '23', NULL, NULL, NULL, NULL, '2016-12-19 02:33:40', '2016-12-19 02:33:40'),
(136, 40, 'Arthrodesis, sacroiliac joint (including obtaining graft)', '27280', '1', 'major', '4', NULL, NULL, NULL, NULL, '2016-12-19 02:33:40', '2016-12-19 02:33:40'),
(137, 40, 'Arthrodesis, symphysis pubis (including obtaining graft)', '27282', '1', 'major', '4', NULL, NULL, NULL, NULL, '2016-12-19 02:33:40', '2016-12-19 02:33:40'),
(138, 40, 'Interpelviabdominal amputation (hindquarter amputation)', '27290', '1', 'major', '2', NULL, NULL, NULL, NULL, '2016-12-19 02:33:40', '2016-12-19 02:33:40'),
(139, 40, 'Disarticulation of hip', '27295', '1', 'major', '2', NULL, NULL, NULL, NULL, '2016-12-19 02:33:40', '2016-12-19 02:33:40'),
(140, 19, 'Incision and drainage of deep abscess, infected bursa, or hematoma, thigh or knee region', '27301', '1', 'major', '0', NULL, NULL, NULL, NULL, '2016-12-19 02:33:40', '2016-12-19 02:33:40'),
(141, 19, 'Incision, deep, w/ opening of bone cortex (eg, for osteomyelitis or bone abscess), femur or knee', '27303', '1', 'major', '0', NULL, NULL, NULL, NULL, '2016-12-19 02:33:40', '2016-12-19 02:33:40'),
(142, 19, 'Fasciotomy, iliotibial (tenotomy), open', '27305', '1', 'major', '0', NULL, NULL, NULL, NULL, '2016-12-19 02:33:40', '2016-12-19 02:33:40'),
(143, 19, 'Arthrotomy, knee, for infection, w/ exploration, drainage or removal of foreign body', '27310', '1', 'major', '0', NULL, NULL, NULL, NULL, '2016-12-19 02:33:40', '2016-12-19 02:33:40'),
(144, 19, 'Biopsy, soft tissue of thigh or knee area; superficial', '27323', '1', 'major', '0', NULL, NULL, NULL, NULL, '2016-12-19 02:33:40', '2016-12-19 02:33:40'),
(145, 0, 'deep', '27324', '1', 'major', '0', NULL, NULL, NULL, NULL, '2016-12-19 02:33:40', '2016-12-19 02:33:40'),
(146, 19, 'Excision, tumor, thigh or knee area; subcutaneous', '27327', '1', 'major', '0', NULL, NULL, NULL, NULL, '2016-12-19 02:33:40', '2016-12-19 02:33:40'),
(147, 19, 'deep, subfascial, or intramuscular', '27328', '1', 'major', '0', NULL, NULL, NULL, NULL, '2016-12-19 02:33:40', '2016-12-19 02:33:40'),
(148, 19, 'Radical resection of tumor (eg, malignant neoplasm), soft tissue of thigh or knee area', '27329', '1', 'major', '0', NULL, NULL, NULL, NULL, '2016-12-19 02:33:40', '2016-12-19 02:33:40'),
(149, 19, 'Arthrotomy, knee; w/ synovial biopsy only', '27330', '1', 'major', '0', NULL, NULL, NULL, NULL, '2016-12-19 02:33:40', '2016-12-19 02:33:40'),
(150, 19, 'w/ joint exploration, w/ or w/o biopsy, w/ or w/o removal of loose or foreign bodies', '27331', '1', 'major', '0', NULL, NULL, NULL, NULL, '2016-12-19 02:33:40', '2016-12-19 02:33:40'),
(151, 19, 'Excision of synovial cyst of popliteal space (Baker\'s cyst)', '27345', '1', 'major', '0', NULL, NULL, NULL, NULL, '2016-12-19 02:33:40', '2016-12-19 02:33:40'),
(152, 19, 'Patellectomy or hemipatellectomy', '27350', '1', 'major', '0', NULL, NULL, NULL, NULL, '2016-12-19 02:33:40', '2016-12-19 02:33:40'),
(153, 19, 'Excision or curettage of bone cyst or benign tumor of femur;', '27355', '1', 'major', '0', NULL, NULL, NULL, NULL, '2016-12-19 02:33:40', '2016-12-19 02:33:40'),
(154, 19, 'w/ allograft', '27356', '1', 'major', '0', NULL, NULL, NULL, NULL, '2016-12-19 02:33:40', '2016-12-19 02:33:40'),
(155, 19, 'w/ autograft (includes obtaining graft)', '27357', '1', 'major', '0', NULL, NULL, NULL, NULL, '2016-12-19 02:33:40', '2016-12-19 02:33:40'),
(156, 19, 'w/ internal fixation ', '27358', '1', 'major', '0', NULL, NULL, NULL, NULL, '2016-12-19 02:33:40', '2016-12-19 02:33:40'),
(157, 19, 'Partial excision (craterization, saucerization, or diaphysectomy) of bone (eg, for osteomyelitis), femur, proximal tibia and/or fibula', '27360', '1', 'major', '0', NULL, NULL, NULL, NULL, '2016-12-19 02:33:40', '2016-12-19 02:33:40'),
(158, 19, 'Radical resection of tumor, bone, femur or knee', '27365', '1', 'major', '0', NULL, NULL, NULL, NULL, '2016-12-19 02:33:40', '2016-12-19 02:33:40'),
(159, 19, 'Removal of foreign body, deep, thigh region or knee area', '27372', '1', 'major', '0', NULL, NULL, NULL, NULL, '2016-12-19 02:33:40', '2016-12-19 02:33:40'),
(160, 19, 'Suture of infrapatellar tendon; primary', '27380', '1', 'major', '0', NULL, NULL, NULL, NULL, '2016-12-19 02:33:40', '2016-12-19 02:33:40'),
(161, 19, 'Anterior tibial tubercleplasty (eg, for chondromalacia patellae', '27418', '1', 'major', '0', NULL, NULL, NULL, NULL, '2016-12-19 02:33:40', '2016-12-19 02:33:40'),
(162, 19, 'Reconstruction for recurrent dislocating patella; (Hauser type procedure)', '27420', '1', 'major', '0', NULL, NULL, NULL, NULL, '2016-12-19 02:33:40', '2016-12-19 02:33:40'),
(163, 19, 'w/ extensor realignment and/or muscle advancement or release (Campbell, Goldwaite type procedure)', '27422', '1', 'major', '0', NULL, NULL, NULL, NULL, '2016-12-19 02:33:40', '2016-12-19 02:33:40'),
(164, 19, 'Lateral retinacular release (any method)', '27425', '1', 'major', '0', NULL, NULL, NULL, NULL, '2016-12-19 02:33:40', '2016-12-19 02:33:40'),
(165, 19, 'Ligamentous reconstruction (augmentation), knee; extra-articular', '27427', '1', 'major', '0', NULL, NULL, NULL, NULL, '2016-12-19 02:33:40', '2016-12-19 02:33:40'),
(166, 19, 'intra-articular (open', '27428', '1', 'major', '0', NULL, NULL, NULL, NULL, '2016-12-19 02:33:40', '2016-12-19 02:33:40'),
(167, 19, 'intra-articular (open) and extra-articular', '27429', '1', 'major', '0', NULL, NULL, NULL, NULL, '2016-12-19 02:33:40', '2016-12-19 02:33:40'),
(168, 19, 'Quadricepsplasty (Bennett or Thompson type)', '27430', '1', 'major', '0', NULL, NULL, NULL, NULL, '2016-12-19 02:33:40', '2016-12-19 02:33:40'),
(169, 19, 'Arthroplasty, knee, tibial plateau;', '27440', '1', 'major', '0', NULL, NULL, NULL, NULL, '2016-12-19 02:33:40', '2016-12-19 02:33:40'),
(170, 19, 'w/ debridement and partial synovectomy', '27441', '1', 'major', '0', NULL, NULL, NULL, NULL, '2016-12-19 02:33:40', '2016-12-19 02:33:40'),
(171, 19, 'Arthroplasty, knee, femoral condyles or tibial plateaus;', '27442', '1', 'major', '0', NULL, NULL, NULL, NULL, '2016-12-19 02:33:40', '2016-12-19 02:33:40'),
(172, 19, 'w/ debridement and partial synovectomy', '27443', '1', 'major', '0', NULL, NULL, NULL, NULL, '2016-12-19 02:33:40', '2016-12-19 02:33:40'),
(173, 19, 'Arthroplasty, knee, constrained prosthesis (eg, Walldius type)', '27445', '1', 'major', '0', NULL, NULL, NULL, NULL, '2016-12-19 02:33:40', '2016-12-19 02:33:40'),
(174, 19, 'Arthroplasty, knee, condyle and plateau; medial OR lateral compartment', '27446', '1', 'major', '0', NULL, NULL, NULL, NULL, '2016-12-19 02:33:40', '2016-12-19 02:33:40'),
(175, 19, 'medial AND lateral compartments w/ or w/o patella resurfacing (', '27447', '1', 'major', '0', NULL, NULL, NULL, NULL, '2016-12-19 02:33:40', '2016-12-19 02:33:40'),
(176, 19, 'Osteotomy, femur, shaft or supracondylar; w/o fixation', '27448', '1', 'major', '0', NULL, NULL, NULL, NULL, '2016-12-19 02:33:40', '2016-12-19 02:33:40'),
(177, 19, 'w/ fixation', '27450', '1', 'major', '0', NULL, NULL, NULL, NULL, '2016-12-19 02:33:40', '2016-12-19 02:33:40'),
(178, 19, 'Osteotomy, multiple, femoral shaft, w/ realignment on intramedullary rod (Sofield type procedure)', '27454', '1', 'major', '0', NULL, NULL, NULL, NULL, '2016-12-19 02:33:40', '2016-12-19 02:33:40'),
(179, 19, 'Osteotomy, proximal tibia, including fibular excision or osteotomy (includes correction of genu varus (bowleg) or genu valgus (knock-knee)); before epiphyseal closure', '27455', '1', 'major', '0', NULL, NULL, NULL, NULL, '2016-12-19 02:33:40', '2016-12-19 02:33:40'),
(180, 19, 'after epiphyseal closure', '27457', '1', 'major', '0', NULL, NULL, NULL, NULL, '2016-12-19 02:33:40', '2016-12-19 02:33:40'),
(181, 19, 'Osteoplasty, femur; shortening (excluding 64876)', '27465', '1', 'major', '0', NULL, NULL, NULL, NULL, '2016-12-19 02:33:40', '2016-12-19 02:33:40'),
(182, 19, 'lengthening', '27466', '1', 'major', '0', NULL, NULL, NULL, NULL, '2016-12-19 02:33:40', '2016-12-19 02:33:40'),
(183, 19, 'combined, lengthening and shortening w/ femoral segment transfer', '27468', '1', 'major', '0', NULL, NULL, NULL, NULL, '2016-12-19 02:33:40', '2016-12-19 02:33:40'),
(184, 19, 'Repair, nonunion or malunion, femur, distal to head and neck; w/o graft (eg, compression technique)', '27470', '1', 'major', '0', NULL, NULL, NULL, NULL, '2016-12-19 02:33:40', '2016-12-19 02:33:40'),
(185, 19, 'w/ iliac or other autogenous bone graft (includes obtaining graft)', '27472', '1', 'major', '0', NULL, NULL, NULL, NULL, '2016-12-19 02:33:40', '2016-12-19 02:33:40'),
(186, 19, 'Revision of total knee arthroplasty, w/ or w/o allograft; one component', '27486', '1', 'major', '0', NULL, NULL, NULL, NULL, '2016-12-19 02:33:40', '2016-12-19 02:33:40'),
(187, 19, 'all components', '27487', '1', 'major', '0', NULL, NULL, NULL, NULL, '2016-12-19 02:33:40', '2016-12-19 02:33:40'),
(188, 19, 'Removal of knee prosthesis, including \'total knee\' methylmethacrylate and insertion of spacer, when applicable', '27488', '1', 'major', '0', NULL, NULL, NULL, NULL, '2016-12-19 02:33:40', '2016-12-19 02:33:40'),
(189, 19, 'Prophylactic treatment (nailing, pinning, plating or writing) w/ or w/o methylmethacrylate, femur', '27495', '1', 'major', '0', NULL, NULL, NULL, NULL, '2016-12-19 02:33:40', '2016-12-19 02:33:40'),
(190, 19, 'Decompression fasciotomy, thigh and/or knee, one compartment (flexor or extensor or adductor);', '27496', '1', 'major', '0', NULL, NULL, NULL, NULL, '2016-12-19 02:33:40', '2016-12-19 02:33:40'),
(191, 19, 'w/ debridement of nonviable muscle and/or nerve', '27497', '1', 'major', '0', NULL, NULL, NULL, NULL, '2016-12-19 02:33:40', '2016-12-19 02:33:40'),
(192, 19, 'Decompression fasciotomy, thigh and/or knee, multiple compartments;', '27498', '1', 'major', '0', NULL, NULL, NULL, NULL, '2016-12-19 02:33:40', '2016-12-19 02:33:40'),
(193, 19, 'w/ debridement of nonviable muscle and/or nerve', '27499', '1', 'major', '0', NULL, NULL, NULL, NULL, '2016-12-19 02:33:40', '2016-12-19 02:33:40'),
(194, 33, 'Biopsy, soft tissue of leg or ankle area; superficial', '27613', '1', 'major', '13', NULL, NULL, NULL, NULL, '2016-12-19 02:33:40', '2016-12-19 02:33:40'),
(195, 33, 'Biopsy, soft tissue of leg or ankle area; deep', '27614', '1', 'major', '13', NULL, NULL, NULL, NULL, '2016-12-19 02:33:40', '2016-12-19 02:33:40'),
(196, 33, 'Radical resection of tumor (eg, malignant neoplasm), soft tissue of leg or ankle area', '27615', '1', 'major', '13', NULL, NULL, NULL, NULL, '2016-12-19 02:33:40', '2016-12-19 02:33:40'),
(197, 33, 'Excision, tumor, leg or ankle area; subcutaneous', '27618', '1', 'major', '13', NULL, NULL, NULL, NULL, '2016-12-19 02:33:40', '2016-12-19 02:33:40'),
(198, 33, 'Excision, tumor, leg or ankle area; deep, subfascial or intramuscular', '27619', '1', 'major', '13', NULL, NULL, NULL, NULL, '2016-12-19 02:33:40', '2016-12-19 02:33:40'),
(199, 33, 'Arthrotomy, ankle, w/ joint exploration, w/ or w/o biopsy, w/ or w/o removal of loose or foreign body', '27620', '1', 'major', '13', NULL, NULL, NULL, NULL, '2016-12-19 02:33:40', '2016-12-19 02:33:40'),
(200, 33, 'Arthrotomy, ankle, w/ synovectomy;', '27625', '1', 'major', '13', NULL, NULL, NULL, NULL, '2016-12-19 02:33:40', '2016-12-19 02:33:40'),
(201, 33, 'Arthrotomy, ankle, w/ synovectomy; including tenosynovectomy', '27626', '1', 'major', '13', NULL, NULL, NULL, NULL, '2016-12-19 02:33:40', '2016-12-19 02:33:40'),
(202, 33, 'Excision or curettage of bone cyst or benign tumor, tibia or fibula;', '27635', '1', 'major', '13', NULL, NULL, NULL, NULL, '2016-12-19 02:33:40', '2016-12-19 02:33:40'),
(203, 33, 'Excision or curettage of bone cyst or benign tumor, tibia or fibula; w/ autograft(includes obtaining graft)', '27637', '1', 'major', '13', NULL, NULL, NULL, NULL, '2016-12-19 02:33:40', '2016-12-19 02:33:40'),
(204, 33, 'Excision or curettage of bone cyst or benign tumor, tibia or fibula; w/ allograft', '27638', '1', 'major', '13', NULL, NULL, NULL, NULL, '2016-12-19 02:33:40', '2016-12-19 02:33:40'),
(205, 33, 'Partial excision (craterization, saucerization, or diaphysectomy) of bone (eg, for osteomyelitis or exostosis); tibia', '27640', '1', 'major', '13', NULL, NULL, NULL, NULL, '2016-12-19 02:33:40', '2016-12-19 02:33:40'),
(206, 33, 'Partial excision (craterization, saucerization, or diaphysectomy) of bone (eg, for osteomyelitis or exostosis); fibula', '27641', '1', 'major', '13', NULL, NULL, NULL, NULL, '2016-12-19 02:33:40', '2016-12-19 02:33:40'),
(207, 33, 'Repair, primary, open or percutaneous, ruptured Achilles tendon;', '27650', '1', 'major', '44', NULL, NULL, NULL, NULL, '2016-12-19 02:33:40', '2016-12-19 02:33:40'),
(208, 33, 'Repair, primary, open or percutaneous, ruptured Achilles tendon; w/ graft (includes obtaining graft)', '27652', '1', 'major', '44', NULL, NULL, NULL, NULL, '2016-12-19 02:33:40', '2016-12-19 02:33:40'),
(209, 33, 'Repair, secondary, ruptured Achilles tendon, w/ or w/o graft', '27654', '1', 'major', '44', NULL, NULL, NULL, NULL, '2016-12-19 02:33:40', '2016-12-19 02:33:40'),
(210, 33, 'Lengthening or shortening of tendon, leg or ankle; single (separate procedure)', '27685', '1', 'major', '44', NULL, NULL, NULL, NULL, '2016-12-19 02:33:40', '2016-12-19 02:33:40'),
(211, 33, 'Lengthening or shortening of tendon, leg or ankle; multiple (through same incision), each', '27686', '1', 'major', '44', NULL, NULL, NULL, NULL, '2016-12-19 02:33:40', '2016-12-19 02:33:40'),
(212, 33, 'Gastrocnemius recession (eg, Strayer procedure)', '27687', '1', 'major', '44', NULL, NULL, NULL, NULL, '2016-12-19 02:33:40', '2016-12-19 02:33:40'),
(213, 33, 'Suture, primary, torn, ruptured or severed ligament, ankle; collateral', '27695', '1', 'major', '44', NULL, NULL, NULL, NULL, '2016-12-19 02:33:40', '2016-12-19 02:33:40'),
(214, 33, 'Suture, primary, torn, ruptured or severed ligament, ankle; both collateral ligaments', '27696', '1', 'major', '44', NULL, NULL, NULL, NULL, '2016-12-19 02:33:40', '2016-12-19 02:33:40'),
(215, 33, 'Suture, secondary repair, torn, ruptured or severed ligament, ankle, collateral (Watson-Jones procedure)', '27698', '1', 'major', '44', NULL, NULL, NULL, NULL, '2016-12-19 02:33:40', '2016-12-19 02:33:40'),
(216, 33, 'Osteotomy; tibia', '27705', '1', 'major', '44', NULL, NULL, NULL, NULL, '2016-12-19 02:33:40', '2016-12-19 02:33:40'),
(217, 33, 'Osteotomy; fibula', '27707', '1', 'major', '44', NULL, NULL, NULL, NULL, '2016-12-19 02:33:40', '2016-12-19 02:33:40'),
(218, 33, 'Osteotomy;  tibia and fibula', '27709', '1', 'major', '44', NULL, NULL, NULL, NULL, '2016-12-19 02:33:40', '2016-12-19 02:33:40'),
(219, 33, 'Osteotomy; multiple, w/ realignment on intramedullary rod (Sofield type procedure)', '27712', '1', 'major', '44', NULL, NULL, NULL, NULL, '2016-12-19 02:33:40', '2016-12-19 02:33:40'),
(220, 33, 'Osteoplasty, tibia and fibula, lengthening', '27715', '1', 'major', '44', NULL, NULL, NULL, NULL, '2016-12-19 02:33:40', '2016-12-19 02:33:40'),
(221, 33, 'Repair of nonunion or malunion, tibia; w/o graft, (eg, compression technique)', '27720', '1', 'major', '44', NULL, NULL, NULL, NULL, '2016-12-19 02:33:40', '2016-12-19 02:33:40'),
(222, 33, 'Repair of nonunion or malunion, tibia; w/ sliding graft', '27722', '1', 'major', '44', NULL, NULL, NULL, NULL, '2016-12-19 02:33:40', '2016-12-19 02:33:40'),
(223, 33, 'Repair of nonunion or malunion, tibia; w/ iliac or other autograft (includes obtaining graft)', '27724', '1', 'major', '44', NULL, NULL, NULL, NULL, '2016-12-19 02:33:40', '2016-12-19 02:33:40'),
(224, 33, 'Repair of congenital pseudarthrosis, tibia', '27727', '1', 'major', '44', NULL, NULL, NULL, NULL, '2016-12-19 02:33:40', '2016-12-19 02:33:40'),
(225, 33, 'Prophylactic treatment (nailing, pinning, plating or wiring) w/ or w/o methylmethacrylate, tibia', '27745', '1', 'major', '44', NULL, NULL, NULL, NULL, '2016-12-19 02:33:40', '2016-12-19 02:33:40'),
(226, 33, 'Amputation, leg, through tibia and fibula;', '27880', '1', 'major', '2', NULL, NULL, NULL, NULL, '2016-12-19 02:33:40', '2016-12-19 02:33:40'),
(227, 33, 'Amputation, leg, through tibia and fibula; open, circular (guillotine)', '27882', '1', 'major', '2', NULL, NULL, NULL, NULL, '2016-12-19 02:33:40', '2016-12-19 02:33:40'),
(228, 33, 'Amputation, leg, through tibia and fibula; secondary closure or scar revision', '27884', '1', 'major', '2', NULL, NULL, NULL, NULL, '2016-12-19 02:33:40', '2016-12-19 02:33:40'),
(229, 33, 'Amputation, leg, through tibia and fibula; re-amputation', '27886', '1', 'major', '2', NULL, NULL, NULL, NULL, '2016-12-19 02:33:40', '2016-12-19 02:33:40'),
(230, 33, 'Decompression fasciotomy, leg; anterior and/or lateral compartments only, w/ debridement of nonviable muscle and/or nerve', '27892', '1', 'major', '38', NULL, NULL, NULL, NULL, '2016-12-19 02:33:40', '2016-12-19 02:33:40'),
(231, 33, 'Decompression fasciotomy, leg; anterior and/or lateral, and posterior compartment(s), w/ debridement of nonviable muscle and/or nerve', '27894', '1', 'major', '38', NULL, NULL, NULL, NULL, '2016-12-19 02:33:40', '2016-12-19 02:33:40'),
(232, 21, 'Deep dissection below fascia, for deep infection of foot, w/ or w/o tendon sheath involvement; single bursal space, specify', '28802', '1', 'major', '2', NULL, NULL, NULL, NULL, '2016-12-19 02:33:40', '2016-12-19 02:33:40'),
(233, 21, 'Deep dissection below fascia, for deep infection of foot, w/ or w/o tendon sheath involvement; multiple areas', '28003', '1', 'major', '29', NULL, NULL, NULL, NULL, '2016-12-19 02:33:40', '2016-12-19 02:33:40'),
(234, 21, 'Incision, deep, w/ opening of bone cortex (e.g. for osteomyelitis or bone abscess), foot', '28005', '1', 'major', '29', NULL, NULL, NULL, NULL, '2016-12-19 02:33:40', '2016-12-19 02:33:40'),
(235, 21, 'Tarsal tunnel release (posterior tibial nerve decompression)', '28035', '1', 'major', '29', NULL, NULL, NULL, NULL, '2016-12-19 02:33:40', '2016-12-19 02:33:40'),
(236, 21, 'Radical resection of tumor (eg, malignant neoplasm), soft tissue of foot', '28046', '1', 'major', '13', NULL, NULL, NULL, NULL, '2016-12-19 02:33:40', '2016-12-19 02:33:40'),
(237, 21, 'Fasciectomy, excision of plantar fascia; partial (separate procedure)', '28060', '1', 'major', '13', NULL, NULL, NULL, NULL, '2016-12-19 02:33:40', '2016-12-19 02:33:40'),
(238, 21, 'Fasciectomy, excision of plantar fascia; radical (separate procedure)', '28062', '1', 'major', '13', NULL, NULL, NULL, NULL, '2016-12-19 02:33:40', '2016-12-19 02:33:40'),
(239, 0, 'Excision of interdigital (Morton) neuroma, single, each', 'radical (se', '1', 'major', '0', NULL, NULL, NULL, NULL, '2016-12-19 02:33:40', '2016-12-19 02:33:40'),
(240, 21, 'Ostectomy, complete excision; first metatarsal head', '28111', '1', 'major', '13', NULL, NULL, NULL, NULL, '2016-12-19 02:33:40', '2016-12-19 02:33:40'),
(241, 21, 'Ostectomy, complete excision;  other metatarsal head (second, third or fourth)', '28112', '1', 'major', '13', NULL, NULL, NULL, NULL, '2016-12-19 02:33:40', '2016-12-19 02:33:40'),
(242, 21, 'Ostectomy, complete excision;  fifth metatarsal head', '28113', '1', 'major', '13', NULL, NULL, NULL, NULL, '2016-12-19 02:33:40', '2016-12-19 02:33:40'),
(243, 21, 'Ostectomy, complete excision;  all metatarsal heads, w/ partial proximal phalangectomy, excluding first metatarsal (Clayton type procedure)', '28114', '1', 'major', '13', NULL, NULL, NULL, NULL, '2016-12-19 02:33:40', '2016-12-19 02:33:40'),
(244, 21, 'Partial excision (craterization, saucerization, sequestrectomy, or diaphysectomy) of bone (eg, for osteomyelitis or talar bossing), talus or calcaneus', '28120', '1', 'major', '13', NULL, NULL, NULL, NULL, '2016-12-19 02:33:40', '2016-12-19 02:33:40'),
(245, 21, 'Partial excision (craterization, saucerization, or diaphysectomy) of bone (eg, for osteomyelitis or tarsal bossing), tarsal or metatarsal bone, except talus or calcaneus', '28122', '1', 'major', '13', NULL, NULL, NULL, NULL, '2016-12-19 02:33:40', '2016-12-19 02:33:40'),
(246, 21, 'Partial excision (craterization, saucerization, or diaphysectomy) of bone (eg, for osteomyelitis or dorsal bossing), phalanx of toe', '28124', '1', 'major', '13', NULL, NULL, NULL, NULL, '2016-12-19 02:33:40', '2016-12-19 02:33:40'),
(247, 21, 'Resection, partial or complete, phalangeal base, single toe, each', '28126', '1', 'major', '13', NULL, NULL, NULL, NULL, '2016-12-19 02:33:40', '2016-12-19 02:33:40'),
(248, 21, 'Metatarsectomy\\r\\n', '28140', '1', 'major', '13', NULL, NULL, NULL, NULL, '2016-12-19 02:33:40', '2016-12-19 02:33:40'),
(249, 21, 'Phalangectomy of toe, single, each', '28150', '1', 'major', '13', NULL, NULL, NULL, NULL, '2016-12-19 02:33:40', '2016-12-19 02:33:40'),
(250, 21, 'Resection, head of phalanx, toe', '28153', '1', 'major', '13', NULL, NULL, NULL, NULL, '2016-12-19 02:33:40', '2016-12-19 02:33:40'),
(251, 21, 'Hemiphalangectomy or interphalangeal joint excision, toe, single, each', '28160', '1', 'major', '13', NULL, NULL, NULL, NULL, '2016-12-19 02:33:40', '2016-12-19 02:33:40'),
(252, 21, 'Radical resection of tumor, bone; tarsal (except talus or calcaneus)', '28171', '1', 'major', '13', NULL, NULL, NULL, NULL, '2016-12-19 02:33:40', '2016-12-19 02:33:40'),
(253, 21, 'Radical resection of tumor, bone; metatarsal', '28173', '1', 'major', '13', NULL, NULL, NULL, NULL, '2016-12-19 02:33:40', '2016-12-19 02:33:40'),
(254, 21, 'Radical resection of tumor, bone; phalanx of toe', '28175', '1', 'major', '0', NULL, NULL, NULL, NULL, '2016-12-19 02:33:40', '2016-12-19 02:33:40'),
(255, 21, 'Removal of foreign body, foot; subcutaneous', '28190', '1', 'major', '13', NULL, NULL, NULL, NULL, '2016-12-19 02:33:40', '2016-12-19 02:33:40'),
(256, 21, 'Removal of foreign body, foot; deep', '28192', '1', 'major', '13', NULL, NULL, NULL, NULL, '2016-12-19 02:33:40', '2016-12-19 02:33:40'),
(257, 21, 'Hammertoe operation, one toe (eg, interphalangeal fusion, filleting, phalangectomy)', '28285', '1', 'major', '44', NULL, NULL, NULL, NULL, '2016-12-19 02:33:40', '2016-12-19 02:33:40'),
(258, 21, 'Cock-up fifth toe operation w/ plastic skin closure (Ruiz-Mora type procedure)', '28286', '1', 'major', '44', NULL, NULL, NULL, NULL, '2016-12-19 02:33:40', '2016-12-19 02:33:40'),
(259, 21, 'Hallux valgus (bunion) correction, w/ or w/o sesamoidectomy; simple exostectomy (Silver type procedure)', '28290', '1', 'major', '44', NULL, NULL, NULL, NULL, '2016-12-19 02:33:40', '2016-12-19 02:33:40'),
(260, 21, 'Keller, McBride, or Mayo type procedure', '28292', '1', 'major', '44', NULL, NULL, NULL, NULL, '2016-12-19 02:33:40', '2016-12-19 02:33:40'),
(261, 21, 'resection of joint w/ implant', '28293', '1', 'major', '44', NULL, NULL, NULL, NULL, '2016-12-19 02:33:40', '2016-12-19 02:33:40'),
(262, 21, 'w/ tendon transplants (Joplin type procedure)', '28294', '1', 'major', '44', NULL, NULL, NULL, NULL, '2016-12-19 02:33:40', '2016-12-19 02:33:40'),
(263, 21, 'w/ metatarsal osteotomy (eg, Mitchell, Chevron, or concentric type procedures)', '28296', '1', 'major', '44', NULL, NULL, NULL, NULL, '2016-12-19 02:33:40', '2016-12-19 02:33:40'),
(264, 21, 'Lapidus type procedure', '28297', '1', 'major', '44', NULL, NULL, NULL, NULL, '2016-12-19 02:33:40', '2016-12-19 02:33:40'),
(265, 21, 'by phalanx osteotomy', '28298', '1', 'major', '44', NULL, NULL, NULL, NULL, '2016-12-19 02:33:40', '2016-12-19 02:33:40'),
(266, 21, 'by other methods (eg, double osteotomy)', '28299', '1', 'major', '44', NULL, NULL, NULL, NULL, '2016-12-19 02:33:40', '2016-12-19 02:33:40'),
(267, 21, 'Osteotomy, metatarsal, base or shaft, single, w/ or w/o lenghtening, for shortening or angular correction; first metatarsal', '28306', '1', 'major', '44', NULL, NULL, NULL, NULL, '2016-12-19 02:33:40', '2016-12-19 02:33:40'),
(268, 21, 'first metatarsal w/ autograft', '28307', '1', 'major', '44', NULL, NULL, NULL, NULL, '2016-12-19 02:33:40', '2016-12-19 02:33:40'),
(269, 21, 'other than first metatarsal', '28308', '1', 'major', '44', NULL, NULL, NULL, NULL, '2016-12-19 02:33:40', '2016-12-19 02:33:40'),
(270, 21, 'Osteotomy for shortening, angular or rotational correction; proximal phalanx, first toe (separate procedure)', '28310', '1', 'major', '44', NULL, NULL, NULL, NULL, '2016-12-19 02:33:40', '2016-12-19 02:33:40'),
(271, 21, 'other phalanges, any toe', '28312', '1', 'major', '44', NULL, NULL, NULL, NULL, '2016-12-19 02:33:40', '2016-12-19 02:33:40'),
(272, 21, 'Reconstruction, angular defromity of toe (overlapping second toe, fifth toe, curly toes), soft tissue procedures only', '28313', '1', 'major', '44', NULL, NULL, NULL, NULL, '2016-12-19 02:33:40', '2016-12-19 02:33:40'),
(273, 21, 'Amputation, foot; midtarsal (Chopart type procedure)', '28800', '1', 'major', '2', NULL, NULL, NULL, NULL, '2016-12-19 02:33:40', '2016-12-19 02:33:40'),
(274, 21, 'Deep dissection below fascia, for deep infection of foot, w/ or w/o tendon sheath involvement; transmetatarsal', '28805', '1', 'major', '2', NULL, NULL, NULL, NULL, '2016-12-19 02:33:40', '2016-12-19 02:33:40'),
(275, 21, 'Amputation, metatarsal, w/ toe, single', '28810', '1', 'major', '2', NULL, NULL, NULL, NULL, '2016-12-19 02:33:40', '2016-12-19 02:33:40'),
(276, 21, 'Amputation, toe; metatarsophalangeal joint', '28820', '1', 'major', '2', NULL, NULL, NULL, NULL, '2016-12-19 02:33:40', '2016-12-19 02:33:40');
INSERT INTO `cpts` (`id`, `cptCategoriesID`, `description`, `code`, `version`, `classification`, `subCptCategories1ID`, `subCptCategories2ID`, `subCptCategories3ID`, `subCptCategories4ID`, `deleted_at`, `created_at`, `updated_at`) VALUES
(277, 21, 'Amputation, toe; interphalangeal joint', '28825', '1', 'major', '2', NULL, NULL, NULL, NULL, '2016-12-19 02:33:40', '2016-12-19 02:33:40'),
(278, 7, 'Application of hip spica cast; one leg', '29305', '1', 'major', '9', NULL, NULL, NULL, NULL, '2016-12-19 02:33:40', '2016-12-19 02:33:40'),
(279, 7, 'Application of hip spica cast; one and one-half spica or both legs', '29325', '1', 'major', '9', NULL, NULL, NULL, NULL, '2016-12-19 02:33:40', '2016-12-19 02:33:40'),
(280, 7, 'Application of long leg cast (thigh to toes);', '29345', '1', 'major', '9', NULL, NULL, NULL, NULL, '2016-12-19 02:33:40', '2016-12-19 02:33:40'),
(281, 7, 'Application of long leg cast (thigh to toes); walker or ambulatory type', '29355', '1', 'major', '9', NULL, NULL, NULL, NULL, '2016-12-19 02:33:40', '2016-12-19 02:33:40'),
(282, 7, 'Application of long leg cast brace', '29358', '1', 'major', '9', NULL, NULL, NULL, NULL, '2016-12-19 02:33:40', '2016-12-19 02:33:40'),
(283, 7, 'Application of cylinder cast (thigh to ankle)', '29365', '1', 'major', '9', NULL, NULL, NULL, NULL, '2016-12-19 02:33:40', '2016-12-19 02:33:40'),
(284, 7, 'Application of short leg cast (below knee to toes);', '29405', '1', 'major', '9', NULL, NULL, NULL, NULL, '2016-12-19 02:33:40', '2016-12-19 02:33:40'),
(285, 7, 'Application of short leg cast (below knee to toes); walking or ambulatory type', '29425', '1', 'major', '9', NULL, NULL, NULL, NULL, '2016-12-19 02:33:40', '2016-12-19 02:33:40'),
(286, 7, 'Application of patellar tendon bearing (PTB) cast', '29435', '1', 'major', '9', NULL, NULL, NULL, NULL, '2016-12-19 02:33:40', '2016-12-19 02:33:40'),
(287, 7, 'Adding walker to previously applied cast', '29440', '1', 'major', '9', NULL, NULL, NULL, NULL, '2016-12-19 02:33:40', '2016-12-19 02:33:40'),
(288, 7, 'Application of rigid total contact leg cast', '29445', '1', 'major', '9', NULL, NULL, NULL, NULL, '2016-12-19 02:33:40', '2016-12-19 02:33:40'),
(289, 7, 'Application of clubfoot cast w/ molding or manipulation, long or short leg', '29450', '1', 'major', '9', NULL, NULL, NULL, NULL, '2016-12-19 02:33:40', '2016-12-19 02:33:40'),
(290, 0, 'Removal or bivalving; gauntlet, boot or body cast', '29700', '1', 'major', '0', NULL, NULL, NULL, NULL, '2016-12-19 02:33:40', '2016-12-19 02:33:40'),
(291, 0, 'full arm or full leg cast', '29705', '1', 'major', '0', NULL, NULL, NULL, NULL, '2016-12-19 02:33:40', '2016-12-19 02:33:40'),
(292, 0, 'shoulder or hip spica, Minerva, or Risser jacket, etc.', '29710', '1', 'major', '0', NULL, NULL, NULL, NULL, '2016-12-19 02:33:40', '2016-12-19 02:33:40'),
(293, 0, 'Repair of spica, body cast or jacket', '29720', '1', 'major', '0', NULL, NULL, NULL, NULL, '2016-12-19 02:33:40', '2016-12-19 02:33:40'),
(294, 0, 'Windowing of cast', '29730', '1', 'major', '0', NULL, NULL, NULL, NULL, '2016-12-19 02:33:40', '2016-12-19 02:33:40'),
(295, 0, 'Wedging of cast (except clubfoot casts)', '29740', '1', 'major', '0', NULL, NULL, NULL, NULL, '2016-12-19 02:33:40', '2016-12-19 02:33:40'),
(296, 0, 'Wedging of clubfoot cast', '29750', '1', 'major', '0', NULL, NULL, NULL, NULL, '2016-12-19 02:33:40', '2016-12-19 02:33:40'),
(297, 7, 'Arthroscopy, shoulder, diagnostic, w/ or w/o synovial biopsy (separate procedure)', '29815', '1', 'major', '5', NULL, NULL, NULL, NULL, '2016-12-19 02:33:40', '2016-12-19 02:33:40'),
(298, 7, 'Arthroscopy, shoulder, surgical; w/ removal of loose body or foreign body', '29819', '1', 'major', '5', NULL, NULL, NULL, NULL, '2016-12-19 02:33:40', '2016-12-19 02:33:40'),
(299, 7, 'synovectomy, partial', '29820', '1', 'major', '5', NULL, NULL, NULL, NULL, '2016-12-19 02:33:40', '2016-12-19 02:33:40'),
(300, 7, 'synovectomy, complete', '29821', '1', 'major', '5', NULL, NULL, NULL, NULL, '2016-12-19 02:33:40', '2016-12-19 02:33:40'),
(301, 7, 'debridement, limited', '29822', '1', 'major', '5', NULL, NULL, NULL, NULL, '2016-12-19 02:33:40', '2016-12-19 02:33:40'),
(302, 7, 'debridement, extensive', '29823', '1', 'major', '0', NULL, NULL, NULL, NULL, '2016-12-19 02:33:40', '2016-12-19 02:33:40'),
(303, 7, 'w/ lysis and resection of adhesions, w/ or w/o manipulation', '29825', '1', 'major', '5', NULL, NULL, NULL, NULL, '2016-12-19 02:33:40', '2016-12-19 02:33:40'),
(304, 7, 'decompression of subacromial space w/ partial acromioplasty, w/ or w/o coracoacromial release', '29826', '1', 'major', '5', NULL, NULL, NULL, NULL, '2016-12-19 02:33:40', '2016-12-19 02:33:40'),
(305, 7, 'Arthroscopy, elbow, diagnostic, w/ or w/o synovial biopsy (separate procedure)', '29830', '1', 'major', '5', NULL, NULL, NULL, NULL, '2016-12-19 02:33:40', '2016-12-19 02:33:40'),
(306, 7, 'Arthroscopy, elbow, surgical ; w/ removal of loose body or foreign body', '29834', '1', 'major', '5', NULL, NULL, NULL, NULL, '2016-12-19 02:33:40', '2016-12-19 02:33:40'),
(307, 7, 'synovectomy, partial', '29835', '1', 'major', '5', NULL, NULL, NULL, NULL, '2016-12-19 02:33:40', '2016-12-19 02:33:40'),
(308, 7, 'synovectomy, complete', '29836', '1', 'major', '5', NULL, NULL, NULL, NULL, '2016-12-19 02:33:40', '2016-12-19 02:33:40'),
(309, 7, 'debridement, limited', '29837', '1', 'major', '5', NULL, NULL, NULL, NULL, '2016-12-19 02:33:40', '2016-12-19 02:33:40'),
(310, 7, 'debridement, extensive', '29838', '1', 'major', '5', NULL, NULL, NULL, NULL, '2016-12-19 02:33:40', '2016-12-19 02:33:40'),
(311, 7, 'Arthroscopy, knee, diagnostic, w/ or w/o synovial biopsy (separate procedure)', '29870', '1', 'major', '5', NULL, NULL, NULL, NULL, '2016-12-19 02:33:40', '2016-12-19 02:33:40'),
(312, 7, 'Arthroscopy, knee, surgical; for infection, lavage and drainage', '29871', '1', 'major', '5', NULL, NULL, NULL, NULL, '2016-12-19 02:33:40', '2016-12-19 02:33:40'),
(313, 7, 'for removal of loose body or foreign body (eg, osteochondritis dissecans fragmentation, chondral fragmentation)', '29874', '1', 'major', '5', NULL, NULL, NULL, NULL, '2016-12-19 02:33:40', '2016-12-19 02:33:40'),
(314, 7, 'synovectomy, limited (eg, plica or shelf resection) (separate procedure)', '29875', '1', 'major', '5', NULL, NULL, NULL, NULL, '2016-12-19 02:33:40', '2016-12-19 02:33:40'),
(315, 7, 'synovectomy, major, two or more compartments (eg, medial or lateral', '29876', '1', 'major', '5', NULL, NULL, NULL, NULL, '2016-12-19 02:33:40', '2016-12-19 02:33:40'),
(316, 7, 'debridement/shaving of articular cartilage (chondroplasty)', '29877', '1', 'major', '5', NULL, NULL, NULL, NULL, '2016-12-19 02:33:40', '2016-12-19 02:33:40'),
(317, 7, 'abrasion arthroplasty (includes chondroplasty where necessary) or multiple drilling', '29879', '1', 'major', '5', NULL, NULL, NULL, NULL, '2016-12-19 02:33:40', '2016-12-19 02:33:40'),
(318, 7, 'w/ meniscectomy (medial AND lateral, including any meniscal shaving)', '29880', '1', 'major', '5', NULL, NULL, NULL, NULL, '2016-12-19 02:33:40', '2016-12-19 02:33:40'),
(319, 7, 'w/ meniscectomy (medial OR lateral, including any meniscal shaving)', '29881', '1', 'major', '5', NULL, NULL, NULL, NULL, '2016-12-19 02:33:40', '2016-12-19 02:33:40'),
(320, 7, 'drilling for intact osteochondritis dissecans lesion\\r\\n', '29886', '1', 'major', '5', NULL, NULL, NULL, NULL, '2016-12-19 02:33:40', '2016-12-19 02:33:40'),
(321, 7, 'drilling for intact osteochondritis dissecans lesion w/ internal fixation', '29987', '1', 'major', '5', NULL, NULL, NULL, NULL, '2016-12-19 02:33:40', '2016-12-19 02:33:40'),
(322, 7, 'Arthroscopically aided anterior cruciate ligament repair/augmentation or reconstruction', '29888', '1', 'major', '5', NULL, NULL, NULL, NULL, '2016-12-19 02:33:40', '2016-12-19 02:33:40'),
(323, 7, 'Arthroscopy, ankle (tibiotalar and fibulotalar joints), surgical; w/ removal of loose body or foreign body', '29894', '1', 'major', '5', NULL, NULL, NULL, NULL, '2016-12-19 02:33:40', '2016-12-19 02:33:40'),
(324, 7, 'synovectomy, partial\\r\\n', '29895', '1', 'major', '5', NULL, NULL, NULL, NULL, '2016-12-19 02:33:40', '2016-12-19 02:33:40'),
(325, 7, 'debridement, limited', '29897', '1', 'major', '5', NULL, NULL, NULL, NULL, '2016-12-19 02:33:40', '2016-12-19 02:33:40'),
(326, 7, 'debridement, extensive', '29898', '1', 'major', '5', NULL, NULL, NULL, NULL, '2016-12-19 02:33:40', '2016-12-19 02:33:40'),
(327, 22, 'Tendon sheath incision; at radial styloid (eg, for deQuervain\'s disease)', '25000', '1', 'major', '29', NULL, NULL, NULL, NULL, '2016-12-19 02:33:40', '2016-12-19 02:33:40'),
(328, 22, 'Incision and drainage, forearm and/or wrist; infected bursa', '25031', '1', 'major', '29', NULL, NULL, NULL, NULL, '2016-12-19 02:33:40', '2016-12-19 02:33:40'),
(329, 22, 'Excision, lesion of tendon sheath, forearm and/or wrist', '25110', '1', 'major', '13', NULL, NULL, NULL, NULL, '2016-12-19 02:33:40', '2016-12-19 02:33:40'),
(330, 22, 'Carpectomy; one bone', '25210', '1', 'major', '13', NULL, NULL, NULL, NULL, '2016-12-19 02:33:40', '2016-12-19 02:33:40'),
(331, 22, 'all bones of proximal row', '25215', '1', 'major', '13', NULL, NULL, NULL, NULL, '2016-12-19 02:33:40', '2016-12-19 02:33:40'),
(332, 22, 'Repair, tendon or muscle, flexor, forearm and/or wrist; primary, single, each tendon or muscle', '25260', '1', 'major', '44', NULL, NULL, NULL, NULL, '2016-12-19 02:33:40', '2016-12-19 02:33:40'),
(333, 22, 'Repair, tendon or muscle, flexor, forearm and/or wrist; secondary, single, each tendon or muscle', '25263', '1', 'major', '44', NULL, NULL, NULL, NULL, '2016-12-19 02:33:40', '2016-12-19 02:33:40'),
(334, 22, 'Repair, tendon or muscle, flexor, forearm and/or wrist;  secondary, w/ free graft (includes obtaining graft), each tendon or muscle', '25265', '1', 'major', '44', NULL, NULL, NULL, NULL, '2016-12-19 02:33:40', '2016-12-19 02:33:40'),
(335, 22, 'Repair, tendon or muslce, extensor, forearm and/or wrist; primary, single, each tendon or muscle', '25270', '1', 'major', '44', NULL, NULL, NULL, NULL, '2016-12-19 02:33:40', '2016-12-19 02:33:40'),
(336, 22, 'Repair, tendon or muslce, extensor, forearm and/or wrist; secondary, single, each tendon or muscle', '25272', '1', 'major', '44', NULL, NULL, NULL, NULL, '2016-12-19 02:33:40', '2016-12-19 02:33:40'),
(337, 22, 'Repair, tendon or muscle, extensor, secondary, w/ tendon graft (includes obtaining graft), forearm and/or wrist, each tendon or muscle', '25274', '1', 'major', '44', NULL, NULL, NULL, NULL, '2016-12-19 02:33:40', '2016-12-19 02:33:40'),
(338, 22, 'Repair of nonunion, scaphoid (navicular) bone, w/ or w/o radial styloidectomy (includes obtaining graft and necessary fixation', '25440', '1', 'major', '44', NULL, NULL, NULL, NULL, '2016-12-19 02:33:40', '2016-12-19 02:33:40'),
(339, 22, 'Closed treatment of distal radial fracture (eg, Colles or Smith type) or epiphyseal separation, w/ or w/o fracture of ulnar styloid; w/o manipulation', '25600', '1', 'major', '23', NULL, NULL, NULL, NULL, '2016-12-19 02:33:40', '2016-12-19 02:33:40'),
(340, 22, 'Closed treatment of distal radial fracture (eg, Colles or Smith type) or epiphyseal separation, w/ or w/o fracture of ulnar styloid;w/ manipulation', '25605', '1', 'major', '23', NULL, NULL, NULL, NULL, '2016-12-19 02:33:40', '2016-12-19 02:33:40'),
(341, 22, 'Percutaneous skeletal fixation of distal radial fracture (eg, Colles or Smith type) or epiphyseal separation, w/ or w/o fracture of ulnar styloid , requiring manipulation, w/ or w/o external fixation', '25611', '1', 'major', '23', NULL, NULL, NULL, NULL, '2016-12-19 02:33:40', '2016-12-19 02:33:40'),
(342, 22, 'Open treatment of distal radial fracture (eg, Colles or Smith type) or epiphyseal separation, w/ or w/o fracture of ulnar styloid, w/ or w/o internal or external fixation', '25620', '1', 'major', '23', NULL, NULL, NULL, NULL, '2016-12-19 02:33:40', '2016-12-19 02:33:40'),
(343, 22, 'Closed treatment of carpal scaphoid (navicular) fracture; w/o manipulation', '25622', '1', 'major', '23', NULL, NULL, NULL, NULL, '2016-12-19 02:33:40', '2016-12-19 02:33:40'),
(344, 25, 'Insertion of wire or pin w/ application of skeletal traction, including removal (separate procedure)', '20650', '1', 'major', '32', NULL, NULL, NULL, NULL, '2016-12-19 02:33:40', '2016-12-19 02:33:40'),
(345, 22, 'Arthrotomy, radiocarpal or midcarpal joint, w/ exploration, drainage, or removal of foreign body', '25040', '1', 'major', '29', NULL, NULL, NULL, NULL, '2016-12-19 02:33:40', '2016-12-19 02:33:40'),
(346, 0, 'w/ manipulation', '25624', '1', 'major', '0', NULL, NULL, NULL, NULL, '2016-12-19 02:33:40', '2016-12-19 02:33:40'),
(347, 22, 'Open treatment of carpal scaphoid (navicular) fracture, w/ or w/o internal or external fixation', '25628', '1', 'major', '23', NULL, NULL, NULL, NULL, '2016-12-19 02:33:40', '2016-12-19 02:33:40'),
(348, 22, 'Closed treatment of carpal bone fracture (excluding carpal scaphoid (navicular)); w/o manipulation, each bone', '25630', '1', 'major', '23', NULL, NULL, NULL, NULL, '2016-12-19 02:33:40', '2016-12-19 02:33:40'),
(349, 22, 'Closed treatment of carpal bone fracture (excluding carpal scaphoid (navicular)); w/ manipulation, each bone', '25635', '1', 'major', '23', NULL, NULL, NULL, NULL, '2016-12-19 02:33:40', '2016-12-19 02:33:40'),
(350, 22, 'Open treatment of carpal bone fracture (excluding carpal scaphoid (navicular)), each bone', '25645', '1', 'major', '23', NULL, NULL, NULL, NULL, '2016-12-19 02:33:40', '2016-12-19 02:33:40'),
(351, 22, 'Closed treatment of ulnar styloid fracture', '25650', '1', 'major', '23', NULL, NULL, NULL, NULL, '2016-12-19 02:33:40', '2016-12-19 02:33:40'),
(352, 22, 'Closed treatment of radiocarpal or intercarpal dislocation, one or more bones, w/ manipulation', '25660', '1', 'major', '23', NULL, NULL, NULL, NULL, '2016-12-19 02:33:40', '2016-12-19 02:33:40'),
(353, 22, 'Open treatment of radiocarpal or intercarpal dislocation, one or more bones', '25670', '1', 'major', '23', NULL, NULL, NULL, NULL, '2016-12-19 02:33:40', '2016-12-19 02:33:40'),
(354, 22, 'Closed treatment of distal radioulnar dislocation w/ manipulation', '25675', '1', 'major', '23', NULL, NULL, NULL, NULL, '2016-12-19 02:33:40', '2016-12-19 02:33:40'),
(355, 22, 'Open treatment of distal radioulnar dislocation, acute or chronic', '25676', '1', 'major', '23', NULL, NULL, NULL, NULL, '2016-12-19 02:33:40', '2016-12-19 02:33:40'),
(356, 22, 'Closed treatment of trans-scaphoperilunar type of fracture dislocation, w/ manipulation', '25680', '1', 'major', '0', NULL, NULL, NULL, NULL, '2016-12-19 02:33:40', '2016-12-19 02:33:40'),
(357, 22, 'Open treatment of trans-scaphoperilunar type of fracture dislocation', '25685', '1', 'major', '23', NULL, NULL, NULL, NULL, '2016-12-19 02:33:40', '2016-12-19 02:33:40'),
(358, 22, 'Closed treatment of lunate dislocation, w/ manipulation', '25690', '1', 'major', '23', NULL, NULL, NULL, NULL, '2016-12-19 02:33:40', '2016-12-19 02:33:40'),
(359, 22, 'Open treatment of lunate dislocation', '25695', '1', 'major', '23', NULL, NULL, NULL, NULL, '2016-12-19 02:33:40', '2016-12-19 02:33:40'),
(360, 22, 'Distal radioulnar joint arthrodesis and segmental resection of ulna (e.g. Sauve-Kapandji procedure), w/ or w/o bone graft', '25830', '1', 'major', '4', NULL, NULL, NULL, NULL, '2016-12-19 02:33:40', '2016-12-19 02:33:40'),
(361, 27, 'Drainage of finger abscess; simple', '26010', '1', 'major', '29', NULL, NULL, NULL, NULL, '2016-12-19 02:33:40', '2016-12-19 02:33:40'),
(362, 27, 'Drainage of finger abscess; complicated (eg, felon)', '26011', '1', 'major', '29', NULL, NULL, NULL, NULL, '2016-12-19 02:33:40', '2016-12-19 02:33:40'),
(363, 27, 'Drainage of tendon sheath, one digit and/or palm', '26020', '1', 'major', '29', NULL, NULL, NULL, NULL, '2016-12-19 02:33:40', '2016-12-19 02:33:40'),
(364, 27, 'Drainage of palmar bursa; single, ulnar or radial', '26025', '1', 'major', '29', NULL, NULL, NULL, NULL, '2016-12-19 02:33:40', '2016-12-19 02:33:40'),
(365, 27, 'Drainage of palmar bursa; multiple or complicated', '26030', '1', 'major', '29', NULL, NULL, NULL, NULL, '2016-12-19 02:33:40', '2016-12-19 02:33:40'),
(366, 27, 'Incision, deep, w/ opening of bone cortex (eg, for osteomyelitis or bone abscess), hand or finger', '26034', '1', 'major', '29', NULL, NULL, NULL, NULL, '2016-12-19 02:33:40', '2016-12-19 02:33:40'),
(367, 27, 'Decompression fingers and/or hand, injection injury (eg, grease gun)', '26035', '1', 'major', '29', NULL, NULL, NULL, NULL, '2016-12-19 02:33:40', '2016-12-19 02:33:40'),
(368, 27, 'Decompressive fasciotomy, hand (excludes 26035)', '26037', '1', 'major', '29', NULL, NULL, NULL, NULL, '2016-12-19 02:33:40', '2016-12-19 02:33:40'),
(369, 27, 'Fasciotomy, palmar, for Dupuytren\'s contracture; percutaneous', '26040', '1', 'major', '29', NULL, NULL, NULL, NULL, '2016-12-19 02:33:40', '2016-12-19 02:33:40'),
(370, 27, 'Fasciotomy, palmar, for Dupuytren\'s contracture; open, partial', '26045', '1', 'major', '29', NULL, NULL, NULL, NULL, '2016-12-19 02:33:40', '2016-12-19 02:33:40'),
(371, 27, 'Tendon sheath incision (eg, for trigger finger)', '26055', '1', 'major', '29', NULL, NULL, NULL, NULL, '2016-12-19 02:33:40', '2016-12-19 02:33:40'),
(372, 27, 'Arthrotomy, w/ exploration, drainage, or removal of foreign body; carpometacarpal joint', '26070', '1', 'major', '29', NULL, NULL, NULL, NULL, '2016-12-19 02:33:40', '2016-12-19 02:33:40'),
(373, 27, 'Arthrotomy, w/ exploration, drainage, or removal of foreign body; metacarpophalangeal joint', '26075', '1', 'major', '29', NULL, NULL, NULL, NULL, '2016-12-19 02:33:40', '2016-12-19 02:33:40'),
(374, 27, 'Arthrotomy, w/ exploration, drainage, or removal of foreign body; interphalangeal joint, each', '26080', '1', 'major', '29', NULL, NULL, NULL, NULL, '2016-12-19 02:33:40', '2016-12-19 02:33:40'),
(375, 27, 'Excision, tumor or vascular malformation, hand or finger; subcutaneous', '26115', '1', 'major', '13', NULL, NULL, NULL, NULL, '2016-12-19 02:33:40', '2016-12-19 02:33:40'),
(376, 27, 'Excision, tumor or vascular malformation, hand or finger; deep, subfascial, intramuscular', '26116', '1', 'major', '13', NULL, NULL, NULL, NULL, '2016-12-19 02:33:40', '2016-12-19 02:33:40'),
(377, 27, 'Fasciectomy, partial palmar w/ release of single digit including proximal interphalangeal joint, w/ or w/o Z-plasty, other local tissue rearrangement, or skin grafting (includes obtaining graft);', '26123', '1', 'major', '13', NULL, NULL, NULL, NULL, '2016-12-19 02:33:40', '2016-12-19 02:33:40'),
(378, 27, 'Fasciectomy, partial palmar w/ release of single digit including proximal interphalangeal joint, w/ or w/o Z-plasty, other local tissue rearrangement, or skin grafting (includes obtaining graft); each additional digit (List separately in addition to code for primary procedure', '26125', '1', 'major', '13', NULL, NULL, NULL, NULL, '2016-12-19 02:33:40', '2016-12-19 02:33:40'),
(379, 27, 'Synovectomy tendon sheath, radical (tenosynovectomy), flexor, palm or finger, single, each digit', '26145', '1', 'major', '13', NULL, NULL, NULL, NULL, '2016-12-19 02:33:40', '2016-12-19 02:33:40'),
(380, 27, 'Excision of lesion of tendon sheath or capsule (eg, cyst, mucous cyst, or ganglion), hand or finger', '26160', '1', 'major', '13', NULL, NULL, NULL, NULL, '2016-12-19 02:33:40', '2016-12-19 02:33:40'),
(381, 27, 'Partial excision (craterization, saucerization, or diaphysectomy) of bone (eg, for osteomyelitis); metacarpal', '26230', '1', 'major', '13', NULL, NULL, NULL, NULL, '2016-12-19 02:33:40', '2016-12-19 02:33:40'),
(382, 27, 'Partial excision (craterization, saucerization, or diaphysectomy) of bone (eg, for osteomyelitis); proximal or middle phalanx of finger', '26235', '1', 'major', '13', NULL, NULL, NULL, NULL, '2016-12-19 02:33:40', '2016-12-19 02:33:40'),
(383, 27, 'Partial excision (craterization, saucerization, or diaphysectomy) of bone (eg, for osteomyelitis); distal phalanx  of finger', '26236', '1', 'major', '13', NULL, NULL, NULL, NULL, '2016-12-19 02:33:40', '2016-12-19 02:33:40'),
(384, 0, 'Removal of implant from finger or hand', '26320', '1', 'major', '0', NULL, NULL, NULL, NULL, '2016-12-19 02:33:40', '2016-12-19 02:33:40'),
(385, 27, 'Flexor tendon repair or advancement, single, not in \'no man\'s land\', primary or secondary w/o free graft, each tendon', '26350', '1', 'major', '44', NULL, NULL, NULL, NULL, '2016-12-19 02:33:40', '2016-12-19 02:33:40'),
(386, 27, 'secondary w/ free graft (includes obtaining graft), each tendon', '26352', '1', 'major', '44', NULL, NULL, NULL, NULL, '2016-12-19 02:33:40', '2016-12-19 02:33:40'),
(387, 27, 'Flexor tendon repair or advancement, single, in \'no man\'s land\'; primary, each tendon', '26356', '1', 'major', '44', NULL, NULL, NULL, NULL, '2016-12-19 02:33:40', '2016-12-19 02:33:40'),
(388, 27, 'Flexor tendon repair or advancement, single, in \'no man\'s land\'; secondary, each tendon', '26357', '1', 'major', '44', NULL, NULL, NULL, NULL, '2016-12-19 02:33:40', '2016-12-19 02:33:40'),
(389, 27, 'Flexor tendon repair or advancement, single, in \'no man\'s land\'; secondary w/ free graft (includes obtaining graft), each tendon', '26358', '1', 'major', '44', NULL, NULL, NULL, NULL, '2016-12-19 02:33:40', '2016-12-19 02:33:40'),
(390, 27, 'Profundus tendon repair or advancement, w/ intact sublimis; primary', '26370', '1', 'major', '44', NULL, NULL, NULL, NULL, '2016-12-19 02:33:40', '2016-12-19 02:33:40'),
(391, 27, 'Profundus tendon repair or advancement, w/ intact sublimis; secondary w/ free graft (includes obtaining graft)', '26372', '1', 'major', '44', NULL, NULL, NULL, NULL, '2016-12-19 02:33:40', '2016-12-19 02:33:40'),
(392, 27, 'Profundus tendon repair or advancement, w/ intact sublimis; secondary w/o free graft', '26373', '1', 'major', '44', NULL, NULL, NULL, NULL, '2016-12-19 02:33:40', '2016-12-19 02:33:40'),
(393, 27, 'Extensor tendon repair, dorsum of hand, single, primary or secondary; w/o free graft, each tendon', '26410', '1', 'major', '44', NULL, NULL, NULL, NULL, '2016-12-19 02:33:40', '2016-12-19 02:33:40'),
(394, 27, 'Extensor tendon repair, dorsum of hand, single, primary or secondary; w/ free graft (includes obtaining graft), each tendon', '26412', '1', 'major', '44', NULL, NULL, NULL, NULL, '2016-12-19 02:33:40', '2016-12-19 02:33:40'),
(395, 27, 'Extensor tendon repair, dorsum of finger, single, primary or secondary; w/o free graft, each tendon', '26418', '1', 'major', '44', NULL, NULL, NULL, NULL, '2016-12-19 02:33:40', '2016-12-19 02:33:40'),
(396, 27, 'Extensor tendon repair, dorsum of finger, single, primary or secondary;  w/ free graft (includes obtaining graft), each tendon', '26420', '1', 'major', '44', NULL, NULL, NULL, NULL, '2016-12-19 02:33:40', '2016-12-19 02:33:40'),
(397, 27, 'Extensor tendon repair, central slip repair, secondary (boutonniere deformity); using local tissues', '26426', '1', 'major', '44', NULL, NULL, NULL, NULL, '2016-12-19 02:33:40', '2016-12-19 02:33:40'),
(398, 27, 'Extensor tendon repair, central slip repair, secondary (boutonniere deformity); w/ free graft (includes obtaining graft)', '26428', '1', 'major', '44', NULL, NULL, NULL, NULL, '2016-12-19 02:33:40', '2016-12-19 02:33:40'),
(399, 27, 'Extensor tendon repair, distal insertion (\'mallet finger\'), closed splinting w/ or w/o percutaneous pinning', '26432', '1', 'major', '44', NULL, NULL, NULL, NULL, '2016-12-19 02:33:40', '2016-12-19 02:33:40'),
(400, 27, 'Extensor tendon repair, distal insertion (\'mallet finger\'), open, primary or secondary repair; w/o graft', '26433', '1', 'major', '44', NULL, NULL, NULL, NULL, '2016-12-19 02:33:40', '2016-12-19 02:33:40'),
(401, 27, 'Extensor tendon repair, distal insertion (\'mallet finger\'), open, primary or secondary repair; w/ free graft (includes obtaining graft)', '26434', '1', 'major', '44', NULL, NULL, NULL, NULL, '2016-12-19 02:33:40', '2016-12-19 02:33:40'),
(402, 27, 'Extensor tendon realignment, hand', '26437', '1', 'major', '44', NULL, NULL, NULL, NULL, '2016-12-19 02:33:40', '2016-12-19 02:33:40'),
(403, 27, 'Tenotomy, flexor, single, palm, open, each', '26450', '1', 'major', '44', NULL, NULL, NULL, NULL, '2016-12-19 02:33:40', '2016-12-19 02:33:40'),
(404, 27, 'Tenotomy, flexor, single, finger, open, each', '26455', '1', 'major', '44', NULL, NULL, NULL, NULL, '2016-12-19 02:33:40', '2016-12-19 02:33:40'),
(405, 27, 'Tenotomy, extensor, hand or finger, single, open, each', '26460', '1', 'major', '44', NULL, NULL, NULL, NULL, '2016-12-19 02:33:40', '2016-12-19 02:33:40'),
(406, 27, 'Tenodesis; for proximal interphalangeal joint stabilization', '26471', '1', 'major', '44', NULL, NULL, NULL, NULL, '2016-12-19 02:33:40', '2016-12-19 02:33:40'),
(407, 27, 'Tenodesis; for distal joint stabilizaton', '26474', '1', 'major', '44', NULL, NULL, NULL, NULL, '2016-12-19 02:33:40', '2016-12-19 02:33:40'),
(408, 27, 'Opponensplasty; sublimis tendon transfer type ', '26490', '1', 'major', '44', NULL, NULL, NULL, NULL, '2016-12-19 02:33:40', '2016-12-19 02:33:40'),
(409, 27, 'Opponensplasty; tendon transfer w/ graft (includes obtaining graft', '26492', '1', 'major', '44', NULL, NULL, NULL, NULL, '2016-12-19 02:33:40', '2016-12-19 02:33:40'),
(410, 27, 'Opponensplasty; hypothenar muscle transfer', '26494', '1', 'major', '44', NULL, NULL, NULL, NULL, '2016-12-19 02:33:40', '2016-12-19 02:33:40'),
(411, 27, 'Opponensplasty; other methods', '26496', '1', 'major', '44', NULL, NULL, NULL, NULL, '2016-12-19 02:33:40', '2016-12-19 02:33:40'),
(412, 27, 'Arthroplasty, metacarpophalangeal joint; single, each ', '26530', '1', 'major', '44', NULL, NULL, NULL, NULL, '2016-12-19 02:33:40', '2016-12-19 02:33:40'),
(413, 27, 'Arthroplasty interphalangeal joint, single, each', '26535', '1', 'major', '44', NULL, NULL, NULL, NULL, '2016-12-19 02:33:40', '2016-12-19 02:33:40'),
(414, 27, 'Repair of collateral ligament, metacarpophalangeal or interphalangeal joint', '26540', '1', 'major', '44', NULL, NULL, NULL, NULL, '2016-12-19 02:33:40', '2016-12-19 02:33:40'),
(415, 27, 'Reconstruction, collateral ligament, metacarpophalangeal joint, single, w/ tendon or fascial graft (includes obtainig graft)', '26541', '1', 'major', '44', NULL, NULL, NULL, NULL, '2016-12-19 02:33:40', '2016-12-19 02:33:40'),
(416, 27, 'w/ local tissue (eg, adductor advancement', '26542', '1', 'major', '44', NULL, NULL, NULL, NULL, '2016-12-19 02:33:40', '2016-12-19 02:33:40'),
(417, 27, 'Reconstruction, collateral ligament, interphalangeal joint, single, including graft, each joint', '26545', '1', 'major', '44', NULL, NULL, NULL, NULL, '2016-12-19 02:33:40', '2016-12-19 02:33:40'),
(418, 27, 'Repair non-union, metacarpal or phalanx, (includes obtaining bone graft w/ or w/o external or internal fixation)', '26546', '1', 'major', '44', NULL, NULL, NULL, NULL, '2016-12-19 02:33:40', '2016-12-19 02:33:40'),
(419, 27, 'Repair and reconstruction, finger, volar plate, interphalangeal joint', '26548', '1', 'major', '44', NULL, NULL, NULL, NULL, '2016-12-19 02:33:40', '2016-12-19 02:33:40'),
(420, 27, 'Osteotomy for correction of deformity; metacarpal', '26565', '1', 'major', '44', NULL, NULL, NULL, NULL, '2016-12-19 02:33:40', '2016-12-19 02:33:40'),
(421, 27, 'Osteotomy for correction of deformity; phalanx of finger', '26567', '1', 'major', '44', NULL, NULL, NULL, NULL, '2016-12-19 02:33:40', '2016-12-19 02:33:40'),
(422, 27, 'Repair, intrinsic muscles of hand (specify)', '26591', '1', 'major', '44', NULL, NULL, NULL, NULL, '2016-12-19 02:33:40', '2016-12-19 02:33:40'),
(423, 27, 'Release, intrinsic muscles of hand (specify)', '26593', '1', 'major', '44', NULL, NULL, NULL, NULL, '2016-12-19 02:33:40', '2016-12-19 02:33:40'),
(424, 27, 'Release of scar contracture, flexor or extensor, w/ skin grafts, rearrangement flaps, or Z-plasties, hand and/or finger', '26597', '1', 'major', '44', NULL, NULL, NULL, NULL, '2016-12-19 02:33:40', '2016-12-19 02:33:40'),
(425, 0, 'Microdissection and/or microrepair of nerve (list separately in addition to code for nerve repair)', '64830', '1', 'major', '0', NULL, NULL, NULL, NULL, '2016-12-19 02:33:40', '2016-12-19 02:33:40'),
(426, 0, 'Suture of digital nerve, hand or foot; one nerve', '64831', '1', 'major', '0', NULL, NULL, NULL, NULL, '2016-12-19 02:33:40', '2016-12-19 02:33:40'),
(427, 0, 'each additional digital nerve', '64832', '1', 'major', '0', NULL, NULL, NULL, NULL, '2016-12-19 02:33:40', '2016-12-19 02:33:40'),
(428, 0, 'Suture of one nerve, hand or foot; common sensory nerve', '64834', '1', 'major', '0', NULL, NULL, NULL, NULL, '2016-12-19 02:33:40', '2016-12-19 02:33:40'),
(429, 0, 'median motor thenar', '64835', '1', 'major', '0', NULL, NULL, NULL, NULL, '2016-12-19 02:33:40', '2016-12-19 02:33:40'),
(430, 0, 'ulnar motor', '64836', '1', 'major', '0', NULL, NULL, NULL, NULL, '2016-12-19 02:33:40', '2016-12-19 02:33:40'),
(431, 0, 'Suture of each additional nerve, hand or foot', '64837', '1', 'major', '0', NULL, NULL, NULL, NULL, '2016-12-19 02:33:40', '2016-12-19 02:33:40'),
(432, 27, 'Closed treatment of metacarpal fracture, single; w/o manipulation, each bone', '26600', '1', 'major', '23', NULL, NULL, NULL, NULL, '2016-12-19 02:33:40', '2016-12-19 02:33:40'),
(433, 27, 'Closed treatment of metacarpal fracture, single; w/ manipulation, each bone', '26605', '1', 'major', '23', NULL, NULL, NULL, NULL, '2016-12-19 02:33:40', '2016-12-19 02:33:40'),
(434, 27, 'Closed treatment of metacarpal fracture, w/ manipulation, w/ internal or external fixation, each bone', '26607', '1', 'major', '23', NULL, NULL, NULL, NULL, '2016-12-19 02:33:40', '2016-12-19 02:33:40'),
(435, 27, 'Percutaneous skeletal fixation of metacarpal fracture, each bone', '26608', '1', 'major', '23', NULL, NULL, NULL, NULL, '2016-12-19 02:33:40', '2016-12-19 02:33:40'),
(436, 27, 'Open treatment of metacarpal fracture, single, w/ or w/o internal or external fixation, each bone', '26615', '1', 'major', '23', NULL, NULL, NULL, NULL, '2016-12-19 02:33:40', '2016-12-19 02:33:40'),
(437, 27, 'Closed treatment of carpometacarpal dislocation, thumb, w/ manipulation', '26641', '1', 'major', '23', NULL, NULL, NULL, NULL, '2016-12-19 02:33:40', '2016-12-19 02:33:40'),
(438, 27, 'Closed tratment of carpometacarpal fracture dislocation, thumb (Bennett fracture), w/ manipulation', '26645', '1', 'major', '23', NULL, NULL, NULL, NULL, '2016-12-19 02:33:40', '2016-12-19 02:33:40'),
(439, 27, 'Percutaneous skeletal fixation of carpometacarpal fracture dislocation, thumb (Bennett fracture), w/ manipulation, w/ or w/o external fixation', '26650', '1', 'major', '23', NULL, NULL, NULL, NULL, '2016-12-19 02:33:40', '2016-12-19 02:33:40'),
(440, 27, 'Open treatment of carpometacarpal fracture dislocation, thumb (Bennett fracture), w/ or w/o internal or external fixation', '26665', '1', 'major', '23', NULL, NULL, NULL, NULL, '2016-12-19 02:33:40', '2016-12-19 02:33:40'),
(441, 27, 'Closed treatment of carpometacarpal dislocation, other than thumb (Bennett fracture); single, w/ manipulation; w/o anesthesia', '26670', '1', 'major', '23', NULL, NULL, NULL, NULL, '2016-12-19 02:33:40', '2016-12-19 02:33:40'),
(442, 27, 'Closed treatment of carpometacarpal dislocation, other than thumb (Bennett fracture); single, w/ manipulation; requiring anesthesia', '26675', '1', 'major', '23', NULL, NULL, NULL, NULL, '2016-12-19 02:33:40', '2016-12-19 02:33:40'),
(443, 27, 'Percutaneous skeletal fixation of carpometacarpal dislocation, other than thumb (Bennett fracture), single, w/ manipulation', '26676', '1', 'major', '23', NULL, NULL, NULL, NULL, '2016-12-19 02:33:40', '2016-12-19 02:33:40'),
(444, 27, 'Open treatment of carpometacarpal dislocation, other than thumb (Bennett fracture); single, w/ or w/o internal or external fixation', '26685', '1', 'major', '23', NULL, NULL, NULL, NULL, '2016-12-19 02:33:40', '2016-12-19 02:33:40'),
(445, 27, 'Open treatment of carpometacarpal dislocation, other than thumb (Bennett fracture); complex, multiple or delayed reduction', '26686', '1', 'major', '23', NULL, NULL, NULL, NULL, '2016-12-19 02:33:40', '2016-12-19 02:33:40'),
(446, 27, 'Closed treatment of metacarpophalangeal dislocation, single, w/ manipulation; w/o anesthesia', '26700', '1', 'major', '0', NULL, NULL, NULL, NULL, '2016-12-19 02:33:40', '2016-12-19 02:33:40'),
(447, 0, 'requiring anesthesia', '26705', '1', 'major', '0', NULL, NULL, NULL, NULL, '2016-12-19 02:33:40', '2016-12-19 02:33:40'),
(448, 27, 'Percutaneous skeletal fixation of metacarpophalangeal dislocation, single, w/ manipulation', '26706', '1', 'major', '0', NULL, NULL, NULL, NULL, '2016-12-19 02:33:40', '2016-12-19 02:33:40'),
(449, 27, 'Open treatment of metacarpophalangeal dislocation, single, w/ or w/o internal or external fixation', '26715', '1', 'major', '0', NULL, NULL, NULL, NULL, '2016-12-19 02:33:40', '2016-12-19 02:33:40'),
(450, 27, 'Closed treatment of phalangeal shaft fracture, proximal or middle phalanx, finger or thumb; w/o manipulation, each', '26720', '1', 'major', '0', NULL, NULL, NULL, NULL, '2016-12-19 02:33:40', '2016-12-19 02:33:40'),
(451, 0, 'w/ manipulation, w/ or w/o skin or skeletal traction, each', '26725', '1', 'major', '0', NULL, NULL, NULL, NULL, '2016-12-19 02:33:40', '2016-12-19 02:33:40'),
(452, 27, 'Percutaneous skeletal fixation of unstable phalangeal shaft fracture, proximal or middle phalanx, finger or thumb, w/ manipulation, each', '26727', '1', 'major', '0', NULL, NULL, NULL, NULL, '2016-12-19 02:33:40', '2016-12-19 02:33:40'),
(453, 27, 'Open treatment of phalangeal shaft fracture, proximal or middle phalanx, finger or thumb, w/ or w/o internal or external fixation, each', '26735', '1', 'major', '0', NULL, NULL, NULL, NULL, '2016-12-19 02:33:40', '2016-12-19 02:33:40'),
(454, 27, 'Closed treatment of articular fracture, involving metacarpophalangeal or interphalangeal joint; w/o manipulation, each', '26740', '1', 'major', '0', NULL, NULL, NULL, NULL, '2016-12-19 02:33:40', '2016-12-19 02:33:40'),
(455, 0, 'w/ manipulation, each', '26742', '1', 'major', '0', NULL, NULL, NULL, NULL, '2016-12-19 02:33:40', '2016-12-19 02:33:40'),
(456, 27, 'Open treatment of articular fracture, involving metacarpophalangeal or interphalangeal joint, w/ or w/o internal or external fixation, each', '26746', '1', 'major', '0', NULL, NULL, NULL, NULL, '2016-12-19 02:33:40', '2016-12-19 02:33:40'),
(457, 27, 'Closed treatment of distal phalangeal fracture, finger or thumb; w/o manipulation, each', '26750', '1', 'major', '0', NULL, NULL, NULL, NULL, '2016-12-19 02:33:40', '2016-12-19 02:33:40'),
(458, 0, 'w/ manipulation, each', '26755', '1', 'major', '0', NULL, NULL, NULL, NULL, '2016-12-19 02:33:40', '2016-12-19 02:33:40'),
(459, 27, 'Percutaneous skeletal fixation of distal phalangeal fracture, finger or thumb, each', '26756', '1', 'major', '0', NULL, NULL, NULL, NULL, '2016-12-19 02:33:40', '2016-12-19 02:33:40'),
(460, 27, 'Open treatment of distal phalangeal fracture, finger or thumb, w/ or w/o internal or external fixation, each', '26765', '1', 'major', '0', NULL, NULL, NULL, NULL, '2016-12-19 02:33:40', '2016-12-19 02:33:40'),
(461, 27, 'Closed treatment of interphalangeal joint dislocation, single, w/ manipulation; w/o anesthesia', '26770', '1', 'major', '0', NULL, NULL, NULL, NULL, '2016-12-19 02:33:40', '2016-12-19 02:33:40'),
(462, 0, 'requiring anesthesia', '26775', '1', 'major', '0', NULL, NULL, NULL, NULL, '2016-12-19 02:33:40', '2016-12-19 02:33:40'),
(463, 27, 'Percutaneous skeletal fixation of interphalangeal joint dislocation, single, w/ manipulation', '26776', '1', 'major', '0', NULL, NULL, NULL, NULL, '2016-12-19 02:33:40', '2016-12-19 02:33:40'),
(464, 27, 'Open treatment of interphalangeal joint dislocation, w/ or w/o internal or external fixation, single', '26785', '1', 'major', '0', NULL, NULL, NULL, NULL, '2016-12-19 02:33:40', '2016-12-19 02:33:40'),
(465, 27, 'Amputation, metacarpal, w/ finger or thumb (ray amputation), single, w/ or w/o interosseous transfer', '26910', '1', 'major', '2', NULL, NULL, NULL, NULL, '2016-12-19 02:33:40', '2016-12-19 02:33:40'),
(466, 27, 'Amputation, finger or thumb, primary or secondary, any joint or phalanx, single, including neurectomies; w/ direct closure', '26951', '1', 'major', '2', NULL, NULL, NULL, NULL, '2016-12-19 02:33:40', '2016-12-19 02:33:40'),
(467, 27, 'Amputation, finger or thumb, primary or secondary, any joint or phalanx, single, including neurectomies; w/ local advancement flaps (V-Y, hood)', '26952', '1', 'major', '2', NULL, NULL, NULL, NULL, '2016-12-19 02:33:40', '2016-12-19 02:33:40'),
(468, 7, 'shoulder to hand (long arm)', '29065', '1', 'major', '9', NULL, NULL, NULL, NULL, '2016-12-19 02:33:40', '2016-12-19 02:33:40'),
(469, 7, 'elbow to finger (short arm)', '29075', '1', 'major', '9', NULL, NULL, NULL, NULL, '2016-12-19 02:33:40', '2016-12-19 02:33:40'),
(470, 7, 'hand and lower forearm (gauntlet)', '29085', '1', 'major', '9', NULL, NULL, NULL, NULL, '2016-12-19 02:33:40', '2016-12-19 02:33:40'),
(471, 0, 'Application of long arm splint (shoulder to hand)', '29105', '1', 'major', '0', NULL, NULL, NULL, NULL, '2016-12-19 02:33:40', '2016-12-19 02:33:40'),
(472, 0, 'Application of short arm splint (forearm to hand); static', '29125', '1', 'major', '0', NULL, NULL, NULL, NULL, '2016-12-19 02:33:40', '2016-12-19 02:33:40'),
(473, 0, 'dynamic', '29126', '1', 'major', '0', NULL, NULL, NULL, NULL, '2016-12-19 02:33:40', '2016-12-19 02:33:40'),
(474, 0, 'Application of finger splint; static', '29130', '1', 'major', '0', NULL, NULL, NULL, NULL, '2016-12-19 02:33:40', '2016-12-19 02:33:40'),
(475, 0, 'dynamic', '29131', '1', 'major', '0', NULL, NULL, NULL, NULL, '2016-12-19 02:33:40', '2016-12-19 02:33:40'),
(476, 7, 'Arthroscopy, wrist, diagnostic, w/ or w/o synovial biopsy (separate procedure', '29840', '1', 'major', '5', NULL, NULL, NULL, NULL, '2016-12-19 02:33:40', '2016-12-19 02:33:40'),
(477, 7, 'Arthroscopy, wrist, surgical; for infection, lavage and drainage', '29843', '1', 'major', '5', NULL, NULL, NULL, NULL, '2016-12-19 02:33:40', '2016-12-19 02:33:40'),
(478, 7, 'synovectomy, partial', '29844', '1', 'major', '5', NULL, NULL, NULL, NULL, '2016-12-19 02:33:40', '2016-12-19 02:33:40'),
(479, 7, 'w/ release of transverse carpal ligament', '29848', '1', 'major', '5', NULL, NULL, NULL, NULL, '2016-12-19 02:33:40', '2016-12-19 02:33:40'),
(480, 0, 'Exploration of penetrating wound (separate procedure); neck', '20100', '1', 'major', '0', NULL, NULL, NULL, NULL, '2016-12-19 02:33:40', '2016-12-19 02:33:40'),
(481, 0, 'chest', '20101', '1', 'major', '0', NULL, NULL, NULL, NULL, '2016-12-19 02:33:40', '2016-12-19 02:33:40'),
(482, 0, 'extremity', '20103', '1', 'major', '0', NULL, NULL, NULL, NULL, '2016-12-19 02:33:40', '2016-12-19 02:33:40'),
(483, 0, 'Excision of epiphyseal bar, w/ or w/o autogenous soft tissue graft obtained through same fascial incision', '20150', '1', 'major', '0', NULL, NULL, NULL, NULL, '2016-12-19 02:33:40', '2016-12-19 02:33:40'),
(484, 25, 'Biopsy, vertebral body, open; thoracic', '20250', '1', 'major', '13', NULL, NULL, NULL, NULL, '2016-12-19 02:33:40', '2016-12-19 02:33:40'),
(485, 25, 'Biopsy, vertebral body, open; lumbar or cervical', '20251', '1', 'major', '13', NULL, NULL, NULL, NULL, '2016-12-19 02:33:40', '2016-12-19 02:33:40'),
(486, 0, 'Injection of sinus tract; therapeutic (separate procedure)', '20500', '1', 'major', '0', NULL, NULL, NULL, NULL, '2016-12-19 02:33:40', '2016-12-19 02:33:40'),
(487, 25, 'Removal of foreign body in muscle or tendon sheath; simple', '20520', '1', 'major', '32', NULL, NULL, NULL, NULL, '2016-12-19 02:33:40', '2016-12-19 02:33:40'),
(488, 25, 'Removal of foreign body in muscle or tendon sheath; deep or complicated', '20525', '1', 'major', '32', NULL, NULL, NULL, NULL, '2016-12-19 02:33:40', '2016-12-19 02:33:40'),
(489, 25, 'Aspiration and injection for treatment of bone cyst', '20615', '1', 'major', '32', NULL, NULL, NULL, NULL, '2016-12-19 02:33:40', '2016-12-19 02:33:40'),
(490, 25, 'Application of cranial tongs, caliper, or stereotactic frame, including removal (separate procedure)', '20660', '1', 'major', '32', NULL, NULL, NULL, NULL, '2016-12-19 02:33:40', '2016-12-19 02:33:40'),
(491, 25, 'Application of halo, including removal; cranial ', '20661', '1', 'major', '32', NULL, NULL, NULL, NULL, '2016-12-19 02:33:40', '2016-12-19 02:33:40'),
(492, 25, 'Application of halo, including removal; pelvic', '20662', '1', 'major', '32', NULL, NULL, NULL, NULL, '2016-12-19 02:33:40', '2016-12-19 02:33:40'),
(493, 25, 'Application of halo, including removal; femoral', '20663', '1', 'major', '32', NULL, NULL, NULL, NULL, '2016-12-19 02:33:40', '2016-12-19 02:33:40'),
(494, 25, 'Removal of tongs or halo applied by another physician', '20665', '1', 'major', '32', NULL, NULL, NULL, NULL, '2016-12-19 02:33:40', '2016-12-19 02:33:40'),
(495, 25, 'Allograft for spine surgery only; morselized', '20930', '1', 'major', '26', NULL, NULL, NULL, NULL, '2016-12-19 02:33:40', '2016-12-19 02:33:40'),
(496, 25, 'Allograft for spine surgery only; structural', '20931', '1', 'major', '26', NULL, NULL, NULL, NULL, '2016-12-19 02:33:40', '2016-12-19 02:33:40'),
(497, 25, 'Autograft for spine surgery only (includes harvesting the graft); local (eg, ribs, spinous process, or laminar fragments) obtained from same incision', '20936', '1', 'major', '26', NULL, NULL, NULL, NULL, '2016-12-19 02:33:40', '2016-12-19 02:33:40'),
(498, 25, 'Autograft for spine surgery only (includes harvesting the graft); morselized (thorugh separate skin or fascial incision)', '20937', '1', 'major', '26', NULL, NULL, NULL, NULL, '2016-12-19 02:33:40', '2016-12-19 02:33:40'),
(499, 25, 'Autograft for spine surgery only (includes harvesting the graft); structural, bicortical or tricortial (through separate skin or fascial incision)', '20938', '1', 'major', '26', NULL, NULL, NULL, NULL, '2016-12-19 02:33:40', '2016-12-19 02:33:40'),
(500, 7, 'bicondylar, w/ or w/o internal or external fixation (includes arthroscopy)', '29856', '1', 'major', '5', NULL, NULL, NULL, NULL, '2016-12-19 02:33:40', '2016-12-19 02:33:40'),
(501, 7, 'Arthroscopically aided treatment of tibial fracture, proximal (plateau); unicondylar, w/ or w/o internal or external fixation (includes arthroscopy)', '29855', '1', 'major', '5', NULL, NULL, NULL, NULL, '2016-12-19 02:33:40', '2016-12-19 02:33:40'),
(502, 7, 'w/ internal or external fixation (includes arthroscopy)', '29851', '1', 'major', '5', NULL, NULL, NULL, NULL, '2016-12-19 02:33:40', '2016-12-19 02:33:40'),
(503, 7, 'Arthroscopically aided treatment of intercondylar spine(s) and/or tuberosity fracture(s) of the knee, w/ or w/o manipulation; w/o internal or external fixation (includes arthroscopy)', '29850', '1', 'major', '5', NULL, NULL, NULL, NULL, '2016-12-19 02:33:40', '2016-12-19 02:33:40'),
(504, 0, 'toes', '29550', '1', 'major', '0', NULL, NULL, NULL, NULL, '2016-12-19 02:33:40', '2016-12-19 02:33:40'),
(505, 0, 'ankle', '29540', '1', 'major', '0', NULL, NULL, NULL, NULL, '2016-12-19 02:33:40', '2016-12-19 02:33:40'),
(506, 0, 'knee', '29530', '1', 'major', '0', NULL, NULL, NULL, NULL, '2016-12-19 02:33:40', '2016-12-19 02:33:40'),
(507, 0, 'Application of short leg splint (calf to foot)', '29515', '1', 'major', '0', NULL, NULL, NULL, NULL, '2016-12-19 02:33:40', '2016-12-19 02:33:40'),
(508, 0, 'Application of long leg splint (thigh to ankle or toes)', '29505', '1', 'major', '0', NULL, NULL, NULL, NULL, '2016-12-19 02:33:40', '2016-12-19 02:33:40'),
(509, 21, 'Open treatment of tarsal bone dislocation, w/ or w/o internal or external fixation', '28555', '1', 'major', '23', NULL, NULL, NULL, NULL, '2016-12-19 02:33:40', '2016-12-19 02:33:40'),
(510, 21, 'Closed treatment of talotarsal joint dislocation; w/o anesthesia', '28570', '1', 'major', '23', NULL, NULL, NULL, NULL, '2016-12-19 02:33:40', '2016-12-19 02:33:40'),
(511, 21, 'Closed treatment of talotarsal joint dislocation; requiring anesthesia', '28575', '1', 'major', '23', NULL, NULL, NULL, NULL, '2016-12-19 02:33:40', '2016-12-19 02:33:40'),
(512, 21, 'Closed treatment of tarsometatarsal joint dislocation; w/o anesthesia', '28600', '1', 'major', '23', NULL, NULL, NULL, NULL, '2016-12-19 02:33:40', '2016-12-19 02:33:40'),
(513, 21, 'Closed treatment of tarsometatarsal joint dislocation; requiring anesthesia', '28605', '1', 'major', '23', NULL, NULL, NULL, NULL, '2016-12-19 02:33:40', '2016-12-19 02:33:40'),
(514, 21, 'Percutaneous skeletal fixation of talotarsal joint dislocation, w/ manipulation', '28576', '1', 'major', '23', NULL, NULL, NULL, NULL, '2016-12-19 02:33:40', '2016-12-19 02:33:40'),
(515, 21, 'Open treatment of talotarsal joint dislocation, w/ or w/o internal or external fixation', '28585', '1', 'major', '23', NULL, NULL, NULL, NULL, '2016-12-19 02:33:40', '2016-12-19 02:33:40'),
(516, 21, 'Percutaneous skeletal fixation of tarsometatarsal joint dislocation, w/ manipulation', '28606', '1', 'major', '23', NULL, NULL, NULL, NULL, '2016-12-19 02:33:40', '2016-12-19 02:33:40'),
(517, 21, 'Open treatment of tarsometatarsal joint dislocation, w/ or w/o internal or external fixation', '28615', '1', 'major', '23', NULL, NULL, NULL, NULL, '2016-12-19 02:33:40', '2016-12-19 02:33:40'),
(518, 21, 'Closed treatment of metatarsophalangeal joint dislocation; w/o anesthesia', '28630', '1', 'major', '23', NULL, NULL, NULL, NULL, '2016-12-19 02:33:40', '2016-12-19 02:33:40'),
(519, 21, 'Closed treatment of metatarsophalangeal joint dislocation; requiring anesthesia', '28635', '1', 'major', '23', NULL, NULL, NULL, NULL, '2016-12-19 02:33:40', '2016-12-19 02:33:40'),
(520, 21, 'Percutaneous skeletal fixation of metatarsophalangeal joint dislocation, w/ manipulation', '28636', '1', 'major', '23', NULL, NULL, NULL, NULL, '2016-12-19 02:33:40', '2016-12-19 02:33:40'),
(521, 21, 'Open treatment of metatarsophalangeal joint dislocation, w/ or w/o internal or external fixation', '28645', '1', 'major', '23', NULL, NULL, NULL, NULL, '2016-12-19 02:33:40', '2016-12-19 02:33:40'),
(522, 21, 'Closed treatment of interphalangeal joint dislocation; w/o anesthesia', '28660', '1', 'major', '23', NULL, NULL, NULL, NULL, '2016-12-19 02:33:40', '2016-12-19 02:33:40'),
(523, 21, 'Closed treatment of interphalangeal joint dislocation; requiring anesthesia', '28665', '1', 'major', '23', NULL, NULL, NULL, NULL, '2016-12-19 02:33:40', '2016-12-19 02:33:40'),
(524, 21, 'Percutaneous skeletal fixation of interphalangeal joint dislocation, w/ manipulation', '28666', '1', 'major', '23', NULL, NULL, NULL, NULL, '2016-12-19 02:33:40', '2016-12-19 02:33:40'),
(525, 21, 'Open treatment of interphalangeal joint dislocation, w/ or w/o internal or external fixation', '28675', '1', 'major', '23', NULL, NULL, NULL, NULL, '2016-12-19 02:33:40', '2016-12-19 02:33:40'),
(526, 0, 'Strapping; thorax', '29200', '1', 'major', '0', NULL, NULL, NULL, NULL, '2016-12-19 02:33:40', '2016-12-19 02:33:40'),
(527, 0, 'low back', '29220', '1', 'major', '0', NULL, NULL, NULL, NULL, '2016-12-19 02:33:40', '2016-12-19 02:33:40'),
(528, 0, 'shoulder (eg, Velpeau)', '29240', '1', 'major', '0', NULL, NULL, NULL, NULL, '2016-12-19 02:33:40', '2016-12-19 02:33:40'),
(529, 33, 'Open treatment of fracture of weight bearing articular surface/portion of distal tibia (eg, pilon or tibial plafond), w/ internal or external fixation; of fibula only', ' 27826', '1', 'major', '0', NULL, NULL, NULL, NULL, '2016-12-19 02:33:40', '2016-12-19 02:33:40'),
(530, 33, 'Open treatment of fracture of weight bearing articular surface/portion of distal tibia (eg, pilon or tibial plafond), w/ internal or external fixation; of tibia only', '27827', '1', 'major', '23', NULL, NULL, NULL, NULL, '2016-12-19 02:33:40', '2016-12-19 02:33:40'),
(531, 33, 'Open treatment of fracture of weight bearing articular surface/portion of distal tibia (eg, pilon or tibial plafond), w/ internal or external fixation; of both tibia and fibula', '27828', '1', 'major', '23', NULL, NULL, NULL, NULL, '2016-12-19 02:33:40', '2016-12-19 02:33:40'),
(532, 33, 'Open treatment of distal tibiofibular joint (syndesmosis) disruption, w/ or w/o internal or external fixation', '27829', '1', 'major', '23', NULL, NULL, NULL, NULL, '2016-12-19 02:33:40', '2016-12-19 02:33:40'),
(533, 33, 'Closed treatment of proximal tibiofibular joint dislocation; w/o anesthesia', '27830', '1', 'major', '23', NULL, NULL, NULL, NULL, '2016-12-19 02:33:40', '2016-12-19 02:33:40'),
(534, 33, 'Closed treatment of proximal tibiofibular joint dislocation; requiring anesthesia', '27831', '1', 'major', '23', NULL, NULL, NULL, NULL, '2016-12-19 02:33:40', '2016-12-19 02:33:40'),
(535, 33, 'Open treatment of proximal tibiofibular joint dislocation, w/ or w/o internal or external fixation, or w/ excision of proximal fibula', '27832', '1', 'major', '23', NULL, NULL, NULL, NULL, '2016-12-19 02:33:40', '2016-12-19 02:33:40'),
(536, 33, 'Closed treatment of ankle dislocation; w/o anesthesia', '27840', '1', 'major', '23', NULL, NULL, NULL, NULL, '2016-12-19 02:33:40', '2016-12-19 02:33:40'),
(537, 33, 'Closed treatment of ankle dislocation; requiring anesthesia, w/ or w/o percutaneous skeletal fixation', '27842', '1', 'major', '23', NULL, NULL, NULL, NULL, '2016-12-19 02:33:40', '2016-12-19 02:33:40'),
(538, 33, 'Open treatment of ankle dislocation, w/ or w/o percutaneous skeletal fixation; w/o repair or internal fixation', '27846', '1', 'major', '23', NULL, NULL, NULL, NULL, '2016-12-19 02:33:40', '2016-12-19 02:33:40'),
(539, 33, 'Open treatment of ankle dislocation, w/ or w/o percutaneous skeletal fixation;  w/ repair or internal or external fixation', '27848', '1', 'major', '23', NULL, NULL, NULL, NULL, '2016-12-19 02:33:40', '2016-12-19 02:33:40'),
(540, 33, 'Amputation, leg, through tibia and fibula; w/ immediate fitting technique including application of first cast', '27881', '1', 'major', '2', NULL, NULL, NULL, NULL, '2016-12-19 02:33:40', '2016-12-19 02:33:40'),
(541, 33, 'Decompression fasciotomy, leg; posterior compartment(s) only, w/ debridement of nonviable muscle and/or nerve', '27893', '1', 'major', '38', NULL, NULL, NULL, NULL, '2016-12-19 02:33:40', '2016-12-19 02:33:40'),
(542, 33, 'Open treatment of fracture of weight bearing articular surface/portion of distal tibia (eg, pilon or tibial plafond), w/ internal or external fixation; of fibula only', '27826', '1', 'major', '23', NULL, NULL, NULL, NULL, '2016-12-19 02:33:40', '2016-12-19 02:33:40');
INSERT INTO `cpts` (`id`, `cptCategoriesID`, `description`, `code`, `version`, `classification`, `subCptCategories1ID`, `subCptCategories2ID`, `subCptCategories3ID`, `subCptCategories4ID`, `deleted_at`, `created_at`, `updated_at`) VALUES
(543, 21, 'Repair or suture of tendon, foot, flexor, single; primary or secondary, w/o free graft, each tendon', '28200', '1', 'major', '44', NULL, NULL, NULL, NULL, '2016-12-19 02:33:40', '2016-12-19 02:33:40'),
(544, 21, 'Repair or suture of tendon, foot, flexor, single; secondary w/ free graft, each tendon (includes obtaining graft)', '28202', '1', 'major', '44', NULL, NULL, NULL, NULL, '2016-12-19 02:33:40', '2016-12-19 02:33:40'),
(545, 21, 'Repair or suture of tendon, foot, extensor, single; primary or secondary, each tendon', '28208', '1', 'major', '44', NULL, NULL, NULL, NULL, '2016-12-19 02:33:40', '2016-12-19 02:33:40'),
(546, 21, 'Repair or suture of tendon, foot, extensor, single; secondary w/ free graft, each tendon (includes obtaining graft)', '28210', '1', 'major', '44', NULL, NULL, NULL, NULL, '2016-12-19 02:33:40', '2016-12-19 02:33:40'),
(547, 21, 'Closed treatment of calcaneal fracture; w/o manipulation', '28400', '1', 'major', '23', NULL, NULL, NULL, NULL, '2016-12-19 02:33:40', '2016-12-19 02:33:40'),
(548, 21, 'w/ manipulation', '28405', '1', 'major', '23', NULL, NULL, NULL, NULL, '2016-12-19 02:33:40', '2016-12-19 02:33:40'),
(549, 21, 'Percutaneous skeletal fixation of calcaneal fracture, w/ manipulation', '28406', '1', 'major', '44', NULL, NULL, NULL, NULL, '2016-12-19 02:33:40', '2016-12-19 02:33:40'),
(550, 21, 'Open treatment of calcaneal fracture, w/ or w/o internal or external fixation;', '28415', '1', 'major', '23', NULL, NULL, NULL, NULL, '2016-12-19 02:33:40', '2016-12-19 02:33:40'),
(551, 21, 'w/ primary iliac or other autogenous bone graft (includes obtaining graft)', '28420', '1', 'major', '23', NULL, NULL, NULL, NULL, '2016-12-19 02:33:40', '2016-12-19 02:33:40'),
(552, 21, 'Closed treatment of talus fracture; w/o manipulation', '28430', '1', 'major', '23', NULL, NULL, NULL, NULL, '2016-12-19 02:33:40', '2016-12-19 02:33:40'),
(553, 21, 'w/ manipulation', '28435', '1', 'major', '23', NULL, NULL, NULL, NULL, '2016-12-19 02:33:40', '2016-12-19 02:33:40'),
(554, 21, 'Percutaneous skeletal fixation of talus fracture, w/ manipulation', '28436', '1', 'major', '23', NULL, NULL, NULL, NULL, '2016-12-19 02:33:40', '2016-12-19 02:33:40'),
(555, 21, 'Open treatment of talus fracture, w/ or w/o internal or external fixation', '28445', '1', 'major', '23', NULL, NULL, NULL, NULL, '2016-12-19 02:33:40', '2016-12-19 02:33:40'),
(556, 21, 'Percutaneous skeletal fixation of tarsal bone fracture (except talus and calcaneus), w/ manipulation, each', '28456', '1', 'major', '23', NULL, NULL, NULL, NULL, '2016-12-19 02:33:40', '2016-12-19 02:33:40'),
(557, 21, 'Open treatment of tarsal bone fracture (except talus and calcaneus), w/ or w/o internal or external fixation, each', '28465', '1', 'major', '23', NULL, NULL, NULL, NULL, '2016-12-19 02:33:40', '2016-12-19 02:33:40'),
(558, 21, 'Closed treatment of metatarsal fracture; w/o manipulation, each', '28470', '1', 'major', '23', NULL, NULL, NULL, NULL, '2016-12-19 02:33:40', '2016-12-19 02:33:40'),
(559, 21, 'w/ manipulation, each', '28475', '1', 'major', '23', NULL, NULL, NULL, NULL, '2016-12-19 02:33:40', '2016-12-19 02:33:40'),
(560, 33, 'Closed treatment of tibial shaft fracture', '27750', '1', 'major', '23', NULL, NULL, NULL, NULL, '2016-12-19 02:33:40', '2016-12-19 02:33:40'),
(561, 33, 'Percutaneous skeletal fixation of tibial shaft fracture', '27756', '1', 'major', '23', NULL, NULL, NULL, NULL, '2016-12-19 02:33:40', '2016-12-19 02:33:40'),
(562, 25, 'Replantation, arm (includes surgical neck of humerus through elbow joint), complete amputation', '20802', '1', 'major', '45', NULL, NULL, NULL, NULL, '2016-12-19 02:33:40', '2016-12-19 02:33:40'),
(563, 25, 'Replantation, forearm (includes radius and ulna to radial carpal joint), complete amputation', '20805', '1', 'major', '45', NULL, NULL, NULL, NULL, '2016-12-19 02:33:40', '2016-12-19 02:33:40'),
(564, 25, 'Replantation, digit, excluding thumb (includes metacarpophalangeal joint to insertion of flexor sublimis tendon), complete amputation', '20816', '1', 'major', '45', NULL, NULL, NULL, NULL, '2016-12-19 02:33:40', '2016-12-19 02:33:40'),
(565, 25, 'Replantation, digit,  excluding thumb (includes distal tip to sublimis tendon insertion), complete amputation ', '20822', '1', 'major', '45', NULL, NULL, NULL, NULL, '2016-12-19 02:33:40', '2016-12-19 02:33:40'),
(566, 25, 'Replantation, thumb (includes carpometacarpal joint to MP joint), complete amputation', '20824', '1', 'major', '45', NULL, NULL, NULL, NULL, '2016-12-19 02:33:40', '2016-12-19 02:33:40'),
(567, 25, 'Replantation, thumb (inludes distal tip to MP joint), complete amputation', '20827', '1', 'major', '45', NULL, NULL, NULL, NULL, '2016-12-19 02:33:40', '2016-12-19 02:33:40'),
(568, 25, 'Replantation, foot, complete amputation', '20838', '1', 'major', '45', NULL, NULL, NULL, NULL, '2016-12-19 02:33:40', '2016-12-19 02:33:40'),
(569, 25, 'Cartillage graft; coctochondral', '20910', '1', 'major', '26', NULL, NULL, NULL, NULL, '2016-12-19 02:33:40', '2016-12-19 02:33:40'),
(570, 25, 'Cartillage graft; nasal septum', '20912', '1', 'major', '26', NULL, NULL, NULL, NULL, '2016-12-19 02:33:40', '2016-12-19 02:33:40'),
(571, 25, 'Facial lata graft; by stripper', '20920', '1', 'major', '26', NULL, NULL, NULL, NULL, '2016-12-19 02:33:40', '2016-12-19 02:33:40'),
(572, 25, 'Facial lata graft; by incision and area exposure, complex or sheet', '20922', '1', 'major', '26', NULL, NULL, NULL, NULL, '2016-12-19 02:33:40', '2016-12-19 02:33:40'),
(573, 25, 'Tenon graft, form a distance (eg, palmaris, toe extensor, plantaris)', '20924', '1', 'major', '26', NULL, NULL, NULL, NULL, '2016-12-19 02:33:40', '2016-12-19 02:33:40'),
(574, 25, 'Tissue grafts, other (eg, paratenon, fat, dermis)', '20926', '1', 'major', '26', NULL, NULL, NULL, NULL, '2016-12-19 02:33:40', '2016-12-19 02:33:40'),
(575, 25, 'Bone graft w/ microvascular anastomosis; metatarsal', '20957', '1', 'major', '38', NULL, NULL, NULL, NULL, '2016-12-19 02:33:40', '2016-12-19 02:33:40'),
(576, 25, 'Bone graft w/ microvascular anastomosis; other than fibula, iliac crest or metatarsal', '20962', '1', 'major', '38', NULL, NULL, NULL, NULL, '2016-12-19 02:33:40', '2016-12-19 02:33:40'),
(577, 25, 'Free osteocutaneous flap w/ microvascular anastomosis; other than iliac crest, metatarsal or great toe', '20969', '1', 'major', '38', NULL, NULL, NULL, NULL, '2016-12-19 02:33:40', '2016-12-19 02:33:40'),
(578, 25, 'Free osteocutaneous flap w/ microvascular anastomosis; iliac crest', '20970', '1', 'major', '38', NULL, NULL, NULL, NULL, '2016-12-19 02:33:40', '2016-12-19 02:33:40'),
(579, 25, 'Free osteocutaneous flap w/ microvascular anastomosis; metatarsal', '20972', '1', 'major', '38', NULL, NULL, NULL, NULL, '2016-12-19 02:33:40', '2016-12-19 02:33:40'),
(580, 25, 'Free osteocutaneous flap w/ microvascular anastomosis; great toe with web space', '20973', '1', 'major', '38', NULL, NULL, NULL, NULL, '2016-12-19 02:33:40', '2016-12-19 02:33:40'),
(581, 0, 'incision and drainage of abscess (eg, carbuncle, suppurative hidradenitis, cutaneous or subcutaneous abscess, cyst, furuncle or paronychia); simple or single', '10060', '1', 'minor', '0', NULL, NULL, NULL, NULL, '2016-12-19 02:33:40', '2016-12-19 02:33:40'),
(582, 0, 'incision and drainage of abscess (eg, carbuncle, suppurative hidradenitis, cutaneous or subcutaneous abscess, cyst, furuncle or paronychia); complicated or multiple', '10061', '1', 'minor', '0', NULL, NULL, NULL, NULL, '2016-12-19 02:33:40', '2016-12-19 02:33:40'),
(583, 50, 'Inision and drainage of pilonidal cyst', '10080', '1', 'major', '30', NULL, NULL, NULL, NULL, '2016-12-19 02:33:40', '2016-12-19 02:33:40'),
(584, 0, 'Incision and removal of foreign body, subcutaneous tissues; complicated', '10121', '1', 'minor', '0', NULL, NULL, NULL, NULL, '2016-12-19 02:33:40', '2016-12-19 02:33:40'),
(585, 0, 'Incision and removal of foreign body, subcutaneous tissues; simple', '10120', '1', 'minor', '0', NULL, NULL, NULL, NULL, '2016-12-19 02:33:40', '2016-12-19 02:33:40'),
(586, 0, 'Incision and drainage of hematoma, seroma or fluid collection; simple', '10140', '1', 'minor', '0', NULL, NULL, NULL, NULL, '2016-12-19 02:33:40', '2016-12-19 02:33:40'),
(587, 0, 'Incision and drainage of hematoma, seroma or fluid collection; complicated', '10141', '1', 'minor', '0', NULL, NULL, NULL, NULL, '2016-12-19 02:33:40', '2016-12-19 02:33:40'),
(588, 0, 'Puncure aspiration of abscess, hematoma, bulla or cyst', '10160', '1', 'minor', '0', NULL, NULL, NULL, NULL, '2016-12-19 02:33:40', '2016-12-19 02:33:40'),
(589, 50, 'Incision and drainage, complex, postoperative wound infection', '10180', '1', 'major', '30', NULL, NULL, NULL, NULL, '2016-12-19 02:33:40', '2016-12-19 02:33:40'),
(590, 50, 'Debridement of extensive eczematous or infected skin', '11000', '1', 'major', '18', NULL, NULL, NULL, NULL, '2016-12-19 02:33:40', '2016-12-19 02:33:40'),
(591, 50, 'Debridement including removal of foreign material associated with open fracture(s) and/or dislocation(s); skin and subcutaneous tissues', '11010', '1', 'major', '0', NULL, NULL, NULL, NULL, '2016-12-19 02:33:40', '2016-12-19 02:33:40'),
(592, 50, 'skin, subcutaneous tissue, muscle fascia an muscle', '11011', '1', 'major', '18', NULL, NULL, NULL, NULL, '2016-12-19 02:33:40', '2016-12-19 02:33:40'),
(593, 50, 'skin, subcutaneous tissue, muscle fascia, muscle and bone', '11012', '1', 'major', '18', NULL, NULL, NULL, NULL, '2016-12-19 02:33:40', '2016-12-19 02:33:40'),
(594, 0, 'Debridement; skin, partial thickness', '11040', '1', 'minor', '0', NULL, NULL, NULL, NULL, '2016-12-19 02:33:40', '2016-12-19 02:33:40'),
(595, 51, 'Anterior Discectomy, Cervical, each additional interspace', '63076', '1', 'major', '0', NULL, NULL, NULL, NULL, '2016-12-19 02:33:40', '2016-12-19 02:33:40'),
(596, 0, 'Debridement; skin, full thickness', '11041', '1', 'minor', '0', NULL, NULL, NULL, NULL, '2016-12-19 02:33:40', '2016-12-19 02:33:40'),
(597, 0, 'Debridement; skin and subcutaneous tissue', '11042', '1', 'minor', '0', NULL, NULL, NULL, NULL, '2016-12-19 02:33:40', '2016-12-19 02:33:40'),
(598, 0, 'Debridement; skin, subcutaneous tissue and muscle', '11043', '1', 'minor', '0', NULL, NULL, NULL, NULL, '2016-12-19 02:33:40', '2016-12-19 02:33:40'),
(599, 0, 'Debridement; skin, subutaneous tissue, muscle and bone', '11044', '1', 'minor', '0', NULL, NULL, NULL, NULL, '2016-12-19 02:33:40', '2016-12-19 02:33:40'),
(600, 51, 'Laminoplasty, Cervical, two or more vertebral segments', '63050', '1', 'major', '0', NULL, NULL, NULL, NULL, '2016-12-19 02:33:40', '2016-12-19 02:33:40'),
(601, 50, 'paring or curettlement of benign hyperkeratotic skin lesion w/ or w/o chemical cauterization (such as verrucae or clavi) not extending through the stratum corneum (eg, callus or wart) w/ or w/o local', '11050', '1', 'major', '39', NULL, NULL, NULL, NULL, '2016-12-19 02:33:40', '2016-12-19 02:33:40'),
(602, 50, 'two to four lesions', '11051', '1', 'major', '39', NULL, NULL, NULL, NULL, '2016-12-19 02:33:40', '2016-12-19 02:33:40'),
(603, 50, 'more than four lesion', '11052', '1', 'major', '39', NULL, NULL, NULL, NULL, '2016-12-19 02:33:40', '2016-12-19 02:33:40'),
(604, 50, 'biopsy of the skin, subcutaneous tissue and/or mucous membrane (including simple closure), unless otherwise listed; single or multiple lesion', '11100', '1', 'major', '6', NULL, NULL, NULL, NULL, '2016-12-19 02:33:40', '2016-12-19 02:33:40'),
(605, 50, 'Shaving of epidermal or dermal lesion, single lesion, trunk, arms or legs; lesion diameter 0.5 cm or less', '11300', '1', 'major', '47', NULL, NULL, NULL, NULL, '2016-12-19 02:33:40', '2016-12-19 02:33:40'),
(606, 50, 'lesion diameter 0.6 to 1.0 cm', '11301', '1', 'major', '47', NULL, NULL, NULL, NULL, '2016-12-19 02:33:40', '2016-12-19 02:33:40'),
(607, 50, 'lesion diameter 1.1 to 2.0 cm', '11302', '1', 'major', '47', NULL, NULL, NULL, NULL, '2016-12-19 02:33:40', '2016-12-19 02:33:40'),
(608, 50, 'lesion diameter over 2.0 cm', '11303', '1', 'major', '47', NULL, NULL, NULL, NULL, '2016-12-19 02:33:40', '2016-12-19 02:33:40'),
(609, 50, 'shaving of epidermal or dermal lesion, single lesion, scalp, neck, hand, feet, genitalia; lesion iametre 0.5 cm or less', '11305', '1', 'major', '47', NULL, NULL, NULL, NULL, '2016-12-19 02:33:40', '2016-12-19 02:33:40'),
(610, 50, 'lesion diameter 0.6 to 1.0 cm', '11306', '1', 'major', '47', NULL, NULL, NULL, NULL, '2016-12-19 02:33:40', '2016-12-19 02:33:40'),
(611, 50, 'lesion diameter 1.1 to 2.0 cm', '11307', '1', 'major', '47', NULL, NULL, NULL, NULL, '2016-12-19 02:33:40', '2016-12-19 02:33:40'),
(612, 50, 'lession diameter over 2.0 m', '11308', '1', 'major', '47', NULL, NULL, NULL, NULL, '2016-12-19 02:33:40', '2016-12-19 02:33:40'),
(613, 50, 'Shaving of epidermal or dermal lesion, single lesion, face, ears, eyelids, nose, lips, mucous mmebrane; lesion diameter 0.5 cm or less', '11310', '1', 'major', '47', NULL, NULL, NULL, NULL, '2016-12-19 02:33:40', '2016-12-19 02:33:40'),
(614, 50, 'lesion diameter 0.6 to 1.0 cm', '11311', '1', 'major', '47', NULL, NULL, NULL, NULL, '2016-12-19 02:33:40', '2016-12-19 02:33:40'),
(615, 50, 'lesion diameter 1.1 to 2.0 cm', '11312', '1', 'major', '47', NULL, NULL, NULL, NULL, '2016-12-19 02:33:40', '2016-12-19 02:33:40'),
(616, 50, 'lesion diameter over 2.0 cm', '11313', '1', 'major', '47', NULL, NULL, NULL, NULL, '2016-12-19 02:33:40', '2016-12-19 02:33:40'),
(617, 50, 'Excision, benign lesion, except skin tag (unless listed elsewhere), trunk arms or legs; lesion diameter 0.5 cm or less', '11400', '1', 'major', '17', NULL, NULL, NULL, NULL, '2016-12-19 02:33:40', '2016-12-19 02:33:40'),
(618, 50, 'lesion diameter 0.6 to 1.0 cm', '11401', '1', 'major', '17', NULL, NULL, NULL, NULL, '2016-12-19 02:33:40', '2016-12-19 02:33:40'),
(619, 50, 'lesion diameter 1.1 to 2.0 cm', '11402', '1', 'major', '17', NULL, NULL, NULL, NULL, '2016-12-19 02:33:40', '2016-12-19 02:33:40'),
(620, 50, 'lesion diameter 2.1 to 3.0 cm ', '11403', '1', 'major', '17', NULL, NULL, NULL, NULL, '2016-12-19 02:33:40', '2016-12-19 02:33:40'),
(621, 50, 'lesion diameter 3.1 to 4.0 cm', '11404', '1', 'major', '17', NULL, NULL, NULL, NULL, '2016-12-19 02:33:40', '2016-12-19 02:33:40'),
(622, 50, 'lesion diameter over 4.0 cm', '11406', '1', 'major', '17', NULL, NULL, NULL, NULL, '2016-12-19 02:33:40', '2016-12-19 02:33:40'),
(623, 50, 'Excision, benign lesion, except skin tag (unless listed  elsewhere), scalp, neck, hands, feet, genitalia; lesion diameter 0.5 cm or less', '11420', '1', 'major', '17', NULL, NULL, NULL, NULL, '2016-12-19 02:33:40', '2016-12-19 02:33:40'),
(624, 50, 'lesion diameter 0.6 to 1.0 cm', '11421', '1', 'major', '17', NULL, NULL, NULL, NULL, '2016-12-19 02:33:40', '2016-12-19 02:33:40'),
(625, 50, 'lesion diameter 1.0 to 2.0 cm', '11422', '1', 'major', '17', NULL, NULL, NULL, NULL, '2016-12-19 02:33:40', '2016-12-19 02:33:40'),
(626, 50, 'lesion diameter 2.1 to 3.0 cm', '11423', '1', 'major', '17', NULL, NULL, NULL, NULL, '2016-12-19 02:33:40', '2016-12-19 02:33:40'),
(627, 50, 'lesion diameter 3.1 to 4.0 cm', '11424', '1', 'major', '17', NULL, NULL, NULL, NULL, '2016-12-19 02:33:40', '2016-12-19 02:33:40'),
(628, 50, 'lesion diameter over 4.0 cm', '11426', '1', 'major', '17', NULL, NULL, NULL, NULL, '2016-12-19 02:33:40', '2016-12-19 02:33:40'),
(629, 50, 'Excision, other benign lesion (unless listed elsewhere), face, ears, eyelids, nose, lips, mucous membrane; lesion diameter 0.5 cm or less', '11440', '1', 'major', '17', NULL, NULL, NULL, NULL, '2016-12-19 02:33:40', '2016-12-19 02:33:40'),
(630, 50, 'lesion diameter 0.6 to 1.0 cm', '11441', '1', 'major', '17', NULL, NULL, NULL, NULL, '2016-12-19 02:33:40', '2016-12-19 02:33:40'),
(631, 50, 'lesion diameter 1.1 to 2.0 cm', '11442', '1', 'major', '17', NULL, NULL, NULL, NULL, '2016-12-19 02:33:40', '2016-12-19 02:33:40'),
(632, 50, 'lesion diameter 2.1 to 3.0 m', '11443', '1', 'major', '17', NULL, NULL, NULL, NULL, '2016-12-19 02:33:40', '2016-12-19 02:33:40'),
(633, 50, 'lesion diameter 3.1 to 4.0 cm', '11444', '1', 'major', '17', NULL, NULL, NULL, NULL, '2016-12-19 02:33:40', '2016-12-19 02:33:40'),
(634, 50, 'lesion diameter over 4.0 cm', '11446', '1', 'major', '17', NULL, NULL, NULL, NULL, '2016-12-19 02:33:40', '2016-12-19 02:33:40'),
(635, 50, 'Excision of skin and subutaneous tiaaue for hidradenitis, axillary', '11450', '1', 'major', '17', NULL, NULL, NULL, NULL, '2016-12-19 02:33:40', '2016-12-19 02:33:40'),
(636, 50, 'Excision of skin and subutaneous tissue for hidradenitis, inguinal ', '11462', '1', 'major', '17', NULL, NULL, NULL, NULL, '2016-12-19 02:33:40', '2016-12-19 02:33:40'),
(637, 50, 'Excision of skin and subcuatneous tissur for hidradenitis, perianal, perineal or umbilical', '11470', '1', 'major', '17', NULL, NULL, NULL, NULL, '2016-12-19 02:33:40', '2016-12-19 02:33:40'),
(638, 50, 'Excision, malignant lesion, trunk, arms, or legs; lsion diameter 0.5 cm or less', '11600', '1', 'major', '16', NULL, NULL, NULL, NULL, '2016-12-19 02:33:40', '2016-12-19 02:33:40'),
(639, 50, 'lesion diameter 0.6 to 1.0 cm', '11601', '1', 'major', '16', NULL, NULL, NULL, NULL, '2016-12-19 02:33:40', '2016-12-19 02:33:40'),
(640, 50, 'lesion diameter 1.1 to 2.0 cm', '11602', '1', 'major', '16', NULL, NULL, NULL, NULL, '2016-12-19 02:33:40', '2016-12-19 02:33:40'),
(641, 50, 'lesion diameter 2.1 to 3.0 cm', '11603', '1', 'major', '16', NULL, NULL, NULL, NULL, '2016-12-19 02:33:40', '2016-12-19 02:33:40'),
(642, 50, 'lesion diameter 3.1 o 4.0 cm', '11604', '1', 'major', '16', NULL, NULL, NULL, NULL, '2016-12-19 02:33:40', '2016-12-19 02:33:40'),
(643, 50, 'lesion diameter over 4.0 cm', '11606', '1', 'major', '16', NULL, NULL, NULL, NULL, '2016-12-19 02:33:40', '2016-12-19 02:33:40'),
(644, 50, 'Excision, malignant lesion, scalp, neck, hands, feet, genitalia, lesion diameter 0.5 cm or less', '11620', '1', 'major', '16', NULL, NULL, NULL, NULL, '2016-12-19 02:33:40', '2016-12-19 02:33:40'),
(645, 50, 'lesion diameter 0.6 to 1.0 cm', '11621', '1', 'major', '16', NULL, NULL, NULL, NULL, '2016-12-19 02:33:40', '2016-12-19 02:33:40'),
(646, 50, 'lesion diameter 1.1 to 2.0 cm', '11622', '1', 'major', '16', NULL, NULL, NULL, NULL, '2016-12-19 02:33:40', '2016-12-19 02:33:40'),
(647, 50, 'lesion diameter 2.1 to 3.0 cm', '11623', '1', 'major', '16', NULL, NULL, NULL, NULL, '2016-12-19 02:33:40', '2016-12-19 02:33:40'),
(648, 50, 'lesion diameter 3.1 to 4.0 cm', '11624', '1', 'major', '16', NULL, NULL, NULL, NULL, '2016-12-19 02:33:40', '2016-12-19 02:33:40'),
(649, 50, 'lesion diameter over 4.0 cm', '11626', '1', 'major', '16', NULL, NULL, NULL, NULL, '2016-12-19 02:33:40', '2016-12-19 02:33:40'),
(650, 50, 'Excision, malignant lesion, face, ears, eyelids, nose, lips; lesion diameter 0.5 cm or less', '11640', '1', 'major', '16', NULL, NULL, NULL, NULL, '2016-12-19 02:33:40', '2016-12-19 02:33:40'),
(651, 50, 'lesion diameter 0.6 to 1.0 cm', '11641', '1', 'major', '16', NULL, NULL, NULL, NULL, '2016-12-19 02:33:40', '2016-12-19 02:33:40'),
(652, 50, 'lesion diameter 1.1 to 2.0 cm', '11642', '1', 'major', '16', NULL, NULL, NULL, NULL, '2016-12-19 02:33:40', '2016-12-19 02:33:40'),
(653, 50, 'lesion diameter 2.1 to 3.0 cm', '11643', '1', 'major', '16', NULL, NULL, NULL, NULL, '2016-12-19 02:33:40', '2016-12-19 02:33:40'),
(654, 50, 'lesion diameter 3.1 to 4.0 cm', '11644', '1', 'major', '16', NULL, NULL, NULL, NULL, '2016-12-19 02:33:40', '2016-12-19 02:33:40'),
(655, 50, 'lesion diameter over 4.0 cm', '11646', '1', 'major', '16', NULL, NULL, NULL, NULL, '2016-12-19 02:33:40', '2016-12-19 02:33:40'),
(656, 50, 'Debridement of nail(s) by any method(s); one to five', '11720', '1', 'major', '35', NULL, NULL, NULL, NULL, '2016-12-19 02:33:40', '2016-12-19 02:33:40'),
(657, 50, 'six or more', '11721', '1', 'major', '35', NULL, NULL, NULL, NULL, '2016-12-19 02:33:40', '2016-12-19 02:33:40'),
(658, 50, 'Avulsion of nail plate, partial or complete', '11730', '1', 'major', '35', NULL, NULL, NULL, NULL, '2016-12-19 02:33:40', '2016-12-19 02:33:40'),
(659, 50, 'Evacuation of subungual hematoma', '11740', '1', 'major', '35', NULL, NULL, NULL, NULL, '2016-12-19 02:33:40', '2016-12-19 02:33:40'),
(660, 50, 'Evacuation of nail and nail matrix, partial or complete (eg, ingrown or deformed nail) for permanent removal', '11750', '1', 'major', '35', NULL, NULL, NULL, NULL, '2016-12-19 02:33:40', '2016-12-19 02:33:40'),
(661, 50, 'w/ amputation of tuft of distal phalanx', '11752', '1', 'major', '35', NULL, NULL, NULL, NULL, '2016-12-19 02:33:40', '2016-12-19 02:33:40'),
(662, 50, 'Biopsy of nail unit, any method (eg, plate, be, matrix, hyponychium, proximal and lateral nail folds)', '11755', '1', 'major', '35', NULL, NULL, NULL, NULL, '2016-12-19 02:33:40', '2016-12-19 02:33:40'),
(663, 50, 'Repair of nail bed', '11760', '1', 'major', '35', NULL, NULL, NULL, NULL, '2016-12-19 02:33:40', '2016-12-19 02:33:40'),
(664, 50, 'Reconstruction of nail bed w/ graft', '11762', '1', 'major', '35', NULL, NULL, NULL, NULL, '2016-12-19 02:33:40', '2016-12-19 02:33:40'),
(665, 50, 'Excision of pilonidal cyst or sinus', '11770', '1', 'major', '35', NULL, NULL, NULL, NULL, '2016-12-19 02:33:40', '2016-12-19 02:33:40'),
(666, 50, 'Wedge excision of skin of nail fold (eg, for ingrown toenail)', '11765', '1', 'major', '35', NULL, NULL, NULL, NULL, '2016-12-19 02:33:40', '2016-12-19 02:33:40'),
(667, 50, 'Simple repair of superficial wounds of scalp, neck, axillae, external genitalia, trunk and/or extremities (including hands and feet); 2.5 cm or less', '12001', '1', 'major', '43', NULL, NULL, NULL, NULL, '2016-12-19 02:33:40', '2016-12-19 02:33:40'),
(668, 50, '2.6cm to 7.5 cm', '12002', '1', 'major', '43', NULL, NULL, NULL, NULL, '2016-12-19 02:33:40', '2016-12-19 02:33:40'),
(669, 50, '7.6cm to 12.5cm', '12004', '1', 'major', '43', NULL, NULL, NULL, NULL, '2016-12-19 02:33:40', '2016-12-19 02:33:40'),
(670, 50, '12.6cm to 20.0 cm', '12005', '1', 'major', '43', NULL, NULL, NULL, NULL, '2016-12-19 02:33:40', '2016-12-19 02:33:40'),
(671, 50, '20.1 cm to 30.0 cm', '12006', '1', 'major', '43', NULL, NULL, NULL, NULL, '2016-12-19 02:33:40', '2016-12-19 02:33:40'),
(672, 50, 'over 30.0 cm', '12007', '1', 'major', '43', NULL, NULL, NULL, NULL, '2016-12-19 02:33:40', '2016-12-19 02:33:40'),
(673, 50, 'Simple repair of superficial wounds of face, ears, eyelids, nose, lips and/or mucous membranes; 2.5cm or less', '12011', '1', 'major', '43', NULL, NULL, NULL, NULL, '2016-12-19 02:33:40', '2016-12-19 02:33:40'),
(674, 50, '2.6 cm to 5.0 cm', '12013', '1', 'major', '43', NULL, NULL, NULL, NULL, '2016-12-19 02:33:40', '2016-12-19 02:33:40'),
(675, 50, '5.1 cm to 7.5 cm', '12014', '1', 'major', '43', NULL, NULL, NULL, NULL, '2016-12-19 02:33:40', '2016-12-19 02:33:40'),
(676, 50, '7.6 cm to 12.5 cm', '12015', '1', 'major', '43', NULL, NULL, NULL, NULL, '2016-12-19 02:33:40', '2016-12-19 02:33:40'),
(677, 50, '12.6 cm to 20.0 cm', '12016', '1', 'major', '43', NULL, NULL, NULL, NULL, '2016-12-19 02:33:40', '2016-12-19 02:33:40'),
(678, 50, '20.1 cm to 30.0 cm', '12017', '1', 'major', '43', NULL, NULL, NULL, NULL, '2016-12-19 02:33:40', '2016-12-19 02:33:40'),
(679, 50, 'over 30.0 cm', '12018', '1', 'major', '43', NULL, NULL, NULL, NULL, '2016-12-19 02:33:40', '2016-12-19 02:33:40'),
(680, 50, 'Layer closure of wounds of scalp, axillae, trunk, and/or extremities (excluding hands and feet0; 2.5 CM OR LESS', '12031', '1', 'major', '43', NULL, NULL, NULL, NULL, '2016-12-19 02:33:40', '2016-12-19 02:33:40'),
(681, 50, '2.6 cm to 7.5 cm', '12032', '1', 'major', '43', NULL, NULL, NULL, NULL, '2016-12-19 02:33:40', '2016-12-19 02:33:40'),
(682, 50, '7.6 cm to 20.0 cm', '12034', '1', 'major', '43', NULL, NULL, NULL, NULL, '2016-12-19 02:33:40', '2016-12-19 02:33:40'),
(683, 50, '12.6 cm to 20.0 cm', '12035', '1', 'major', '43', NULL, NULL, NULL, NULL, '2016-12-19 02:33:40', '2016-12-19 02:33:40'),
(684, 50, '20.1 to 30.0 cm', '12036', '1', 'major', '43', NULL, NULL, NULL, NULL, '2016-12-19 02:33:40', '2016-12-19 02:33:40'),
(685, 50, 'over 30.0 cm', '12037', '1', 'major', '43', NULL, NULL, NULL, NULL, '2016-12-19 02:33:40', '2016-12-19 02:33:40'),
(686, 50, 'Layer closure of wounds of neck, hands, feet, and/or external genitalia; 2.5 cm or less', '12041', '1', 'major', '43', NULL, NULL, NULL, NULL, '2016-12-19 02:33:40', '2016-12-19 02:33:40'),
(687, 50, '2.6 cm to 7.5 cm', '12042', '1', 'major', '43', NULL, NULL, NULL, NULL, '2016-12-19 02:33:40', '2016-12-19 02:33:40'),
(688, 50, '7.6 m to 12.5 cm', '12044', '1', 'major', '43', NULL, NULL, NULL, NULL, '2016-12-19 02:33:40', '2016-12-19 02:33:40'),
(689, 50, '12.6 cm to 20.0 cm', '12045', '1', 'major', '43', NULL, NULL, NULL, NULL, '2016-12-19 02:33:40', '2016-12-19 02:33:40'),
(690, 50, '20.1 cm to 30.0 cm', '12046', '1', 'major', '43', NULL, NULL, NULL, NULL, '2016-12-19 02:33:40', '2016-12-19 02:33:40'),
(691, 50, 'over 30.0 cm', '12047', '1', 'major', '43', NULL, NULL, NULL, NULL, '2016-12-19 02:33:40', '2016-12-19 02:33:40'),
(692, 50, 'Layer closure of wounds of face, ears, eyelids, nose, lips and/or mucous membranes; 2.5 cm or less', '12051', '1', 'major', '43', NULL, NULL, NULL, NULL, '2016-12-19 02:33:40', '2016-12-19 02:33:40'),
(693, 50, '2.6 cm to 5.0 cm', '12052', '1', 'major', '43', NULL, NULL, NULL, NULL, '2016-12-19 02:33:40', '2016-12-19 02:33:40'),
(694, 50, '5.1 cm to 7.5 cm', '12053', '1', 'major', '43', NULL, NULL, NULL, NULL, '2016-12-19 02:33:40', '2016-12-19 02:33:40'),
(695, 50, '7.6 cm to 12.5 cm', '12054', '1', 'major', '43', NULL, NULL, NULL, NULL, '2016-12-19 02:33:40', '2016-12-19 02:33:40'),
(696, 50, '12.6 cm to 20.0 cm', '12055', '1', 'major', '43', NULL, NULL, NULL, NULL, '2016-12-19 02:33:40', '2016-12-19 02:33:40'),
(697, 50, '20.1 cm to 30.0 cm\\r\\n', '12056', '1', 'major', '43', NULL, NULL, NULL, NULL, '2016-12-19 02:33:40', '2016-12-19 02:33:40'),
(698, 50, 'over 30.0 cm', '12057', '1', 'major', '43', NULL, NULL, NULL, NULL, '2016-12-19 02:33:40', '2016-12-19 02:33:40'),
(699, 50, 'Adjacent tissue transfer or rearrangement, trunk; defect sq cm or less', '14000', '1', 'major', '1', NULL, NULL, NULL, NULL, '2016-12-19 02:33:40', '2016-12-19 02:33:40'),
(700, 50, 'adjacent 10.0 sq cm to 30.0 sq cm', '14001', '1', 'major', '1', NULL, NULL, NULL, NULL, '2016-12-19 02:33:40', '2016-12-19 02:33:40'),
(701, 50, 'Adjacent tissue transfer or rearrangement, scalp, arms and/or legs; defect 10 sq cm or less', '14020', '1', 'major', '1', NULL, NULL, NULL, NULL, '2016-12-19 02:33:40', '2016-12-19 02:33:40'),
(702, 50, 'defect 10.1 sq cm to 30.0 sq cm', '14021', '1', 'major', '1', NULL, NULL, NULL, NULL, '2016-12-19 02:33:40', '2016-12-19 02:33:40'),
(703, 50, 'Adjacent tissue transfer or rearrangement, forehead, cheeks, chin, mouth, neck, axillae, genitalis, hands and/or feet; defect 10 sq cm or less ', '14040', '1', 'major', '1', NULL, NULL, NULL, NULL, '2016-12-19 02:33:40', '2016-12-19 02:33:40'),
(704, 50, 'defect 10.1 sq cm to 30.0 sq cm', '14041', '1', 'major', '1', NULL, NULL, NULL, NULL, '2016-12-19 02:33:40', '2016-12-19 02:33:40'),
(705, 50, 'Adjacent tissue transfer or rearrangement, eyelids, nose, ears, and/or lips; defect 10 sq cm or less', '14060', '1', 'major', '1', NULL, NULL, NULL, NULL, '2016-12-19 02:33:40', '2016-12-19 02:33:40'),
(706, 50, 'defect 10.1 sq cm to 30.0 sq cm', '14061', '1', 'major', '1', NULL, NULL, NULL, NULL, '2016-12-19 02:33:40', '2016-12-19 02:33:40'),
(707, 50, 'Adjacent tissue or rearrangement, more than 30 sq cm, unusual or complicated, any area', '14300', '1', 'major', '1', NULL, NULL, NULL, NULL, '2016-12-19 02:33:40', '2016-12-19 02:33:40'),
(708, 50, 'Filleted finger or toe flap, including preparation of recipient site', '14350', '1', 'major', '1', NULL, NULL, NULL, NULL, '2016-12-19 02:33:40', '2016-12-19 02:33:40'),
(709, 50, 'Pinch graft, single or multiple, to cover small uler, tip or digit, or other minimal open area (except on face), up to defect size 2 cm diameter', '15050', '1', 'major', '24', NULL, NULL, NULL, NULL, '2016-12-19 02:33:40', '2016-12-19 02:33:40'),
(710, 50, 'Split graft, trunk, scalp, arms, legs, hands and/or feet (except multiple digits); 100 sq cm or less, or each one percent of body area of infants and children (except 15050)', '15100', '1', 'major', '24', NULL, NULL, NULL, NULL, '2016-12-19 02:33:40', '2016-12-19 02:33:40'),
(711, 50, 'Split graft, face eyelids, mouth, neck, ears, orbits, genitalia, and/or multiple digits; 100 sq cm or less, or each one percent of body area of infants and children (except 15050)', '15120', '1', 'major', '24', NULL, NULL, NULL, NULL, '2016-12-19 02:33:40', '2016-12-19 02:33:40'),
(712, 50, 'Full thickness graft, free, including direct closure of donor site, trunk; 20 sq cm or less', '15200', '1', 'major', '24', NULL, NULL, NULL, NULL, '2016-12-19 02:33:40', '2016-12-19 02:33:40'),
(713, 50, 'Full thickness graft, free, including direct closure of donor site, scalp, arms, and/or legs; 20 sq cm or less', '15220', '1', 'major', '24', NULL, NULL, NULL, NULL, '2016-12-19 02:33:40', '2016-12-19 02:33:40'),
(714, 50, 'Full thickness graft, free, including direct closure of donor site, forehead, cheeks, chin, mouth, neck, axillae, genitalis, hands, and/or feet; 20 sq cm or less', '15240', '1', 'major', '24', NULL, NULL, NULL, NULL, '2016-12-19 02:33:40', '2016-12-19 02:33:40'),
(715, 50, 'Full thickness graft, free, including direct closure of donor site, nose, ears, eyelids, and/or lips; 20 sq cm or less', '15260', '1', 'major', '24', NULL, NULL, NULL, NULL, '2016-12-19 02:33:40', '2016-12-19 02:33:40'),
(716, 50, 'Application of allograft, skin', '15350', '1', 'major', '24', NULL, NULL, NULL, NULL, '2016-12-19 02:33:40', '2016-12-19 02:33:40'),
(717, 50, 'Application of xenograft, skin', '15400', '1', 'major', '24', NULL, NULL, NULL, NULL, '2016-12-19 02:33:40', '2016-12-19 02:33:40'),
(718, 50, 'Formation of direct or tubed pedicle, w/ or w/o transfer, trunk', '15570', '1', 'major', '20', NULL, NULL, NULL, NULL, '2016-12-19 02:33:40', '2016-12-19 02:33:40'),
(719, 50, 'scalp, arms, or legs', '15572', '1', 'major', '20', NULL, NULL, NULL, NULL, '2016-12-19 02:33:40', '2016-12-19 02:33:40'),
(720, 50, 'Forehead, cheeks, chin, mouth, neck, axillae, genitalia, hands or feet\\r\\n', '15574', '1', 'major', '20', NULL, NULL, NULL, NULL, '2016-12-19 02:33:40', '2016-12-19 02:33:40'),
(721, 50, 'eyelids, nose, ears, lips or intraoral', '15576', '1', 'major', '20', NULL, NULL, NULL, NULL, '2016-12-19 02:33:40', '2016-12-19 02:33:40'),
(722, 50, 'Cross finger flap, including free graft to donor site', '15580', '1', 'major', '20', NULL, NULL, NULL, NULL, '2016-12-19 02:33:40', '2016-12-19 02:33:40'),
(723, 50, 'Transfer, intermediate, of any pedicle flap (eg, abdomen to wrist, \'Walking\' tube), any location', '15650', '1', 'major', '20', NULL, NULL, NULL, NULL, '2016-12-19 02:33:40', '2016-12-19 02:33:40'),
(724, 50, 'Muscle, myocutaneous, or fasciocutaneous flap; head and neck (eg, temporalis, masseter, sternocleidomastoid, levator scapulae)', '15732', '1', 'major', '20', NULL, NULL, NULL, NULL, '2016-12-19 02:33:40', '2016-12-19 02:33:40'),
(725, 50, 'trunk', '15734', '1', 'major', '20', NULL, NULL, NULL, NULL, '2016-12-19 02:33:40', '2016-12-19 02:33:40'),
(726, 50, 'upper extremity', '15736', '1', 'major', '20', NULL, NULL, NULL, NULL, '2016-12-19 02:33:40', '2016-12-19 02:33:40'),
(727, 50, 'lower extremity', '15738', '1', 'major', '20', NULL, NULL, NULL, NULL, '2016-12-19 02:33:40', '2016-12-19 02:33:40'),
(728, 50, 'Flap; island pedicle', '15740', '1', 'major', '37', NULL, NULL, NULL, NULL, '2016-12-19 02:33:40', '2016-12-19 02:33:40'),
(729, 50, 'neurovascular pedicle', '15750', '1', 'major', '37', NULL, NULL, NULL, NULL, '2016-12-19 02:33:40', '2016-12-19 02:33:40'),
(730, 50, 'Free muscle flap w/ or w/o skin graft w/ microvascular anastomosis', '15756', '1', 'major', '37', NULL, NULL, NULL, NULL, '2016-12-19 02:33:40', '2016-12-19 02:33:40'),
(731, 50, 'Free skin flap w/ microvascular anastomosis', '15757', '1', 'major', '37', NULL, NULL, NULL, NULL, '2016-12-19 02:33:40', '2016-12-19 02:33:40'),
(732, 50, 'Free fascial flap w/ microvascular anastomosis', '15758', '1', 'major', '37', NULL, NULL, NULL, NULL, '2016-12-19 02:33:40', '2016-12-19 02:33:40'),
(733, 50, 'Graft; composite (eg, full thickness of external ear or nasal ala), including primary closure, donor area', '15760', '1', 'major', '37', NULL, NULL, NULL, NULL, '2016-12-19 02:33:40', '2016-12-19 02:33:40'),
(734, 50, 'derma-fat-fascia', '15770', '1', 'major', '37', NULL, NULL, NULL, NULL, '2016-12-19 02:33:40', '2016-12-19 02:33:40'),
(735, 50, 'Graft for facial nerve paralysis; free fascia graft (including obtaining fascia)', '15840', '1', 'major', '38', NULL, NULL, NULL, NULL, '2016-12-19 02:33:40', '2016-12-19 02:33:40'),
(736, 50, 'free muscle graft (including obtaining graft)', '15841', '1', 'major', '38', NULL, NULL, NULL, NULL, '2016-12-19 02:33:40', '2016-12-19 02:33:40'),
(737, 50, 'free muscle graft by microsurgical technique', '15842', '1', 'major', '38', NULL, NULL, NULL, NULL, '2016-12-19 02:33:40', '2016-12-19 02:33:40'),
(738, 50, 'regional muscle transfer', '15845', '1', 'major', '38', NULL, NULL, NULL, NULL, '2016-12-19 02:33:40', '2016-12-19 02:33:40'),
(739, 50, 'Excision, coccygeal pressure ulcer, w/ coccygectomy; w/ primary suture', '15920', '1', 'major', '42', NULL, NULL, NULL, NULL, '2016-12-19 02:33:40', '2016-12-19 02:33:40'),
(740, 50, 'w/ flap closure', '15922', '1', 'major', '42', NULL, NULL, NULL, NULL, '2016-12-19 02:33:40', '2016-12-19 02:33:40'),
(741, 50, 'Excision, sacral pressure ulcer, w/ primary suture', '15931', '1', 'major', '42', NULL, NULL, NULL, NULL, '2016-12-19 02:33:40', '2016-12-19 02:33:40'),
(742, 50, 'Excision, sacral pressure ulcer, w/ skin flap closure', '15934', '1', 'major', '42', NULL, NULL, NULL, NULL, '2016-12-19 02:33:40', '2016-12-19 02:33:40'),
(743, 50, 'w/ ostectomy', '15935', '1', 'major', '42', NULL, NULL, NULL, NULL, '2016-12-19 02:33:40', '2016-12-19 02:33:40'),
(744, 50, 'Excision, sacral pressure ulcer, w/ muscle or myocutaneous flap closure', '15936', '1', 'major', '42', NULL, NULL, NULL, NULL, '2016-12-19 02:33:40', '2016-12-19 02:33:40'),
(745, 50, 'w/ ostectomy', '15937', '1', 'major', '42', NULL, NULL, NULL, NULL, '2016-12-19 02:33:40', '2016-12-19 02:33:40'),
(746, 50, 'Excision, ischial pressure ulcer, w/ primary suture', '15940', '1', 'major', '42', NULL, NULL, NULL, NULL, '2016-12-19 02:33:40', '2016-12-19 02:33:40'),
(747, 50, 'w/ ostectomy (ischiectomy)', '15941', '1', 'major', '42', NULL, NULL, NULL, NULL, '2016-12-19 02:33:40', '2016-12-19 02:33:40'),
(748, 50, 'Excision, ischial pressure ulcer, w/ skin flap closure', '15944', '1', 'major', '42', NULL, NULL, NULL, NULL, '2016-12-19 02:33:40', '2016-12-19 02:33:40'),
(749, 50, 'w/ ostectomy', '15945', '1', 'major', '42', NULL, NULL, NULL, NULL, '2016-12-19 02:33:40', '2016-12-19 02:33:40'),
(750, 50, 'Excision, ischial pressure ulcer, w/ ostectomy, w/ muscle or myocutaneous flap closure', '15946', '1', 'major', '42', NULL, NULL, NULL, NULL, '2016-12-19 02:33:40', '2016-12-19 02:33:40'),
(751, 50, 'Excision, trochanteric pressure ulcer, w/ primay suture', '15950', '1', 'major', '42', NULL, NULL, NULL, NULL, '2016-12-19 02:33:40', '2016-12-19 02:33:40'),
(752, 50, 'w/ ostectomy', '15951', '1', 'major', '42', NULL, NULL, NULL, NULL, '2016-12-19 02:33:40', '2016-12-19 02:33:40'),
(753, 50, 'Excision, trochanteric pressure ulcer, w/ skin flap closure', '15952', '1', 'major', '42', NULL, NULL, NULL, NULL, '2016-12-19 02:33:40', '2016-12-19 02:33:40'),
(754, 50, 'w/ ostectomy', '15953', '1', 'major', '42', NULL, NULL, NULL, NULL, '2016-12-19 02:33:40', '2016-12-19 02:33:40'),
(755, 50, 'Excision, trochanteric pressure ulcer, w/ muscle or myocutaneous flap closure`', '15956', '1', 'major', '42', NULL, NULL, NULL, NULL, '2016-12-19 02:33:40', '2016-12-19 02:33:40'),
(756, 50, 'w/ ostectomy', '15958', '1', 'major', '42', NULL, NULL, NULL, NULL, '2016-12-19 02:33:40', '2016-12-19 02:33:40'),
(757, 50, 'Dressing and/or debridement, initial or subsequent', '16010', '1', 'major', '8', NULL, NULL, NULL, NULL, '2016-12-19 02:33:40', '2016-12-19 02:33:40'),
(758, 50, 'Escharotomy', '16035', '1', 'major', '8', NULL, NULL, NULL, NULL, '2016-12-19 02:33:40', '2016-12-19 02:33:40'),
(759, 50, 'Excision burn wound, w/o skin grafting, employing alloplastic dressing (eg, synthetic mesh), any antomic site', '16040', '1', 'major', '8', NULL, NULL, NULL, NULL, '2016-12-19 02:33:40', '2016-12-19 02:33:40'),
(760, 50, 'Destruction by any method, including laser, w/ or w/o surgical curettement, all benign facial lesions or premalignant lesions in any location, or benign lesions other than cuteneous vascular proliferative lesions, inlcluding local anesthesia; any number of lesions', '17000', '1', 'major', '11', NULL, NULL, NULL, NULL, '2016-12-19 02:33:40', '2016-12-19 02:33:40'),
(761, 50, 'Destruction by any method, including laser, of benign skin lesions other than cutaneous vascular proliferative lesions on any area other than the face, including local anesthesia; any number of lesions', '17100', '1', 'major', '11', NULL, NULL, NULL, NULL, '2016-12-19 02:33:40', '2016-12-19 02:33:40'),
(762, 50, 'Destruction of cutaneous vascular proliferative lesions (eg, laser technique)', '17106', '1', 'major', '11', NULL, NULL, NULL, NULL, '2016-12-19 02:33:40', '2016-12-19 02:33:40'),
(763, 50, 'Destruction by any method of flat warts or molluscum contagiosum, milia, all lesions', '17110', '1', 'major', '11', NULL, NULL, NULL, NULL, '2016-12-19 02:33:40', '2016-12-19 02:33:40'),
(764, 50, 'Electosurgical destruction of multiple fibrocutaneous tags; all lesions', '17200', '1', 'major', '11', NULL, NULL, NULL, NULL, '2016-12-19 02:33:40', '2016-12-19 02:33:40'),
(765, 50, 'Chemical cauterization of granulation tissue (proud flesh, sinus or fistula)', '17250', '1', 'major', '11', NULL, NULL, NULL, NULL, '2016-12-19 02:33:40', '2016-12-19 02:33:40'),
(766, 50, 'Destruction, malignant lesion, any method, trunk, arms or legs; lesion diameter 0.5 cm or less', '17260', '1', 'major', '12', NULL, NULL, NULL, NULL, '2016-12-19 02:33:40', '2016-12-19 02:33:40'),
(767, 50, 'lesion diameter 0.6  cm to 1.0 cm', '17261', '1', 'major', '12', NULL, NULL, NULL, NULL, '2016-12-19 02:33:40', '2016-12-19 02:33:40'),
(768, 50, 'lesion diameter 1.1 to 2.0 cm', '17262', '1', 'major', '12', NULL, NULL, NULL, NULL, '2016-12-19 02:33:40', '2016-12-19 02:33:40'),
(769, 50, 'lesion diameter 2.1 to 3.0 cm', '17263', '1', 'major', '12', NULL, NULL, NULL, NULL, '2016-12-19 02:33:40', '2016-12-19 02:33:40'),
(770, 50, 'lesion diameter 3.1 to 4.0 cm', '17264', '1', 'major', '12', NULL, NULL, NULL, NULL, '2016-12-19 02:33:40', '2016-12-19 02:33:40'),
(771, 50, 'lesion diameter over 4.0 cm', '17266', '1', 'major', '12', NULL, NULL, NULL, NULL, '2016-12-19 02:33:40', '2016-12-19 02:33:40'),
(772, 50, 'Destruction, malignant lesion, any method, scalp, neck, hands, feet, genitalis; lesion diameter 0.5 cm or less', '17270', '1', 'major', '12', NULL, NULL, NULL, NULL, '2016-12-19 02:33:40', '2016-12-19 02:33:40'),
(773, 50, 'lesion diameter 0.6 to 1.0 cm', '17271', '1', 'major', '12', NULL, NULL, NULL, NULL, '2016-12-19 02:33:40', '2016-12-19 02:33:40'),
(774, 50, 'lesion diameter 1.1 to 2.0 cm', '17272', '1', 'major', '0', NULL, NULL, NULL, NULL, '2016-12-19 02:33:40', '2016-12-19 02:33:40'),
(775, 50, 'lesion diameter 2.1 to 3.0 m', '17273', '1', 'major', '12', NULL, NULL, NULL, NULL, '2016-12-19 02:33:40', '2016-12-19 02:33:40'),
(776, 50, 'lesion diameter 3.1 to 4.0 cm', '17274', '1', 'major', '12', NULL, NULL, NULL, NULL, '2016-12-19 02:33:40', '2016-12-19 02:33:40'),
(777, 50, 'lesion diameter over 4.0 cm', '17276', '1', 'major', '12', NULL, NULL, NULL, NULL, '2016-12-19 02:33:40', '2016-12-19 02:33:40'),
(778, 50, 'Destruction, malignant lesion, any method, face, ears, eyelids, nose, lips, mucous membrane; lesion diameter 0.5 cm or less', '17280', '1', 'major', '12', NULL, NULL, NULL, NULL, '2016-12-19 02:33:40', '2016-12-19 02:33:40'),
(779, 50, 'lesion diameter 0.6 to 1.0 cm', '17281', '1', 'major', '12', NULL, NULL, NULL, NULL, '2016-12-19 02:33:40', '2016-12-19 02:33:40'),
(780, 50, 'lesion diameter 1.1 to 2.0 cm', '17282', '1', 'major', '12', NULL, NULL, NULL, NULL, '2016-12-19 02:33:40', '2016-12-19 02:33:40'),
(781, 50, 'lesion diameter 2.1 to 3.0 cm', '17283', '1', 'major', '12', NULL, NULL, NULL, NULL, '2016-12-19 02:33:40', '2016-12-19 02:33:40'),
(782, 50, 'lesion diameter 3.1 to 4.0 cm', '17284', '1', 'major', '12', NULL, NULL, NULL, NULL, '2016-12-19 02:33:40', '2016-12-19 02:33:40'),
(783, 50, 'lesion diameter over 4.0 cm', '17286', '1', 'major', '12', NULL, NULL, NULL, NULL, '2016-12-19 02:33:40', '2016-12-19 02:33:40'),
(784, 48, 'Capsular contructure release (Sever type procedure)', '23020', '1', 'major', '29', NULL, NULL, NULL, NULL, '2016-12-19 02:33:40', '2016-12-19 02:33:40'),
(785, 48, 'Incision and drainage, shoulder area; infected bursa', '23031', '1', 'major', '29', NULL, NULL, NULL, NULL, '2016-12-19 02:33:40', '2016-12-19 02:33:40'),
(786, 48, 'Arthrotomy, acromioclavicular, sternoclavicular joint, for infection, w/ exploration, drainage, or removal of foreign body', '23044', '1', 'major', '29', NULL, NULL, NULL, NULL, '2016-12-19 02:33:40', '2016-12-19 02:33:40'),
(787, 48, 'Radical resection of tumor (eg, malignant neoplasm), soft tissue of shoulder area', '23077', '1', 'major', '13', NULL, NULL, NULL, NULL, '2016-12-19 02:33:40', '2016-12-19 02:33:40'),
(788, 48, 'Arthrotomy w/ synovectomy; glenohumeral joint', '23105', '1', 'major', '13', NULL, NULL, NULL, NULL, '2016-12-19 02:33:40', '2016-12-19 02:33:40'),
(789, 48, 'Arthrotomy w/ synovectomy; sternoclavicular joint', '23106', '1', 'major', '13', NULL, NULL, NULL, NULL, '2016-12-19 02:33:40', '2016-12-19 02:33:40'),
(790, 48, 'Arthrotomy, glenohumeral joint, w/ joint exploration, w/ or w/o removal of loose or foreign body', '23107', '1', 'major', '13', NULL, NULL, NULL, NULL, '2016-12-19 02:33:40', '2016-12-19 02:33:40'),
(791, 48, 'Claviculectomy; partial', '23120', '1', 'major', '13', NULL, NULL, NULL, NULL, '2016-12-19 02:33:40', '2016-12-19 02:33:40'),
(792, 48, 'Claviculectomy; total', '23125', '1', 'major', '13', NULL, NULL, NULL, NULL, '2016-12-19 02:33:40', '2016-12-19 02:33:40'),
(793, 48, 'Excision of curettage of bone cyst or benign tumor of clavicle or scapula;', '23140', '1', 'major', '13', NULL, NULL, NULL, NULL, '2016-12-19 02:33:40', '2016-12-19 02:33:40'),
(794, 48, 'Excision of curettage of bone cyst or benign tumor of clavicle or scapula; w/ autograft (includes obtaining graft)', '23145', '1', 'major', '13', NULL, NULL, NULL, NULL, '2016-12-19 02:33:40', '2016-12-19 02:33:40'),
(795, 48, 'Excision of curettage of bone cyst or benign tumor of clavicle or scapula; w/ allograft', '23146', '1', 'major', '13', NULL, NULL, NULL, NULL, '2016-12-19 02:33:40', '2016-12-19 02:33:40'),
(796, 48, 'Excision of curettage of bone cyst or benign tumor of proximal humerus', '23150', '1', 'major', '13', NULL, NULL, NULL, NULL, '2016-12-19 02:33:40', '2016-12-19 02:33:40'),
(797, 48, 'Excision of curettage of bone cyst or benign tumor of proximal humerus; w/ autograft (inclues obtaining graft)', '23155', '1', 'major', '13', NULL, NULL, NULL, NULL, '2016-12-19 02:33:40', '2016-12-19 02:33:40'),
(798, 48, 'Excision of curettage of bone cyst or benign tumor of proximal humerus; w/ allograft', '23156', '1', 'major', '13', NULL, NULL, NULL, NULL, '2016-12-19 02:33:40', '2016-12-19 02:33:40'),
(799, 48, 'Sequestrectomy (eg,  for osteomyelitis or bone abscess), clavicle', '23170', '1', 'major', '13', NULL, NULL, NULL, NULL, '2016-12-19 02:33:40', '2016-12-19 02:33:40'),
(800, 48, 'Sequestrectomy (eg,  for osteomyelitis or bone abscess), scapula', '23172', '1', 'major', '13', NULL, NULL, NULL, NULL, '2016-12-19 02:33:40', '2016-12-19 02:33:40'),
(801, 48, 'Partial excision (craterization, saucerization, or diaphysectomy) of bone (eg, for osteomyelitis), clavicle', '23180', '1', 'major', '13', NULL, NULL, NULL, NULL, '2016-12-19 02:33:40', '2016-12-19 02:33:40'),
(802, 48, 'Partial excision (craterization, saucerization, or diaphysectomy) of bone (eg, for osteomyelitis), scapula', '23182', '1', 'major', '0', NULL, NULL, NULL, NULL, '2016-12-19 02:33:40', '2016-12-19 02:33:40'),
(803, 48, 'Ostectomy of scapula, partial (eg, superior medial angle)', '23190', '1', 'major', '13', NULL, NULL, NULL, NULL, '2016-12-19 02:33:40', '2016-12-19 02:33:40'),
(804, 48, 'Resection humeral head', '23195', '1', 'major', '13', NULL, NULL, NULL, NULL, '2016-12-19 02:33:40', '2016-12-19 02:33:40'),
(805, 48, 'Radical resection for tumor; proximal humerus;', '23220', '1', 'major', '13', NULL, NULL, NULL, NULL, '2016-12-19 02:33:40', '2016-12-19 02:33:40'),
(806, 48, 'Radical resection for tumor; proximal humerus; w/ autograft (includes obtaining graft)', '23221', '1', 'major', '13', NULL, NULL, NULL, NULL, '2016-12-19 02:33:40', '2016-12-19 02:33:40'),
(807, 48, 'Radical resection for tumor; proximal humerus; w/ prosthetic replacement', '23222', '1', 'major', '13', NULL, NULL, NULL, NULL, '2016-12-19 02:33:40', '2016-12-19 02:33:40'),
(808, 48, 'Removal of foreign body, shoulder; subcutaneous', '23330', '1', 'major', '32', NULL, NULL, NULL, NULL, '2016-12-19 02:33:40', '2016-12-19 02:33:40'),
(809, 48, 'Removal of foreign body, shoulder; deep (eg, Neer prosthesis removal)', '23331', '1', 'major', '32', NULL, NULL, NULL, NULL, '2016-12-19 02:33:40', '2016-12-19 02:33:40'),
(810, 48, 'Removal of foreign body, shoulder; complicated, including \'total shoulder\'', '23332', '1', 'major', '32', NULL, NULL, NULL, NULL, '2016-12-19 02:33:40', '2016-12-19 02:33:40'),
(811, 48, 'Muscle transfer, any type, shoulder or upper arm: single', '23395', '1', 'major', '44', NULL, NULL, NULL, NULL, '2016-12-19 02:33:40', '2016-12-19 02:33:40'),
(812, 48, 'Muscle transfer, any type, shoulder or upper arm; multiple', '23397', '1', 'major', '44', NULL, NULL, NULL, NULL, '2016-12-19 02:33:40', '2016-12-19 02:33:40'),
(813, 48, 'Scapulopexy (eg, Sprengel\'s deformity or for paralysis)', '23400', '1', 'major', '44', NULL, NULL, NULL, NULL, '2016-12-19 02:33:40', '2016-12-19 02:33:40'),
(814, 48, 'Tenomyotomy, shoulder areas; single', '23405', '1', 'major', '44', NULL, NULL, NULL, NULL, '2016-12-19 02:33:40', '2016-12-19 02:33:40'),
(815, 48, 'Tenomyotomy, shoulder areas; multiple through same incision', '23406', '1', 'major', '44', NULL, NULL, NULL, NULL, '2016-12-19 02:33:40', '2016-12-19 02:33:40'),
(816, 48, 'Tenodosis of long tendon of biceps', '23430', '1', 'major', '44', NULL, NULL, NULL, NULL, '2016-12-19 02:33:40', '2016-12-19 02:33:40'),
(817, 48, 'Resection or transplantation of long tendon of biceps', '23440', '1', 'major', '44', NULL, NULL, NULL, NULL, '2016-12-19 02:33:40', '2016-12-19 02:33:40'),
(818, 48, 'Capsulorrhaphy, anterior, any type; w/ bone block', '23460', '1', 'major', '44', NULL, NULL, NULL, NULL, '2016-12-19 02:33:40', '2016-12-19 02:33:40'),
(819, 48, 'Capsulorrhaphy, anterior, any type; w/ coracoid process transfer', '23462', '1', 'major', '44', NULL, NULL, NULL, NULL, '2016-12-19 02:33:40', '2016-12-19 02:33:40'),
(820, 48, 'Arthroplasty w/ proximal humeral implant (eg, Neer type operation)', '23470', '1', 'major', '44', NULL, NULL, NULL, NULL, '2016-12-19 02:33:40', '2016-12-19 02:33:40'),
(821, 48, 'Arthroplasty w/ glenoid and proximal humeral replacement (eg, total shoulder)', '23472', '1', 'major', '44', NULL, NULL, NULL, NULL, '2016-12-19 02:33:40', '2016-12-19 02:33:40'),
(822, 48, 'Osteotomy, clavicle, w/ or w/o internal fixation;', '23480', '1', 'major', '44', NULL, NULL, NULL, NULL, '2016-12-19 02:33:40', '2016-12-19 02:33:40'),
(823, 48, 'Osteotomy, clavicle, w/ or w/o internal fixation; w/ bone graft for nonunion or malunion (includes obtaining graft and/or necessary fixation)', '23485', '1', 'major', '0', NULL, NULL, NULL, NULL, '2016-12-19 02:33:40', '2016-12-19 02:33:40'),
(824, 48, 'Prophylactic treatment (nailing, pinning, plating, or wiring) w/ or w/o methylmethacrylate; clavicle', '23490', '1', 'major', '44', NULL, NULL, NULL, NULL, '2016-12-19 02:33:40', '2016-12-19 02:33:40'),
(825, 48, 'Prophylactic treatment (nailing, pinning, plating, or wiring) w/ or w/o methylmethacrylate; proximal humerus and humeral head', '23491', '1', 'major', '44', NULL, NULL, NULL, NULL, '2016-12-19 02:33:40', '2016-12-19 02:33:40'),
(826, 48, 'Closed treatment of clavicular fracture', '23500', '1', 'major', '23', NULL, NULL, NULL, NULL, '2016-12-19 02:33:40', '2016-12-19 02:33:40'),
(827, 48, 'Open treatment of clavicular fracture, w/ or w/o internal or external fixation', '23515', '1', 'major', '23', NULL, NULL, NULL, NULL, '2016-12-19 02:33:40', '2016-12-19 02:33:40'),
(828, 48, 'Closed treatment of sternoclavicular dislocation', '23520', '1', 'major', '23', NULL, NULL, NULL, NULL, '2016-12-19 02:33:40', '2016-12-19 02:33:40'),
(829, 48, 'Open treatment of sternoclavicular dislocation, acute or chronic;', '23530', '1', 'major', '23', NULL, NULL, NULL, NULL, '2016-12-19 02:33:40', '2016-12-19 02:33:40'),
(830, 48, 'Open treatment of sternoclavicular dislocation, acute or chronic; w/ fascial graft (includes obtaining graft)', '23532', '1', 'major', '23', NULL, NULL, NULL, NULL, '2016-12-19 02:33:40', '2016-12-19 02:33:40'),
(831, 48, 'Closed treatment of acromioclavicular dislocation', '23540', '1', 'major', '23', NULL, NULL, NULL, NULL, '2016-12-19 02:33:40', '2016-12-19 02:33:40'),
(832, 48, 'Open treatment of acromioclavicular dislocation, acute or chronic;', '23550', '1', 'major', '23', NULL, NULL, NULL, NULL, '2016-12-19 02:33:40', '2016-12-19 02:33:40'),
(833, 48, 'Open treatment of acromioclavicular dislocation, acute or chronic; w/ fascial graft (includes obtaining graft)', '23552', '1', 'major', '23', NULL, NULL, NULL, NULL, '2016-12-19 02:33:40', '2016-12-19 02:33:40'),
(834, 48, 'Closed treatment of  scapular fracture', '23570', '1', 'major', '23', NULL, NULL, NULL, NULL, '2016-12-19 02:33:40', '2016-12-19 02:33:40');
INSERT INTO `cpts` (`id`, `cptCategoriesID`, `description`, `code`, `version`, `classification`, `subCptCategories1ID`, `subCptCategories2ID`, `subCptCategories3ID`, `subCptCategories4ID`, `deleted_at`, `created_at`, `updated_at`) VALUES
(835, 48, 'Open treatment of  scapular fracture (bosy, glenoid or acromion) w/ or w/o internal fixation', '23585', '1', 'major', '23', NULL, NULL, NULL, NULL, '2016-12-19 02:33:40', '2016-12-19 02:33:40'),
(836, 48, 'Closed treatment of proximal humeral (surgical or anatomical neck) fracture', '23600', '1', 'major', '23', NULL, NULL, NULL, NULL, '2016-12-19 02:33:40', '2016-12-19 02:33:40'),
(837, 48, 'Open treatment of proximal humeral (surgical or anatomical neck) fracture, w/ or w/o internal or external fixation, w/ or w/o repair of tuberosity(-ies);', '23615', '1', 'major', '23', NULL, NULL, NULL, NULL, '2016-12-19 02:33:40', '2016-12-19 02:33:40'),
(838, 48, 'Open treatment of proximal humeral (surgical or anatomical neck) fracture, w/ or w/o internal or external fixation, w/ or w/o repair of tuberosity(-ies); w/ proximal humeral prosthetic replacement', '23616', '1', 'major', '23', NULL, NULL, NULL, NULL, '2016-12-19 02:33:40', '2016-12-19 02:33:40'),
(839, 48, 'Closed treatment of greater tuberosity fracture', '23620', '1', 'major', '23', NULL, NULL, NULL, NULL, '2016-12-19 02:33:40', '2016-12-19 02:33:40'),
(840, 48, 'Open treatment of greater tuberosity fracture, w/ or w/o internal or external fixation', '23630', '1', 'major', '23', NULL, NULL, NULL, NULL, '2016-12-19 02:33:40', '2016-12-19 02:33:40'),
(841, 48, 'Closed treatment of shoulder dislocation', '23650', '1', 'major', '23', NULL, NULL, NULL, NULL, '2016-12-19 02:33:40', '2016-12-19 02:33:40'),
(842, 48, 'Open treatment of acute shoulder dislocation', '23660', '1', 'major', '23', NULL, NULL, NULL, NULL, '2016-12-19 02:33:40', '2016-12-19 02:33:40'),
(843, 48, 'Closed treatment of shoulder dislocation, w/ fracture of greater tuberosity', '23665', '1', 'major', '23', NULL, NULL, NULL, NULL, '2016-12-19 02:33:40', '2016-12-19 02:33:40'),
(844, 48, 'Open treatment of shoulder dislocation, w/ fracture of greater tuberosity, w/ or w/o internal or external fixation', '23670', '1', 'major', '23', NULL, NULL, NULL, NULL, '2016-12-19 02:33:40', '2016-12-19 02:33:40'),
(845, 48, 'Closed treatment of shoulder dislocation, w/ surgical or anatomical neck fracture', '23675', '1', 'major', '23', NULL, NULL, NULL, NULL, '2016-12-19 02:33:40', '2016-12-19 02:33:40'),
(846, 48, 'Open treatment of shoulder dislocation, w/ surgical or anatomical neck fracture, w/ or w/o internal or external fixation', '23680', '1', 'major', '23', NULL, NULL, NULL, NULL, '2016-12-19 02:33:40', '2016-12-19 02:33:40'),
(847, 48, 'Arthrodesis, shoulder joint; w/ or w/o local bone graft', '23800', '1', 'major', '4', NULL, NULL, NULL, NULL, '2016-12-19 02:33:40', '2016-12-19 02:33:40'),
(848, 48, 'Arthrodesis, shoulder joint; w/ primary autogenous graft (includes obtaining graft)', '23802', '1', 'major', '4', NULL, NULL, NULL, NULL, '2016-12-19 02:33:40', '2016-12-19 02:33:40'),
(849, 48, 'Interthoracoscapular amputation (forequarter)', '23900', '1', 'major', '2', NULL, NULL, NULL, NULL, '2016-12-19 02:33:40', '2016-12-19 02:33:40'),
(850, 48, 'Disarticulation of shoulder', '23920', '1', 'major', '2', NULL, NULL, NULL, NULL, '2016-12-19 02:33:40', '2016-12-19 02:33:40'),
(851, 22, 'Radical resection of tumor (eg, malignant neoplasm), soft tissue of forearm and/or wrist area', '25077', '1', 'major', '13', NULL, NULL, NULL, NULL, '2016-12-19 02:33:40', '2016-12-19 02:33:40'),
(852, 22, 'Capsulotomy, wrist (eg, for contracture)', '25085', '1', 'major', '13', NULL, NULL, NULL, NULL, '2016-12-19 02:33:40', '2016-12-19 02:33:40'),
(853, 22, 'Arthrotomy, wrist joint; w/ biopsy', '25100', '1', 'major', '13', NULL, NULL, NULL, NULL, '2016-12-19 02:33:40', '2016-12-19 02:33:40'),
(854, 22, 'Arthrotomy, wrist joint; w/ joint exploration, w/or w/o biopsy, w/ or w/o removal of loose or foreign body', '25101', '1', 'major', '13', NULL, NULL, NULL, NULL, '2016-12-19 02:33:40', '2016-12-19 02:33:40'),
(855, 22, 'Arthrotomy, wrist joint; w/ synovectomy', '25105', '1', 'major', '13', NULL, NULL, NULL, NULL, '2016-12-19 02:33:40', '2016-12-19 02:33:40'),
(856, 22, 'Arthrotomy, distal radioulnar joint for repair of triangle cartilage complex', '25107', '1', 'major', '13', NULL, NULL, NULL, NULL, '2016-12-19 02:33:40', '2016-12-19 02:33:40'),
(857, 22, 'Synovectomy, extensor tendon sheath, wrist, single compartment; w/ resection of distal ulna', '25119', '1', 'major', '13', NULL, NULL, NULL, NULL, '2016-12-19 02:33:40', '2016-12-19 02:33:40'),
(858, 22, 'Excision or curettage of bone cyst or benign tumor of radius or ulna (excluding head or neck of radius and olecranon process);', '25120', '1', 'major', '13', NULL, NULL, NULL, NULL, '2016-12-19 02:33:40', '2016-12-19 02:33:40'),
(859, 22, 'Excision or curettage of bone cyst or benign tumor of radius or ulna (excluding head or neck of radius and olecranon process); w/ autograft (includes obtaining graft)', '25125', '1', 'major', '13', NULL, NULL, NULL, NULL, '2016-12-19 02:33:40', '2016-12-19 02:33:40'),
(860, 22, 'Excision or curettage of bone cyst or benign tumor of radius or ulna (excluding head or neck of radius and olecranon process); w/ allograft', '25126', '1', 'major', '13', NULL, NULL, NULL, NULL, '2016-12-19 02:33:40', '2016-12-19 02:33:40'),
(861, 22, 'Excision or curettage of bone cyst or benign tumor of carpal bones;', '25130', '1', 'major', '13', NULL, NULL, NULL, NULL, '2016-12-19 02:33:40', '2016-12-19 02:33:40'),
(862, 22, 'Excision or curettage of bone cyst or benign tumor of carpal bones; w/ autograft (includes obtaining graft)', '25135', '1', 'major', '13', NULL, NULL, NULL, NULL, '2016-12-19 02:33:40', '2016-12-19 02:33:40'),
(863, 22, 'Excision or curettage of bone cyst or benign tumor of carpal bones; w/ allograft', '25136', '1', 'major', '13', NULL, NULL, NULL, NULL, '2016-12-19 02:33:40', '2016-12-19 02:33:40'),
(864, 22, 'Radical resection for tumor, radius or ulna', '25170', '1', 'major', '13', NULL, NULL, NULL, NULL, '2016-12-19 02:33:40', '2016-12-19 02:33:40'),
(865, 22, 'Radial styloidectomy', '25230', '1', 'major', '13', NULL, NULL, NULL, NULL, '2016-12-19 02:33:40', '2016-12-19 02:33:40'),
(866, 22, 'Excision distal ulna partial or complete (eg, Darrach type or matched resection)', '25240', '1', 'major', '13', NULL, NULL, NULL, NULL, '2016-12-19 02:33:40', '2016-12-19 02:33:40'),
(867, 22, 'Exploration w/ removal of deep foreign body, forearm or wrist', '25248', '1', 'major', '32', NULL, NULL, NULL, NULL, '2016-12-19 02:33:40', '2016-12-19 02:33:40'),
(868, 22, 'Removal of wrist prosthesis;', '25250', '1', 'major', '32', NULL, NULL, NULL, NULL, '2016-12-19 02:33:40', '2016-12-19 02:33:40'),
(869, 22, 'Removal of wrist prosthesis; complicated, including \'total wrist\'', '25251', '1', 'major', '32', NULL, NULL, NULL, NULL, '2016-12-19 02:33:40', '2016-12-19 02:33:40'),
(870, 22, 'Lengthening or shorthening of flexor or extensor tendon, forearm and/or wrist, single, each tendon', '25280', '1', 'major', '44', NULL, NULL, NULL, NULL, '2016-12-19 02:33:40', '2016-12-19 02:33:40'),
(871, 22, 'Tenotomy, open, flexor or extensor tendon, forearm and/or wrist, single, each tendon', '25290', '1', 'major', '44', NULL, NULL, NULL, NULL, '2016-12-19 02:33:40', '2016-12-19 02:33:40'),
(872, 22, 'Tenolysis, flexor or extensor tendon, forearm and/or wrist, single, each tendon', '25295', '1', 'major', '44', NULL, NULL, NULL, NULL, '2016-12-19 02:33:40', '2016-12-19 02:33:40'),
(873, 22, 'Tenodosis at wrist; flexors of fingers', '25300', '1', 'major', '44', NULL, NULL, NULL, NULL, '2016-12-19 02:33:40', '2016-12-19 02:33:40'),
(874, 22, 'Tenodosis at wrist; extensors of fingers', '25301', '1', 'major', '44', NULL, NULL, NULL, NULL, '2016-12-19 02:33:40', '2016-12-19 02:33:40'),
(875, 22, 'Tendon transplantation or transfer, flexor or extensor, forearm and/or wrist, single; each tendon', '25310', '1', 'major', '44', NULL, NULL, NULL, NULL, '2016-12-19 02:33:40', '2016-12-19 02:33:40'),
(876, 22, 'Tendon transplantation or transfer, flexor or extensor, forearm and/or wrist, single; w/ tendon graft(s) (includes obtaining graft), each tendon', '25312', '1', 'major', '44', NULL, NULL, NULL, NULL, '2016-12-19 02:33:40', '2016-12-19 02:33:40'),
(877, 22, 'Flexor origin slide (eg, for celebral palsy, Volkmann contracture), forearm and/or wrist', '25315', '1', 'major', '44', NULL, NULL, NULL, NULL, '2016-12-19 02:33:40', '2016-12-19 02:33:40'),
(878, 22, 'Flexor origin slide (eg, for celebral palsy, Volkmann contracture), forearm and/or wrist; w/ tendon(s) transfer', '25316', '1', 'major', '44', NULL, NULL, NULL, NULL, '2016-12-19 02:33:40', '2016-12-19 02:33:40'),
(879, 22, 'Capsulorrhaphy or reconstruction, wrist, any method (eg, capsulodesis, ligament repair, tendon transfer or graft) (includes synovectomy, capsulotomy and open reduction) for carpal instability', '25320', '1', 'major', '44', NULL, NULL, NULL, NULL, '2016-12-19 02:33:40', '2016-12-19 02:33:40'),
(880, 22, 'Arthroplasty, wrist, w/ or w/o interposition, w/ or w/o external or internal fixation ', '25332', '1', 'major', '44', NULL, NULL, NULL, NULL, '2016-12-19 02:33:40', '2016-12-19 02:33:40'),
(881, 22, 'Centralization of wrist on ulna (eg, radial club hand)', '25335', '1', 'major', '44', NULL, NULL, NULL, NULL, '2016-12-19 02:33:40', '2016-12-19 02:33:40'),
(882, 22, 'Reconstruction for stabilization of instable distal ulna or distal radioulnar joint, secondary by soft issue stabilization (eg, tendon transfer, tendon graft or weave, or tenodosis) w/ or w/o open reduction of distal radioulnar joint', '25337', '1', 'major', '44', NULL, NULL, NULL, NULL, '2016-12-19 02:33:40', '2016-12-19 02:33:40'),
(883, 22, 'Osteotomy,radius; distal third ', '25350', '1', 'major', '44', NULL, NULL, NULL, NULL, '2016-12-19 02:33:40', '2016-12-19 02:33:40'),
(884, 22, 'Osteotomy,radius; middle or proximal third', '25355', '1', 'major', '44', NULL, NULL, NULL, NULL, '2016-12-19 02:33:40', '2016-12-19 02:33:40'),
(885, 22, 'Osteotomy; ulna', '25360', '1', 'major', '44', NULL, NULL, NULL, NULL, '2016-12-19 02:33:40', '2016-12-19 02:33:40'),
(886, 22, 'Osteotomy; radius and ulna', '25365', '1', 'major', '44', NULL, NULL, NULL, NULL, '2016-12-19 02:33:40', '2016-12-19 02:33:40'),
(887, 22, 'Multiple osteotomies, with realignment on intramedullary rod ( Sofield type procedure); radius or ulna', '25370', '1', 'major', '44', NULL, NULL, NULL, NULL, '2016-12-19 02:33:40', '2016-12-19 02:33:40'),
(888, 22, 'Multiple osteotomies, with realignment on intramedullary rod ( Sofield type procedure); radius and ulna', '25375', '1', 'major', '44', NULL, NULL, NULL, NULL, '2016-12-19 02:33:40', '2016-12-19 02:33:40'),
(889, 22, 'Osteoplasty, radius or ulna; shortening', '25390', '1', 'major', '44', NULL, NULL, NULL, NULL, '2016-12-19 02:33:40', '2016-12-19 02:33:40'),
(890, 22, 'Osteoplasty, radius or ulna; lengthening w/ autograft', '', '1', 'major', '0', NULL, NULL, NULL, NULL, '2016-12-19 02:33:40', '2016-12-19 02:33:40'),
(891, 22, 'Osteoplasty, radius or ulna; lengthening w/ autograft', '25391', '1', 'major', '44', NULL, NULL, NULL, NULL, '2016-12-19 02:33:40', '2016-12-19 02:33:40'),
(892, 22, 'Osteoplasty, radius and ulna; shortening', '25392', '1', 'major', '44', NULL, NULL, NULL, NULL, '2016-12-19 02:33:40', '2016-12-19 02:33:40'),
(893, 22, 'Osteoplasty, radius and ulna; lengthening w/ autograft', '25393', '1', 'major', '44', NULL, NULL, NULL, NULL, '2016-12-19 02:33:40', '2016-12-19 02:33:40'),
(894, 22, 'Repair of defect w/ autograft; radius or ulna', '25425', '1', 'major', '44', NULL, NULL, NULL, NULL, '2016-12-19 02:33:40', '2016-12-19 02:33:40'),
(895, 22, 'Repair of defect w/ autograft; radius and ulna', '25426', '1', 'major', '44', NULL, NULL, NULL, NULL, '2016-12-19 02:33:40', '2016-12-19 02:33:40'),
(896, 22, 'Arthroplasty w/ prosthetic replacement; distal radius', '25441', '1', 'major', '44', NULL, NULL, NULL, NULL, '2016-12-19 02:33:40', '2016-12-19 02:33:40'),
(897, 22, 'Arthroplasty w/ prosthetic replacement; distal ulna', '25442', '1', 'major', '44', NULL, NULL, NULL, NULL, '2016-12-19 02:33:40', '2016-12-19 02:33:40'),
(898, 22, 'Arthroplasty w/ prosthetic replacement; scaphoid (navicular)', '25443', '1', 'major', '44', NULL, NULL, NULL, NULL, '2016-12-19 02:33:40', '2016-12-19 02:33:40'),
(899, 22, 'Arthroplasty w/ prosthetic replacement; lunate', '25444', '1', 'major', '44', NULL, NULL, NULL, NULL, '2016-12-19 02:33:40', '2016-12-19 02:33:40'),
(900, 22, 'Arthroplasty w/ prosthetic replacement; trapezium', '25445', '1', 'major', '44', NULL, NULL, NULL, NULL, '2016-12-19 02:33:40', '2016-12-19 02:33:40'),
(901, 22, 'Arthroplasty w/ prosthetic replacement; distal radius and partial or entire arpus (\'total wrist\')', '25446', '1', 'major', '44', NULL, NULL, NULL, NULL, '2016-12-19 02:33:40', '2016-12-19 02:33:40'),
(902, 22, 'Interposition arthroplasty, intercarpal or carpometacarpal joints', '25447', '1', 'major', '44', NULL, NULL, NULL, NULL, '2016-12-19 02:33:40', '2016-12-19 02:33:40'),
(903, 22, 'Revision of arthroplasty, including removal of implant, wrist joint', '25449', '1', 'major', '44', NULL, NULL, NULL, NULL, '2016-12-19 02:33:40', '2016-12-19 02:33:40'),
(904, 22, 'Epiphyseal arrest by epiphysiodesis or stapling; distal radius or ulna', '25450', '1', 'major', '44', NULL, NULL, NULL, NULL, '2016-12-19 02:33:40', '2016-12-19 02:33:40'),
(905, 22, 'Epiphyseal arrest by epiphysiodesis or stapling; distal radius and ulna', '25455', '1', 'major', '44', NULL, NULL, NULL, NULL, '2016-12-19 02:33:40', '2016-12-19 02:33:40'),
(906, 22, 'Prophylactic treatment (nailing, pinning, plating, or wiring) w/ or w/o methylmethacrylate; radius', '25490', '1', 'major', '44', NULL, NULL, NULL, NULL, '2016-12-19 02:33:40', '2016-12-19 02:33:40'),
(907, 22, 'Prophylactic treatment (nailing, pinning, plating, or wiring) w/ or w/o methylmethacrylate; ulna', '25491', '1', 'major', '44', NULL, NULL, NULL, NULL, '2016-12-19 02:33:40', '2016-12-19 02:33:40'),
(908, 22, 'Prophylactic treatment (nailing, pinning, plating, or wiring) w/ or w/o methylmethacrylate; radius and ulna', '25492', '1', 'major', '44', NULL, NULL, NULL, NULL, '2016-12-19 02:33:40', '2016-12-19 02:33:40'),
(909, 22, 'Closed treatment of radial shaft fracture\\r\\n', '25500', '1', 'major', '23', NULL, NULL, NULL, NULL, '2016-12-19 02:33:40', '2016-12-19 02:33:40'),
(910, 22, 'Open treatment of radial shaft fracture, w/ or w/o internal or external fixation', '25515', '1', 'major', '23', NULL, NULL, NULL, NULL, '2016-12-19 02:33:40', '2016-12-19 02:33:40'),
(911, 22, 'Closed treatment of radial shaft fracture, dislocation of distal radio-ulnar joint (Galeazzi fracture/dislocation)', '25520', '1', 'major', '23', NULL, NULL, NULL, NULL, '2016-12-19 02:33:40', '2016-12-19 02:33:40'),
(912, 22, 'Open treatment of radial shaft fracture, w/ internal and/or external fixation and closed treatment of  dislocation of distal radio-ulnar joint (Galeazzi fracture/dislocation), w/ or w/o percutaneous skeletal fixation', '25525', '1', 'major', '23', NULL, NULL, NULL, NULL, '2016-12-19 02:33:40', '2016-12-19 02:33:40'),
(913, 22, 'Open treatment of radial shaft fracture, w/ internal and/or external fixation and open treatment, w/ or w/o internal or external fixation of distal radio-ulnar joint (Galeazzi fracture/dislocation), include repair of triangular cartilage', '25526', '1', 'major', '23', NULL, NULL, NULL, NULL, '2016-12-19 02:33:40', '2016-12-19 02:33:40'),
(914, 22, 'Closed treatment of ulnar shaft fracture', '25530', '1', 'major', '23', NULL, NULL, NULL, NULL, '2016-12-19 02:33:40', '2016-12-19 02:33:40'),
(915, 22, 'Open treatment of ulnar shaft fracture, w/ or w/o internal or external fixation', '25545', '1', 'major', '23', NULL, NULL, NULL, NULL, '2016-12-19 02:33:40', '2016-12-19 02:33:40'),
(916, 22, 'Closed treatment of radial and ulnar shaft fractures', '25560', '1', 'major', '23', NULL, NULL, NULL, NULL, '2016-12-19 02:33:40', '2016-12-19 02:33:40'),
(917, 22, 'Open treatment of radial and ulnar shaft fractures, w/ internal or external fixation; of radius or ulna', '25574', '1', 'major', '23', NULL, NULL, NULL, NULL, '2016-12-19 02:33:40', '2016-12-19 02:33:40'),
(918, 22, 'Open treatment of radial and ulnar shaft fractures, w/ internal or external fixation; of radiusand ulna', '25575', '1', 'major', '23', NULL, NULL, NULL, NULL, '2016-12-19 02:33:40', '2016-12-19 02:33:40'),
(919, 22, 'Arthrodesis, wrist joint (including radio carpal and/or ulnocarpal fusion); w/o bone graft', '25800', '1', 'major', '4', NULL, NULL, NULL, NULL, '2016-12-19 02:33:40', '2016-12-19 02:33:40'),
(920, 22, 'Arthrodesis, wrist joint (including radio carpal and/or ulnocarpal fusion); w/ sliding graft', '25805', '1', 'major', '4', NULL, NULL, NULL, NULL, '2016-12-19 02:33:40', '2016-12-19 02:33:40'),
(921, 22, 'Arthrodesis, wrist joint (including radio carpal and/or ulnocarpal fusion); w/ iliac or other autograft (includes obtaining graft)', '25810', '1', 'major', '4', NULL, NULL, NULL, NULL, '2016-12-19 02:33:40', '2016-12-19 02:33:40'),
(922, 22, 'Intercarpal fusion; w/o bonegraft', '25820', '1', 'major', '4', NULL, NULL, NULL, NULL, '2016-12-19 02:33:40', '2016-12-19 02:33:40'),
(923, 22, 'Intercarpal fusion; w/ autograft (includes obtaining graft)', '25825', '1', 'major', '4', NULL, NULL, NULL, NULL, '2016-12-19 02:33:40', '2016-12-19 02:33:40'),
(924, 22, 'Krukenberg procedure', '25915', '1', 'major', '2', NULL, NULL, NULL, NULL, '2016-12-19 02:33:40', '2016-12-19 02:33:40'),
(925, 22, 'Disarticulation through wrist;', '25920', '1', 'major', '2', NULL, NULL, NULL, NULL, '2016-12-19 02:33:40', '2016-12-19 02:33:40'),
(926, 22, 'Disarticulation through wrist; secondary closure or scar revision', '25922', '1', 'major', '2', NULL, NULL, NULL, NULL, '2016-12-19 02:33:40', '2016-12-19 02:33:40'),
(927, 22, 'Disarticulation through wrist; reamputation', '25924', '1', 'major', '2', NULL, NULL, NULL, NULL, '2016-12-19 02:33:40', '2016-12-19 02:33:40'),
(928, 22, 'Transmetacarpal amputation;', '25927', '1', 'major', '2', NULL, NULL, NULL, NULL, '2016-12-19 02:33:40', '2016-12-19 02:33:40'),
(929, 22, 'Transmetacarpal amputation; secondary closure or scar revision', '25929', '1', 'major', '2', NULL, NULL, NULL, NULL, '2016-12-19 02:33:40', '2016-12-19 02:33:40'),
(930, 22, 'Transmetacarpal amputation; re-amputation', '25931', '1', 'major', '2', NULL, NULL, NULL, NULL, '2016-12-19 02:33:40', '2016-12-19 02:33:40'),
(931, 27, 'Arthrolomy w/ synovial biopsy, carpometacarpal joint', '26100', '1', 'major', '13', NULL, NULL, NULL, NULL, '2016-12-19 02:33:40', '2016-12-19 02:33:40'),
(932, 27, 'Arthrotomy w/ synovial biopsy, metacarpophalangeal joint', '26105', '1', 'major', '13', NULL, NULL, NULL, NULL, '2016-12-19 02:33:40', '2016-12-19 02:33:40'),
(933, 27, 'Arthrotomy w/ synovial biopsy, interphalangeal joint, each', '26110', '1', 'major', '13', NULL, NULL, NULL, NULL, '2016-12-19 02:33:40', '2016-12-19 02:33:40'),
(934, 27, 'Radical resection of tumor (eg, malignant neoplasm), soft tissue of hand or finger ', '26117', '1', 'major', '13', NULL, NULL, NULL, NULL, '2016-12-19 02:33:40', '2016-12-19 02:33:40'),
(935, 27, 'Fasciectomy, palm only, w/ or w/o Z-plasty, other local tissue rearrangement, or skin grafting (includes obtaining graft)', '26121', '1', 'major', '13', NULL, NULL, NULL, NULL, '2016-12-19 02:33:40', '2016-12-19 02:33:40'),
(936, 27, 'Synovectomy, carpometacarpal joint', '26130', '1', 'major', '13', NULL, NULL, NULL, NULL, '2016-12-19 02:33:40', '2016-12-19 02:33:40'),
(937, 27, 'Synovectomy, metacarpophalengeal joint including intrinsic release and extensor hood reconstruction, each digit', '26135', '1', 'major', '13', NULL, NULL, NULL, NULL, '2016-12-19 02:33:40', '2016-12-19 02:33:40'),
(938, 27, 'Synovectomy, proximal interphalengeal joint including extensor reconstruction, each  interphalengeal jointt', '26140', '1', 'major', '13', NULL, NULL, NULL, NULL, '2016-12-19 02:33:40', '2016-12-19 02:33:40'),
(939, 27, 'Excision of tendon, palm, flexor, single, each', '26170', '1', 'major', '13', NULL, NULL, NULL, NULL, '2016-12-19 02:33:40', '2016-12-19 02:33:40'),
(940, 27, 'Excision of tendon, finger, flexor', '26180', '1', 'major', '13', NULL, NULL, NULL, NULL, '2016-12-19 02:33:40', '2016-12-19 02:33:40'),
(941, 27, 'Sesamoidectomy, thumb or finger', '26185', '1', 'major', '13', NULL, NULL, NULL, NULL, '2016-12-19 02:33:40', '2016-12-19 02:33:40'),
(942, 27, 'Excision or curettage of bone cyst or benign tumor or metacarpal;', '26200', '1', 'major', '13', NULL, NULL, NULL, NULL, '2016-12-19 02:33:40', '2016-12-19 02:33:40'),
(943, 27, 'Excision or curettage of bone cyst or benign tumor or metacarpal; w/ autograft (includes obtaining graft)', '26205', '1', 'major', '13', NULL, NULL, NULL, NULL, '2016-12-19 02:33:40', '2016-12-19 02:33:40'),
(944, 27, 'Excision or curettage of bone cyst or benign tumor of proximal, middle; or distal phalanx of finger;', '26210', '1', 'major', '13', NULL, NULL, NULL, NULL, '2016-12-19 02:33:40', '2016-12-19 02:33:40'),
(945, 27, 'Excision or curettage of bone cyst or benign tumor of proximal, middle; or distal phalanx of finger; w/ autograft (includes obtaining graft)', '26215', '1', 'major', '13', NULL, NULL, NULL, NULL, '2016-12-19 02:33:40', '2016-12-19 02:33:40'),
(946, 27, 'Radical resection (ostectomy) for tumor, metacarpal;', '26250', '1', 'major', '13', NULL, NULL, NULL, NULL, '2016-12-19 02:33:40', '2016-12-19 02:33:40'),
(947, 27, 'Radical resection (ostectomy) for tumor, metacarpal; w/ autograft (includes obtaining graft)', '26255', '1', 'major', '13', NULL, NULL, NULL, NULL, '2016-12-19 02:33:40', '2016-12-19 02:33:40'),
(948, 27, 'Radical resection (ostectomy) for tumor, proximal or middle phalanx of finger;', '26260', '1', 'major', '13', NULL, NULL, NULL, NULL, '2016-12-19 02:33:40', '2016-12-19 02:33:40'),
(949, 27, 'Radical resection (ostectomy) for tumor, proximal or middle phalanx of finger; w/ autograft (includes obtaining graft)', '26261', '1', 'major', '13', NULL, NULL, NULL, NULL, '2016-12-19 02:33:40', '2016-12-19 02:33:40'),
(950, 27, 'Radical resection (ostectomy) for tumor, distal phalanx of finger;', '26262', '1', 'major', '13', NULL, NULL, NULL, NULL, '2016-12-19 02:33:40', '2016-12-19 02:33:40'),
(951, 27, 'Flexor tendon excision, implantation of plastic tube or rod for delayed tendon graft, hand or finger', '26390', '1', 'major', '44', NULL, NULL, NULL, NULL, '2016-12-19 02:33:40', '2016-12-19 02:33:40'),
(952, 27, 'Removal of tube or rod and insertion of flexor tendon graft (includes obtaining graft), hands or finger', '26392', '1', 'major', '44', NULL, NULL, NULL, NULL, '2016-12-19 02:33:40', '2016-12-19 02:33:40'),
(953, 27, 'Extensor tendon excision, implantation of tube or rod for delayed extensor tendon graft, hands or finger', '26415', '1', 'major', '44', NULL, NULL, NULL, NULL, '2016-12-19 02:33:40', '2016-12-19 02:33:40'),
(954, 27, 'Removal of tube or rod and insertion of extensor tendon graft (includes obtaining graft), hand or finger', '26416', '1', 'major', '44', NULL, NULL, NULL, NULL, '2016-12-19 02:33:40', '2016-12-19 02:33:40'),
(955, 27, 'Tenolysis, simple, flexor tendon; palm or finger, single, each tendon', '26440', '1', 'major', '44', NULL, NULL, NULL, NULL, '2016-12-19 02:33:40', '2016-12-19 02:33:40'),
(956, 27, 'Tenolysis, simple, flexor tendon; palm and finger,  each tendon', '26442', '1', 'major', '44', NULL, NULL, NULL, NULL, '2016-12-19 02:33:40', '2016-12-19 02:33:40'),
(957, 27, 'Tenolysis, extensor tendon, dorsum of hand or finger; each tendon', '26445', '1', 'major', '44', NULL, NULL, NULL, NULL, '2016-12-19 02:33:40', '2016-12-19 02:33:40'),
(958, 27, 'Tenolysis, complex, extensor tendon, dorsum of hand or finger; each tendon', '26449', '1', 'major', '44', NULL, NULL, NULL, NULL, '2016-12-19 02:33:40', '2016-12-19 02:33:40'),
(959, 27, 'Tendon lengthening, extensor, hand or finger, single, each', '26476', '1', 'major', '44', NULL, NULL, NULL, NULL, '2016-12-19 02:33:40', '2016-12-19 02:33:40'),
(960, 27, 'Tendon shorthening, extensor, hand or finger, single, each', '26477', '1', 'major', '44', NULL, NULL, NULL, NULL, '2016-12-19 02:33:40', '2016-12-19 02:33:40'),
(961, 27, 'Tendon lengthening, flexor, hand or finger, single, each', '26478', '1', 'major', '44', NULL, NULL, NULL, NULL, '2016-12-19 02:33:40', '2016-12-19 02:33:40'),
(962, 27, 'Tendon shorthening, flexor, hand or finger, single, each', '26479', '1', 'major', '44', NULL, NULL, NULL, NULL, '2016-12-19 02:33:40', '2016-12-19 02:33:40'),
(963, 27, 'Tendon transfer or transplant, carpometacarpal area or dorsum of hand , single; w/o free graft, each', '26480', '1', 'major', '44', NULL, NULL, NULL, NULL, '2016-12-19 02:33:40', '2016-12-19 02:33:40'),
(964, 27, 'Tendon transfer or transplant, carpometacarpal area or dorsum of hand , single; w/ free tendon graft (includes obtaining graft), each tendon', '26483', '1', 'major', '44', NULL, NULL, NULL, NULL, '2016-12-19 02:33:40', '2016-12-19 02:33:40'),
(965, 27, 'Tendon transfer or transplant, palmar, single, each tendon; w/o free tendon graft', '26485', '1', 'major', '44', NULL, NULL, NULL, NULL, '2016-12-19 02:33:40', '2016-12-19 02:33:40'),
(966, 27, 'Tendon transfer or transplant, palmar, single, each tendon; w/ free tendon graft (includes obtaining graft), each tendon', '26489', '1', 'major', '44', NULL, NULL, NULL, NULL, '2016-12-19 02:33:40', '2016-12-19 02:33:40'),
(967, 27, 'Tendon transfer to restore intrinsic function; ring and small finger', '26497', '1', 'major', '44', NULL, NULL, NULL, NULL, '2016-12-19 02:33:40', '2016-12-19 02:33:40'),
(968, 27, 'Tendon transfer to restore intrinsic function; all four fingers', '26498', '1', 'major', '44', NULL, NULL, NULL, NULL, '2016-12-19 02:33:40', '2016-12-19 02:33:40'),
(969, 27, 'Correction claw finger, other methods', '26499', '1', 'major', '44', NULL, NULL, NULL, NULL, '2016-12-19 02:33:40', '2016-12-19 02:33:40'),
(970, 27, 'Tendon pulley reconstruction; w/ local tissues', '26500', '1', 'major', '44', NULL, NULL, NULL, NULL, '2016-12-19 02:33:40', '2016-12-19 02:33:40'),
(971, 27, 'Tendon pulley reconstruction; w/ tendon or fascial graft (includes obtaining graft)', '26502', '1', 'major', '44', NULL, NULL, NULL, NULL, '2016-12-19 02:33:40', '2016-12-19 02:33:40'),
(972, 27, 'Tendon pulley reconstruction; w/ tendon prosthesis', '26504', '1', 'major', '44', NULL, NULL, NULL, NULL, '2016-12-19 02:33:40', '2016-12-19 02:33:40'),
(973, 27, 'Thenar muscle release for thumb contructure', '26508', '1', 'major', '44', NULL, NULL, NULL, NULL, '2016-12-19 02:33:40', '2016-12-19 02:33:40'),
(974, 27, 'Cross intrinsic transfer', '26510', '1', 'major', '44', NULL, NULL, NULL, NULL, '2016-12-19 02:33:40', '2016-12-19 02:33:40'),
(975, 27, 'Capsulodesis for M-P joint stabilization; single digit', '26516', '1', 'major', '44', NULL, NULL, NULL, NULL, '2016-12-19 02:33:40', '2016-12-19 02:33:40'),
(976, 27, 'Capsulodesis for M-P joint stabilization; two digits', '26517', '1', 'major', '44', NULL, NULL, NULL, NULL, '2016-12-19 02:33:40', '2016-12-19 02:33:40'),
(977, 27, 'Capsulodesis for M-P joint stabilization; three or four digits', '26518', '1', 'major', '44', NULL, NULL, NULL, NULL, '2016-12-19 02:33:40', '2016-12-19 02:33:40'),
(978, 27, 'Capsulectomy or capsulotomy for contracture; metacarpophalengeal joint, single, each', '26520', '1', 'major', '44', NULL, NULL, NULL, NULL, '2016-12-19 02:33:40', '2016-12-19 02:33:40'),
(979, 27, 'Capsulectomy or capsulotomy for contracture; interphalengeal joint, single, each', '26525', '1', 'major', '44', NULL, NULL, NULL, NULL, '2016-12-19 02:33:40', '2016-12-19 02:33:40'),
(980, 27, 'Arthroplasty, metacarpophalangeal joint; w/ prosthetic implant, single each', '26531', '1', 'major', '44', NULL, NULL, NULL, NULL, '2016-12-19 02:33:40', '2016-12-19 02:33:40'),
(981, 27, 'Arthroplasty interphalangeal joint, w/ prosthetic implant, single, each', '26536', '1', 'major', '44', NULL, NULL, NULL, NULL, '2016-12-19 02:33:40', '2016-12-19 02:33:40'),
(982, 27, 'Pollicization of a digit', '26550', '1', 'major', '44', NULL, NULL, NULL, NULL, '2016-12-19 02:33:40', '2016-12-19 02:33:40'),
(983, 27, 'Toe-to-hand transfer w/ microvascular anastomosis; great toe \'wrap around\' w/ bone graft', '26551', '1', 'major', '44', NULL, NULL, NULL, NULL, '2016-12-19 02:33:40', '2016-12-19 02:33:40'),
(984, 27, 'Toe-to-hand transfer w/ microvascular anastomosis; other than great toe, single', '26553', '1', 'major', '44', NULL, NULL, NULL, NULL, '2016-12-19 02:33:40', '2016-12-19 02:33:40'),
(985, 27, 'Toe-to-hand transfer w/ microvascular anastomosis; other than great toe, double', '26554', '1', 'major', '44', NULL, NULL, NULL, NULL, '2016-12-19 02:33:40', '2016-12-19 02:33:40'),
(986, 27, 'Positional change of other finger', '26555', '1', 'major', '44', NULL, NULL, NULL, NULL, '2016-12-19 02:33:40', '2016-12-19 02:33:40'),
(987, 27, 'Free  toe joint  transfer w/ microvascular anastomosis', '26556', '1', 'major', '44', NULL, NULL, NULL, NULL, '2016-12-19 02:33:40', '2016-12-19 02:33:40'),
(988, 27, 'Repair of syndactyly (web finger) eah web space; w/ skin flaps', '26560', '1', 'major', '44', NULL, NULL, NULL, NULL, '2016-12-19 02:33:40', '2016-12-19 02:33:40'),
(989, 27, 'Repair of syndactyly (web finger) eah web space; w/ skin flaps and grafts', '26561', '1', 'major', '44', NULL, NULL, NULL, NULL, '2016-12-19 02:33:40', '2016-12-19 02:33:40'),
(990, 27, 'Repair of syndactyly (web finger) eah web space; complex (eg, involving bone, nails)', '26562', '1', 'major', '44', NULL, NULL, NULL, NULL, '2016-12-19 02:33:40', '2016-12-19 02:33:40'),
(991, 27, 'Osteoplasty for lengthening of metacarpal or phalanx', '26568', '1', 'major', '44', NULL, NULL, NULL, NULL, '2016-12-19 02:33:40', '2016-12-19 02:33:40'),
(992, 27, 'Repair cleft hand', '26580', '1', 'major', '44', NULL, NULL, NULL, NULL, '2016-12-19 02:33:40', '2016-12-19 02:33:40'),
(993, 27, 'Repair bifid digit', '26585', '1', 'major', '44', NULL, NULL, NULL, NULL, '2016-12-19 02:33:40', '2016-12-19 02:33:40'),
(994, 27, 'Reconstruction of supernumery digit, soft tissue and bone', '26587', '1', 'major', '44', NULL, NULL, NULL, NULL, '2016-12-19 02:33:40', '2016-12-19 02:33:40'),
(995, 27, 'Repair macrodactylia', '26590', '1', 'major', '44', NULL, NULL, NULL, NULL, '2016-12-19 02:33:40', '2016-12-19 02:33:40'),
(996, 27, 'Excision of constricting ring of finger, w/ multiple Z-plasties', '26596', '1', 'major', '44', NULL, NULL, NULL, NULL, '2016-12-19 02:33:40', '2016-12-19 02:33:40'),
(997, 27, 'Fusion in opposition, thumb, w/ autogenous graft (includes obtaining grafts)', '26820', '1', 'major', '4', NULL, NULL, NULL, NULL, '2016-12-19 02:33:40', '2016-12-19 02:33:40'),
(998, 27, 'Arthrodesis, carpometacarpal joint, thumb, w/ or w/o internal fixation;', '26841', '1', 'major', '4', NULL, NULL, NULL, NULL, '2016-12-19 02:33:40', '2016-12-19 02:33:40'),
(999, 27, 'Arthrodesis, carpometacarpal joint, thumb, w/ or w/o internal fixation; w/ autograft (includes obtaining graft)', '26842', '1', 'major', '4', NULL, NULL, NULL, NULL, '2016-12-19 02:33:40', '2016-12-19 02:33:40'),
(1000, 27, 'Arthrodesis, carpometacarpal joint,digits, other than thumb;', '26843', '1', 'major', '4', NULL, NULL, NULL, NULL, '2016-12-19 02:33:40', '2016-12-19 02:33:40'),
(1001, 27, 'Arthrodesis, carpometacarpal joint,digits, other than thumb; w/ autograft (icludes obtaining graft)', '26844', '1', 'major', '4', NULL, NULL, NULL, NULL, '2016-12-19 02:33:40', '2016-12-19 02:33:40'),
(1002, 27, 'Arthrodesis, metacarpophalengeal joint, w/ or w/o internal fixation;', '26850', '1', 'major', '4', NULL, NULL, NULL, NULL, '2016-12-19 02:33:40', '2016-12-19 02:33:40'),
(1003, 27, 'Arthrodesis, metacarpophalengeal joint, w/ or w/o internal fixation; w/ autograft (includes obtaining graft)', '26852', '1', 'major', '4', NULL, NULL, NULL, NULL, '2016-12-19 02:33:40', '2016-12-19 02:33:40'),
(1004, 27, 'Arthrodesis, interphalengeal joint, w/ or w/o internal fixation;', '26860', '1', 'major', '4', NULL, NULL, NULL, NULL, '2016-12-19 02:33:40', '2016-12-19 02:33:40'),
(1005, 27, 'Arthrodesis, interphalengeal joint, w/ or w/o internal fixation; w/ autograft (includes obtaining graft)', '26862', '1', 'major', '4', NULL, NULL, NULL, NULL, '2016-12-19 02:33:40', '2016-12-19 02:33:40'),
(1006, 40, 'Tenotomy, adductor of hip, subcutaneous, closed', '27000', '1', 'major', '29', NULL, NULL, NULL, NULL, '2016-12-19 02:33:40', '2016-12-19 02:33:40'),
(1007, 40, 'Tenotomy, adductor of hip, subcutaneous, open', '27001', '1', 'major', '29', NULL, NULL, NULL, NULL, '2016-12-19 02:33:40', '2016-12-19 02:33:40'),
(1008, 40, 'Tenotomy, adductor, subcutaneous, open, w/ obturator neurectomy', '27003', '1', 'major', '29', NULL, NULL, NULL, NULL, '2016-12-19 02:33:40', '2016-12-19 02:33:40'),
(1009, 40, 'Tenotomy, ilopsoas, open', '27005', '1', 'major', '29', NULL, NULL, NULL, NULL, '2016-12-19 02:33:40', '2016-12-19 02:33:40'),
(1010, 40, 'Tenotomy, adductors of hip, open', '27006', '1', 'major', '29', NULL, NULL, NULL, NULL, '2016-12-19 02:33:40', '2016-12-19 02:33:40'),
(1011, 40, 'Fasciotomy, hip or thigh, any type', '27025', '1', 'major', '29', NULL, NULL, NULL, NULL, '2016-12-19 02:33:40', '2016-12-19 02:33:40'),
(1012, 40, 'Hip joint denervation, intrapelvic or extrapelvic intra-articular branches of sciatic, femoral, or obturator nerves', '27035', '1', 'major', '29', NULL, NULL, NULL, NULL, '2016-12-19 02:33:40', '2016-12-19 02:33:40'),
(1013, 40, 'Capsulectomy or capsulotomy of hip, w/ or w/o excision of heterotopic bone, w/ release of hip flexor muscle (ie, gluteus medius, gluteus minimus, tensor fascia latae, rectus femoris, sartorius, iliopsoas)', '27036', '1', 'major', '29', NULL, NULL, NULL, NULL, '2016-12-19 02:33:40', '2016-12-19 02:33:40'),
(1014, 40, 'Arthrotomy, w/ biopsy; sacroiliac joint', '27050', '1', 'major', '13', NULL, NULL, NULL, NULL, '2016-12-19 02:33:40', '2016-12-19 02:33:40'),
(1015, 40, 'Arthrotomy, w/ biopsy; hip joint', '27052', '1', 'major', '13', NULL, NULL, NULL, NULL, '2016-12-19 02:33:40', '2016-12-19 02:33:40'),
(1016, 40, 'Arthrotomy w/ synovectomy, hip joint', '27054', '1', 'major', '13', NULL, NULL, NULL, NULL, '2016-12-19 02:33:40', '2016-12-19 02:33:40'),
(1017, 40, 'Excision; ischial bursa', '27060', '1', 'major', '13', NULL, NULL, NULL, NULL, '2016-12-19 02:33:40', '2016-12-19 02:33:40'),
(1018, 40, 'Excision; trochanteric bursa or calcification', '27062', '1', 'major', '13', NULL, NULL, NULL, NULL, '2016-12-19 02:33:40', '2016-12-19 02:33:40'),
(1019, 40, 'Excision of bone cyst or benign tumor; superficial ( wing of ilium, symphysis pubis, or greater trochanter of femur) w/ or w/o autograft', '27065', '1', 'major', '13', NULL, NULL, NULL, NULL, '2016-12-19 02:33:40', '2016-12-19 02:33:40'),
(1020, 40, 'Excision of bone cyst or benign tumor; deep, w/ or w/o autograft', '27066', '1', 'major', '13', NULL, NULL, NULL, NULL, '2016-12-19 02:33:40', '2016-12-19 02:33:40'),
(1021, 40, 'Excision of bone cyst or benign tumor; w/ autograftrequiring separate incision', '27067', '1', 'major', '13', NULL, NULL, NULL, NULL, '2016-12-19 02:33:40', '2016-12-19 02:33:40'),
(1022, 40, 'Partial excision (craterization, saucerization) (eg, for osteomyelitis); superficial (eg, wing of ilium, symphysis pubis or greater trochanter of femur)', '27070', '1', 'major', '13', NULL, NULL, NULL, NULL, '2016-12-19 02:33:40', '2016-12-19 02:33:40'),
(1023, 40, 'Partial excision (craterization, saucerization) (eg, for osteomyelitis); deep', '27071', '1', 'major', '13', NULL, NULL, NULL, NULL, '2016-12-19 02:33:40', '2016-12-19 02:33:40'),
(1024, 40, 'Radical resection of tumor or infection; wing of ilium, one pubic or ischial ramus or symphysis pubis', '27075', '1', 'major', '13', NULL, NULL, NULL, NULL, '2016-12-19 02:33:40', '2016-12-19 02:33:40'),
(1025, 40, 'Radical resection of tumor or infection; ilium, including acetabulum, both pubic rami, or ischium and acetabulum', '27076', '1', 'major', '13', NULL, NULL, NULL, NULL, '2016-12-19 02:33:40', '2016-12-19 02:33:40'),
(1026, 40, 'Radical resection of tumor or infection; innominate bone, total', '27077', '1', 'major', '13', NULL, NULL, NULL, NULL, '2016-12-19 02:33:40', '2016-12-19 02:33:40'),
(1027, 40, 'Radical resection of tumor or infection; ischial tuberosity and greater trochanter of femur', '27078', '1', 'major', '13', NULL, NULL, NULL, NULL, '2016-12-19 02:33:40', '2016-12-19 02:33:40'),
(1028, 40, 'Radical resection of tumor or infection; ischial tuberosity and greater trochanter of femur, w/ skin flaps', '27079', '1', 'major', '13', NULL, NULL, NULL, NULL, '2016-12-19 02:33:40', '2016-12-19 02:33:40'),
(1029, 40, 'Coccygectomy, primary\\r\\n', '27080', '1', 'major', '13', NULL, NULL, NULL, NULL, '2016-12-19 02:33:40', '2016-12-19 02:33:40'),
(1030, 40, 'Hamstring recession, proximal', '27097', '1', 'major', '44', NULL, NULL, NULL, NULL, '2016-12-19 02:33:40', '2016-12-19 02:33:40'),
(1031, 40, 'Adductor transfer to ischium\\r\\n', '27098', '1', 'major', '44', NULL, NULL, NULL, NULL, '2016-12-19 02:33:40', '2016-12-19 02:33:40'),
(1032, 40, 'Transfer external oblique muscle to greater trochanter including fascial or tendon extension (graft)', '27100', '1', 'major', '44', NULL, NULL, NULL, NULL, '2016-12-19 02:33:40', '2016-12-19 02:33:40'),
(1033, 40, 'Transfer parasoinal muscle to hip (includes  fascial or tendon extension graft)', '27105', '1', 'major', '44', NULL, NULL, NULL, NULL, '2016-12-19 02:33:40', '2016-12-19 02:33:40'),
(1034, 40, 'Transfer ilopsoas; to greater trochanter ', '27110', '1', 'major', '44', NULL, NULL, NULL, NULL, '2016-12-19 02:33:40', '2016-12-19 02:33:40'),
(1035, 40, 'Transfer ilopsoas; to femoral neck', '27111', '1', 'major', '44', NULL, NULL, NULL, NULL, '2016-12-19 02:33:40', '2016-12-19 02:33:40'),
(1036, 40, 'Osteotomy, femoral neck', '27161', '1', 'major', '44', NULL, NULL, NULL, NULL, '2016-12-19 02:33:40', '2016-12-19 02:33:40'),
(1037, 40, 'Osteotomy, intertrochanteric or subtrochanteric including internal or external fixation and/or cast', '27165', '1', 'major', '44', NULL, NULL, NULL, NULL, '2016-12-19 02:33:40', '2016-12-19 02:33:40'),
(1038, 40, 'Bone graft, femoral head, neck, intertrochanteric or subtrochanteric area (includes obtaining bone graft)', '27170', '1', 'major', '44', NULL, NULL, NULL, NULL, '2016-12-19 02:33:40', '2016-12-19 02:33:40'),
(1039, 40, 'Treatment of slipped femoral epiphysis; by traction, w/o reduction', '27175', '1', 'major', '44', NULL, NULL, NULL, NULL, '2016-12-19 02:33:40', '2016-12-19 02:33:40'),
(1040, 40, 'Treatment of slipped femoral epiphysis; by single or multiple pinning, in situ', '27176', '1', 'major', '44', NULL, NULL, NULL, NULL, '2016-12-19 02:33:40', '2016-12-19 02:33:40'),
(1041, 40, 'Open treatment of slipped femoral epiphysis;  single of multiple pinningor bone graft (includes obtaining graft)', '27177', '1', 'major', '44', NULL, NULL, NULL, NULL, '2016-12-19 02:33:40', '2016-12-19 02:33:40'),
(1042, 40, 'Open treatment of slipped femoral epiphysis; closed manipulation w/ single or multiple pinning', '27178', '1', 'major', '44', NULL, NULL, NULL, NULL, '2016-12-19 02:33:40', '2016-12-19 02:33:40'),
(1043, 40, 'Open treatment of slipped femoral epiphysis;  osteoplasty of femoral neck (Heyman type procedure)', '27179', '1', 'major', '44', NULL, NULL, NULL, NULL, '2016-12-19 02:33:40', '2016-12-19 02:33:40'),
(1044, 40, 'Open treatment of slipped femoral epiphysis;   osteotomy and internal fixation', '27181', '1', 'major', '44', NULL, NULL, NULL, NULL, '2016-12-19 02:33:40', '2016-12-19 02:33:40'),
(1045, 40, 'Epiphyseal arrest by epiphysiodesis or sapling, greater trochanter', '27185', '1', 'major', '44', NULL, NULL, NULL, NULL, '2016-12-19 02:33:40', '2016-12-19 02:33:40'),
(1046, 40, 'Closed treatment of pelvic ring fracture, dislocation, diastasis or subluxation', '27193', '1', 'major', '23', NULL, NULL, NULL, NULL, '2016-12-19 02:33:40', '2016-12-19 02:33:40'),
(1047, 40, 'Closed treatment of  coccygeal fracture', '27200', '1', 'major', '44', NULL, NULL, NULL, NULL, '2016-12-19 02:33:40', '2016-12-19 02:33:40'),
(1048, 40, 'Open  treatment of coccygeal fracture', '27202', '1', 'major', '23', NULL, NULL, NULL, NULL, '2016-12-19 02:33:40', '2016-12-19 02:33:40'),
(1049, 40, 'Open treatment of iliac spine(s), tuberosity avulsion, or iliac wing fracture(s) (eg, pelvic fracture(s) w/c do not disrupt the pelvic ring), w/ internal fixation', '27215', '1', 'major', '23', NULL, NULL, NULL, NULL, '2016-12-19 02:33:40', '2016-12-19 02:33:40'),
(1050, 40, 'Percutaneous skeletal fixation of posterior pelvic ring fracture and/or dislocation (includes ilium, sacroiliac joint and/or sacrum)', '27216', '1', 'major', '23', NULL, NULL, NULL, NULL, '2016-12-19 02:33:40', '2016-12-19 02:33:40'),
(1051, 40, 'Open treatment of anterior ring fracture and/or dislocation w/ internal fixation (includes pubic symphysis and/or rami)', '27217', '1', 'major', '23', NULL, NULL, NULL, NULL, '2016-12-19 02:33:40', '2016-12-19 02:33:40'),
(1052, 40, 'Open treatment of posterior ring fracture and/or dislocation w/ internal fixation (includes ilium, sacroiliac joint and/or sacrum)', '27218', '1', 'major', '23', NULL, NULL, NULL, NULL, '2016-12-19 02:33:40', '2016-12-19 02:33:40'),
(1053, 40, 'Closed treatment of acetabulum (hip socket) fracture(s)', '27220', '1', 'major', '23', NULL, NULL, NULL, NULL, '2016-12-19 02:33:40', '2016-12-19 02:33:40'),
(1054, 40, 'Open treatment of posterior or  anterior acetabular wall  fracture, w/ internal fixation ', '27226', '1', 'major', '23', NULL, NULL, NULL, NULL, '2016-12-19 02:33:40', '2016-12-19 02:33:40'),
(1055, 40, 'Open treatment of acetabular fracture(s) involving anterior or posterior (one) column, or a fracture running transversely across the acetabulum, w/ internal fixation ', '27227', '1', 'major', '23', NULL, NULL, NULL, NULL, '2016-12-19 02:33:40', '2016-12-19 02:33:40'),
(1056, 40, 'Open treatment of acetabular fracture(s) involving anterior or posterior (two) columns, includes T-fracture and both column fracture w/ complete articular detachment, or single column or transverse fracture w/ associated acetabular wall  fracture, w/ internal fixation ', '27228', '1', 'major', '23', NULL, NULL, NULL, NULL, '2016-12-19 02:33:40', '2016-12-19 02:33:40'),
(1057, 40, 'Open treatment of femoral fracture, proximal end, neck', '27230', '1', 'major', '23', NULL, NULL, NULL, NULL, '2016-12-19 02:33:40', '2016-12-19 02:33:40'),
(1058, 40, 'Percutaneous skeletal fixation of femoral fracture, proximal end, neck, undisplaced, mildly displaced, or impacted fracture', '27235', '1', 'major', '23', NULL, NULL, NULL, NULL, '2016-12-19 02:33:40', '2016-12-19 02:33:40'),
(1059, 40, 'Open treatment of femoral fracture, proximal end, neck, internal fixation or prosthetic replacement (direct fracture exposure)', '27236', '1', 'major', '23', NULL, NULL, NULL, NULL, '2016-12-19 02:33:40', '2016-12-19 02:33:40'),
(1060, 40, 'Closed treatment of intertrochanteric, pertochanteric, or subtrochanteric femoral fracture', '27238', '1', 'major', '23', NULL, NULL, NULL, NULL, '2016-12-19 02:33:40', '2016-12-19 02:33:40'),
(1061, 40, 'Open treatment of intertrochanteric, pertochanteric, or subtrochanteric femoral fracture; w/ plate/screw type implant, w/ or w/o cerclage', '27244', '1', 'major', '23', NULL, NULL, NULL, NULL, '2016-12-19 02:33:40', '2016-12-19 02:33:40'),
(1062, 40, 'Open treatment of intertrochanteric, pertochanteric, or subtrochanteric femoral fracture; w/ intramedullary im[lant, w/ or w/o interlocking screws and/or cerclage', '27245', '1', 'major', '23', NULL, NULL, NULL, NULL, '2016-12-19 02:33:40', '2016-12-19 02:33:40'),
(1063, 40, 'Open treatment of greater trochanteric fracture, w/ or w/o intenal or external fixation', '27248', '1', 'major', '23', NULL, NULL, NULL, NULL, '2016-12-19 02:33:40', '2016-12-19 02:33:40'),
(1064, 40, 'Closed treatment of hip dislocaion, traumatic', '27250', '1', 'major', '23', NULL, NULL, NULL, NULL, '2016-12-19 02:33:40', '2016-12-19 02:33:40'),
(1065, 40, 'Closed treatment of hip dislocaion, traumatic, w/o internal fixation', '27253', '1', 'major', '23', NULL, NULL, NULL, NULL, '2016-12-19 02:33:40', '2016-12-19 02:33:40'),
(1066, 40, 'Closed treatment of hip dislocaion, traumatic, w/ acetabular wall and femoral head fracture, w/ or w/o internal or external fixation', '27254', '1', 'major', '23', NULL, NULL, NULL, NULL, '2016-12-19 02:33:40', '2016-12-19 02:33:40'),
(1067, 40, 'Closed treatment of greater trochanteric fracture', '27246', '1', 'major', '23', NULL, NULL, NULL, NULL, '2016-12-19 02:33:40', '2016-12-19 02:33:40'),
(1068, 40, 'Open treatment of spontaneous hip dislocation (developmental, including congenital or pathological), replacement of femoral head in acetabulum (including tenotomy, etc); w/ femoral shaft shortening', '27259', '1', 'major', '23', NULL, NULL, NULL, NULL, '2016-12-19 02:33:40', '2016-12-19 02:33:40'),
(1069, 40, 'Arthrodesis, hip joint (includes obtaining graft);', '27284', '1', 'major', '4', NULL, NULL, NULL, NULL, '2016-12-19 02:33:40', '2016-12-19 02:33:40'),
(1070, 40, 'Arthrodesis, hip joint (includes obtaining graft); w/ subtrochanteric osteotomy', '27286', '1', 'major', '4', NULL, NULL, NULL, NULL, '2016-12-19 02:33:40', '2016-12-19 02:33:40'),
(1071, 33, 'Decompression fasciotomy, leg; anterior and/or lateral compartments only', '27600', '1', 'major', '29', NULL, NULL, NULL, NULL, '2016-12-19 02:33:40', '2016-12-19 02:33:40'),
(1072, 33, 'Decompression fasciotomy, leg; posterior compartments only', '27601', '1', 'major', '29', NULL, NULL, NULL, NULL, '2016-12-19 02:33:40', '2016-12-19 02:33:40'),
(1073, 33, 'Decompression fasciotomy, leg; anterior and/or lateral and posterior compartment', '27602', '1', 'major', '29', NULL, NULL, NULL, NULL, '2016-12-19 02:33:40', '2016-12-19 02:33:40'),
(1074, 33, 'Incision and drainage, leg or ankle; deep abscess or hematoma', '27603', '1', 'major', '29', NULL, NULL, NULL, NULL, '2016-12-19 02:33:40', '2016-12-19 02:33:40'),
(1075, 33, 'Incision and drainage, leg or ankle; infected bursa', '27604', '1', 'major', '29', NULL, NULL, NULL, NULL, '2016-12-19 02:33:40', '2016-12-19 02:33:40'),
(1076, 33, 'Tenotomy, Achilles tendon, subcutaneous; local anesthesia', '27605', '1', 'major', '29', NULL, NULL, NULL, NULL, '2016-12-19 02:33:40', '2016-12-19 02:33:40'),
(1077, 33, 'Tenotomy, Achilles Tendon, subcutaneous; general anesthesia', '27606', '1', 'major', '29', NULL, NULL, NULL, NULL, '2016-12-19 02:33:40', '2016-12-19 02:33:40'),
(1078, 33, 'Incision, deep, w/ opening of bone cortex (eg, for osteomyelitis or bone abscess), leg or ankle', '27607', '1', 'major', '29', NULL, NULL, NULL, NULL, '2016-12-19 02:33:40', '2016-12-19 02:33:40'),
(1079, 33, 'Arthrotomy, ankle, for infection, w/ exploration, drainage, or removal of foreign body', '27610', '1', 'major', '29', NULL, NULL, NULL, NULL, '2016-12-19 02:33:40', '2016-12-19 02:33:40'),
(1080, 33, 'Radical resection of tumor, bone; tibia', '27645', '1', 'major', '13', NULL, NULL, NULL, NULL, '2016-12-19 02:33:40', '2016-12-19 02:33:40'),
(1081, 33, 'Radical resection of tumor, bone; fibula', '27646', '1', 'major', '13', NULL, NULL, NULL, NULL, '2016-12-19 02:33:40', '2016-12-19 02:33:40'),
(1082, 33, 'Radical resection of tumor, bone; talus or calcaneus', '27647', '1', 'major', '13', NULL, NULL, NULL, NULL, '2016-12-19 02:33:40', '2016-12-19 02:33:40'),
(1083, 33, 'Repair, fascial defect of leg', '27656', '1', 'major', '44', NULL, NULL, NULL, NULL, '2016-12-19 02:33:40', '2016-12-19 02:33:40'),
(1084, 33, 'Repair or suture of flexor tendon of leg; primary, w/o graft, single, each', '27658', '1', 'major', '44', NULL, NULL, NULL, NULL, '2016-12-19 02:33:40', '2016-12-19 02:33:40'),
(1085, 33, 'Repair or suture of flexor tendon of leg; secondary, w/o graft, single, each', '27659', '1', 'major', '44', NULL, NULL, NULL, NULL, '2016-12-19 02:33:40', '2016-12-19 02:33:40'),
(1086, 33, 'Repair or suture of extensor tendon of leg; primary, w/o graft, single, each', '27664', '1', 'major', '44', NULL, NULL, NULL, NULL, '2016-12-19 02:33:40', '2016-12-19 02:33:40'),
(1087, 33, 'Repair or suture of flexor tendon of leg; secondary w/ or  w/o graft, single, each', '27665', '1', 'major', '44', NULL, NULL, NULL, NULL, '2016-12-19 02:33:40', '2016-12-19 02:33:40'),
(1088, 33, 'Repair for dislocating peroneal tendons; w/o fibular osteotomy', '27675', '1', 'major', '44', NULL, NULL, NULL, NULL, '2016-12-19 02:33:40', '2016-12-19 02:33:40'),
(1089, 33, 'Repair for dislocating peroneal tendons; w/ fibular osteotomy', '27676', '1', 'major', '44', NULL, NULL, NULL, NULL, '2016-12-19 02:33:40', '2016-12-19 02:33:40'),
(1090, 33, 'Tenolysis, including tibia, fibula, and ankle flexor; single', '27680', '1', 'major', '44', NULL, NULL, NULL, NULL, '2016-12-19 02:33:40', '2016-12-19 02:33:40'),
(1091, 33, 'Tenolysis, including tibia, fibula, and ankle flexor; multiple (through same incision), each', '27681', '1', 'major', '44', NULL, NULL, NULL, NULL, '2016-12-19 02:33:40', '2016-12-19 02:33:40'),
(1092, 33, 'Transfer or transplant of single tendon (w/ muscle redirection or rerouting); superficial (eg, anterior tibial extensors into midfoot)', '27690', '1', 'major', '44', NULL, NULL, NULL, NULL, '2016-12-19 02:33:40', '2016-12-19 02:33:40'),
(1093, 33, 'Transfer or transplant of single tendon (w/ muscle redirection or rerouting); each additional tendon', '27692', '1', 'major', '44', NULL, NULL, NULL, NULL, '2016-12-19 02:33:40', '2016-12-19 02:33:40'),
(1094, 33, 'Arthroplasty, ankle;', '27700', '1', 'major', '44', NULL, NULL, NULL, NULL, '2016-12-19 02:33:40', '2016-12-19 02:33:40'),
(1095, 33, 'Arthroplasty, ankle; w/ implant (\'total ankle\')', '27702', '1', 'major', '44', NULL, NULL, NULL, NULL, '2016-12-19 02:33:40', '2016-12-19 02:33:40'),
(1096, 33, 'Arthroplasty, ankle; secondary reconstruction, total ankle', '27703', '1', 'major', '44', NULL, NULL, NULL, NULL, '2016-12-19 02:33:40', '2016-12-19 02:33:40'),
(1097, 33, 'Removal of ankle implant', '27704', '1', 'major', '44', NULL, NULL, NULL, NULL, '2016-12-19 02:33:40', '2016-12-19 02:33:40');
INSERT INTO `cpts` (`id`, `cptCategoriesID`, `description`, `code`, `version`, `classification`, `subCptCategories1ID`, `subCptCategories2ID`, `subCptCategories3ID`, `subCptCategories4ID`, `deleted_at`, `created_at`, `updated_at`) VALUES
(1098, 33, 'Repair of nonunion or malunion, tibia; by synostosis, w/ fibula, any method', '27725', '1', 'major', '44', NULL, NULL, NULL, NULL, '2016-12-19 02:33:40', '2016-12-19 02:33:40'),
(1099, 33, 'Epiphyseal arrest by epiphysiodesis or stapling; distal tibia', '27730', '1', 'major', '44', NULL, NULL, NULL, NULL, '2016-12-19 02:33:40', '2016-12-19 02:33:40'),
(1100, 33, 'Epiphyseal arrest by epiphysiodesis or stapling; distal fibula', '27732', '1', 'major', '44', NULL, NULL, NULL, NULL, '2016-12-19 02:33:40', '2016-12-19 02:33:40'),
(1101, 33, 'Epiphyseal arrest by epiphysiodesis or stapling; distal tibia and fibula', '27734', '1', 'major', '44', NULL, NULL, NULL, NULL, '2016-12-19 02:33:40', '2016-12-19 02:33:40'),
(1102, 33, 'Epiphyseal arrest by epiphysiodesis or stapling, combined, proximal and distal tibia and fibula;', '27740', '1', 'major', '44', NULL, NULL, NULL, NULL, '2016-12-19 02:33:40', '2016-12-19 02:33:40'),
(1103, 33, 'Epiphyseal arrest by epiphysiodesis or stapling, combined, proximal and distal tibia and fibula; and distal femur', '27742', '1', 'major', '44', NULL, NULL, NULL, NULL, '2016-12-19 02:33:40', '2016-12-19 02:33:40'),
(1104, 33, 'Open treatment of tibial shaft fracture (w/ or w/o fibular fracture) w/ plate/screws, w/ or w/o cerclage', '27758', '1', 'major', '23', NULL, NULL, NULL, NULL, '2016-12-19 02:33:40', '2016-12-19 02:33:40'),
(1105, 33, 'Open treatment of tibial shaft fracture (w/ or w/o fibular fracture)by intramedullary implant,  w/  or w/o interlocking screws, and/or cerclage', '27759', '1', 'major', '23', NULL, NULL, NULL, NULL, '2016-12-19 02:33:40', '2016-12-19 02:33:40'),
(1106, 33, 'Closed  treatment of medial malleolus fracture', '27760', '1', 'major', '23', NULL, NULL, NULL, NULL, '2016-12-19 02:33:40', '2016-12-19 02:33:40'),
(1107, 33, 'Open treatment of medial malleolus fracture, w/ or w/o internal or external fixation', '27766', '1', 'major', '23', NULL, NULL, NULL, NULL, '2016-12-19 02:33:40', '2016-12-19 02:33:40'),
(1108, 33, 'Closed  treatment of proximal fibula or shaft fracture', '27780', '1', 'major', '23', NULL, NULL, NULL, NULL, '2016-12-19 02:33:40', '2016-12-19 02:33:40'),
(1109, 33, 'Open treatment of proximal fibula or shaft fracture, w/ or w/o internal or external fixation', '27784', '1', 'major', '23', NULL, NULL, NULL, NULL, '2016-12-19 02:33:40', '2016-12-19 02:33:40'),
(1110, 33, 'Closed  treatment of distal  fibular fracture,(lateral malleolus)', '27786', '1', 'major', '23', NULL, NULL, NULL, NULL, '2016-12-19 02:33:40', '2016-12-19 02:33:40'),
(1111, 33, 'Open treatment of distal fibular fracture (lateral malleolus), w/ or w/o internal or external fixation w/o manipulation', '27792', '1', 'major', '23', NULL, NULL, NULL, NULL, '2016-12-19 02:33:40', '2016-12-19 02:33:40'),
(1112, 33, 'Closed treatment of bimalleolar fracture, (including Pots)', '27808', '1', 'major', '23', NULL, NULL, NULL, NULL, '2016-12-19 02:33:40', '2016-12-19 02:33:40'),
(1113, 33, 'Open treatment of bimalleolar ankle fracture, w/ or w/o internal or external fracture', '27814', '1', 'major', '23', NULL, NULL, NULL, NULL, '2016-12-19 02:33:40', '2016-12-19 02:33:40'),
(1114, 33, 'Closed treatment of trimalleolar ankle fracture', '27816', '1', 'major', '23', NULL, NULL, NULL, NULL, '2016-12-19 02:33:40', '2016-12-19 02:33:40'),
(1115, 33, 'Closed treatment of trimalleolar ankle fracture, w/ or w/o internal or external fixation, medial and/or lateral malleolus; w/o fixation of posterior lip', '27822', '1', 'major', '23', NULL, NULL, NULL, NULL, '2016-12-19 02:33:40', '2016-12-19 02:33:40'),
(1116, 33, 'Open treatment of closed or open trimalleolar ankle fracture, w/ or w/o internal or external fixation, medial and/or lateral malleolus; w/ fixation of posterior lip', '27823', '1', 'major', '23', NULL, NULL, NULL, NULL, '2016-12-19 02:33:40', '2016-12-19 02:33:40'),
(1117, 33, 'Closed treatment of fracture of weight bearing articular portion of distal tibia (eg, pilon or tibial plafond)', '27824', '1', 'major', '23', NULL, NULL, NULL, NULL, '2016-12-19 02:33:40', '2016-12-19 02:33:40'),
(1118, 33, 'Arthrodesis, ankle, any method', '27870', '1', 'major', '4', NULL, NULL, NULL, NULL, '2016-12-19 02:33:40', '2016-12-19 02:33:40'),
(1119, 33, 'Arthrodesis, tibiofibular joint, proximal or distal', '27871', '1', 'major', '4', NULL, NULL, NULL, NULL, '2016-12-19 02:33:40', '2016-12-19 02:33:40'),
(1120, 33, 'Amputation, ankle, through malleoli of tibia and fibula (Syme, Pirogoff type procedures), w/ plastic closure and resection of nerves', '27888', '1', 'major', '2', NULL, NULL, NULL, NULL, '2016-12-19 02:33:40', '2016-12-19 02:33:40'),
(1121, 33, 'Ankle disarticulation', '27889', '1', 'major', '2', NULL, NULL, NULL, NULL, '2016-12-19 02:33:40', '2016-12-19 02:33:40'),
(1122, 21, 'Incision and drainage, infected bursa, foot', '28001', '1', 'major', '29', NULL, NULL, NULL, NULL, '2016-12-19 02:33:40', '2016-12-19 02:33:40'),
(1123, 21, 'Deep dissection below fascia, for deep infection of foot, w/ or w/o tendon sheath involvement; single bursal space, specify', '28002', '1', 'major', '29', NULL, NULL, NULL, NULL, '2016-12-19 02:33:40', '2016-12-19 02:33:40'),
(1124, 21, 'Fasciotomy, foot and/or toe', '28008', '1', 'major', '29', NULL, NULL, NULL, NULL, '2016-12-19 02:33:40', '2016-12-19 02:33:40'),
(1125, 21, 'Tenotomy, subcutaneous, toe; single', '28010', '1', 'major', '29', NULL, NULL, NULL, NULL, '2016-12-19 02:33:40', '2016-12-19 02:33:40'),
(1126, 21, 'Tenotomy, subcutaneous, toe; multiple', '28011', '1', 'major', '29', NULL, NULL, NULL, NULL, '2016-12-19 02:33:40', '2016-12-19 02:33:40'),
(1127, 21, 'Arthrotomy, w/ exploration, drainage, or removal of loose or foreign body; intertarsal or tarsometatarsal joint', '28020', '1', 'major', '29', NULL, NULL, NULL, NULL, '2016-12-19 02:33:40', '2016-12-19 02:33:40'),
(1128, 21, 'Arthrotomy, w/ exploration, drainage, or removal of loose or foreign body; metatarsophalengeal joint', '28022', '1', 'major', '29', NULL, NULL, NULL, NULL, '2016-12-19 02:33:40', '2016-12-19 02:33:40'),
(1129, 21, 'Arthrotomy, w/ exploration, drainage, or removal of loose or foreign body; interphalengeal joint', '28024', '1', 'major', '29', NULL, NULL, NULL, NULL, '2016-12-19 02:33:40', '2016-12-19 02:33:40'),
(1130, 21, 'Nuerectomy of intrinsic musculature of foot', '28030', '1', 'major', '29', NULL, NULL, NULL, NULL, '2016-12-19 02:33:40', '2016-12-19 02:33:40'),
(1131, 21, 'Excision, tumor, foot; subcutaneous', '28043', '1', 'major', '13', NULL, NULL, NULL, NULL, '2016-12-19 02:33:40', '2016-12-19 02:33:40'),
(1132, 21, 'Excision, tumor, foot; deep, subfascial, intramuscular', '28045', '1', 'major', '13', NULL, NULL, NULL, NULL, '2016-12-19 02:33:40', '2016-12-19 02:33:40'),
(1133, 21, 'Arthrotomy for synovial biopsy; intertarsal or tarsometatarsal joint', '28050', '1', 'major', '13', NULL, NULL, NULL, NULL, '2016-12-19 02:33:40', '2016-12-19 02:33:40'),
(1134, 21, 'Arthrotomy for synovial biopsy; metatarsophalengeal joint', '28052', '1', 'major', '13', NULL, NULL, NULL, NULL, '2016-12-19 02:33:40', '2016-12-19 02:33:40'),
(1135, 21, 'Arthrotomy for synovial biopsy; interphalengeal joint', '28054', '1', 'major', '13', NULL, NULL, NULL, NULL, '2016-12-19 02:33:40', '2016-12-19 02:33:40'),
(1136, 21, 'Synovectomy; intertarsal or tarsometatarsal joint, each', '28070', '1', 'major', '13', NULL, NULL, NULL, NULL, '2016-12-19 02:33:40', '2016-12-19 02:33:40'),
(1137, 21, 'Synovectomy; metatarsophalengeal joint, each', '28072', '1', 'major', '13', NULL, NULL, NULL, NULL, '2016-12-19 02:33:40', '2016-12-19 02:33:40'),
(1138, 21, 'Excision of interdigital (Morton) neuroma, single, each', '28080', '1', 'major', '13', NULL, NULL, NULL, NULL, '2016-12-19 02:33:40', '2016-12-19 02:33:40'),
(1139, 21, 'Synovectomy, tendon sheath, foot; flexor', '28086', '1', 'major', '13', NULL, NULL, NULL, NULL, '2016-12-19 02:33:40', '2016-12-19 02:33:40'),
(1140, 21, 'Synovectomy, tendon sheath, foot; extensor', '28088', '1', 'major', '13', NULL, NULL, NULL, NULL, '2016-12-19 02:33:40', '2016-12-19 02:33:40'),
(1141, 21, 'Excision of lesion of tendon of fibrous sheath or capsule (including synovectomy) (cyst or ganglion); foot', '28090', '1', 'major', '13', NULL, NULL, NULL, NULL, '2016-12-19 02:33:40', '2016-12-19 02:33:40'),
(1142, 21, 'Excision of lesion of tendon of fibrous sheath or capsule (including synovectomy) (cyst or ganglion); toes', '28092', '1', 'major', '13', NULL, NULL, NULL, NULL, '2016-12-19 02:33:40', '2016-12-19 02:33:40'),
(1143, 21, 'Excision or curettage of bone cyst or benign tumor, talus or calcaneus ', '28100', '1', 'major', '13', NULL, NULL, NULL, NULL, '2016-12-19 02:33:40', '2016-12-19 02:33:40'),
(1144, 21, 'w/ iliac or other autograft (includs obtaining graft)', '28102', '1', 'major', '13', NULL, NULL, NULL, NULL, '2016-12-19 02:33:40', '2016-12-19 02:33:40'),
(1145, 21, 'w/ allograft', '28103', '1', 'major', '13', NULL, NULL, NULL, NULL, '2016-12-19 02:33:40', '2016-12-19 02:33:40'),
(1146, 21, 'Excision or curettage of bone cyst or benign tumor, talus or matatarsal bones, except tarsal or calcaneus;', '28104', '1', 'major', '13', NULL, NULL, NULL, NULL, '2016-12-19 02:33:40', '2016-12-19 02:33:40'),
(1147, 21, 'Excision or curettage of bone cyst or benign tumor, talus or matatarsal bones, except tarsal or calcaneus; w/ iliac or other autograft (includes obtaining graft)', '28106', '1', 'major', '13', NULL, NULL, NULL, NULL, '2016-12-19 02:33:40', '2016-12-19 02:33:40'),
(1148, 21, 'Excision or curettage of bone cyst or benign tumor, talus or matatarsal bones, except tarsal or calcaneus; w/ allograft', '28107', '1', 'major', '13', NULL, NULL, NULL, NULL, '2016-12-19 02:33:40', '2016-12-19 02:33:40'),
(1149, 21, 'Excision or curettage of bone cyst or benign tumor, phalangeas of foot', '28108', '1', 'major', '13', NULL, NULL, NULL, NULL, '2016-12-19 02:33:40', '2016-12-19 02:33:40'),
(1150, 21, 'Ostectomy, partial excision, fifth metatarsal head (bunionette)', '28110', '1', 'major', '13', NULL, NULL, NULL, NULL, '2016-12-19 02:33:40', '2016-12-19 02:33:40'),
(1151, 21, 'Ostectomy, excision of tarsal coalition', '28116', '1', 'major', '13', NULL, NULL, NULL, NULL, '2016-12-19 02:33:40', '2016-12-19 02:33:40'),
(1152, 21, 'Ostectomy, calcaneus;', '28118', '1', 'major', '13', NULL, NULL, NULL, NULL, '2016-12-19 02:33:40', '2016-12-19 02:33:40'),
(1153, 21, 'Ostectomy, calcaneus; for spur, w/ or w/o plantar fascial release', '28119', '1', 'major', '13', NULL, NULL, NULL, NULL, '2016-12-19 02:33:40', '2016-12-19 02:33:40'),
(1154, 21, 'Talectomy (astragalectomy)', '28130', '1', 'major', '13', NULL, NULL, NULL, NULL, '2016-12-19 02:33:40', '2016-12-19 02:33:40'),
(1155, 21, 'Tenolysis, flexor, foot; single', '28220', '1', 'major', '44', NULL, NULL, NULL, NULL, '2016-12-19 02:33:40', '2016-12-19 02:33:40'),
(1156, 21, 'Tenolysis, flexor, foot; multiple (through same incision)', '28222', '1', 'major', '44', NULL, NULL, NULL, NULL, '2016-12-19 02:33:40', '2016-12-19 02:33:40'),
(1157, 21, 'Tenolysis, extensor, foot; single', '28225', '1', 'major', '44', NULL, NULL, NULL, NULL, '2016-12-19 02:33:40', '2016-12-19 02:33:40'),
(1158, 21, 'Tenolysis, extensor, foot; multiple (through same incision)', '28226', '1', 'major', '44', NULL, NULL, NULL, NULL, '2016-12-19 02:33:40', '2016-12-19 02:33:40'),
(1159, 21, 'Tenotomy, open, flexor; foot, single or multiple ', '28230', '1', 'major', '44', NULL, NULL, NULL, NULL, '2016-12-19 02:33:40', '2016-12-19 02:33:40'),
(1160, 21, 'Tenotomy, open, flexor; toe, single ', '28232', '1', 'major', '44', NULL, NULL, NULL, NULL, '2016-12-19 02:33:40', '2016-12-19 02:33:40'),
(1161, 21, 'Tenotomy, open, extensor, foot or toe', '28234', '1', 'major', '44', NULL, NULL, NULL, NULL, '2016-12-19 02:33:40', '2016-12-19 02:33:40'),
(1162, 21, 'Advancement of posterior tibial tendon w/ excision of accesory navicular bone (Kidner type procedure)', '28238', '1', 'major', '44', NULL, NULL, NULL, NULL, '2016-12-19 02:33:40', '2016-12-19 02:33:40'),
(1163, 21, 'Tenotomy, lengthening, or release, abductor hallucis muscle', '28240', '1', 'major', '44', NULL, NULL, NULL, NULL, '2016-12-19 02:33:40', '2016-12-19 02:33:40'),
(1164, 21, 'Division of plantar fascia and muscle (\'Steindler stripping\')', '28250', '1', 'major', '44', NULL, NULL, NULL, NULL, '2016-12-19 02:33:40', '2016-12-19 02:33:40'),
(1165, 21, 'Capsulotomy, midfoot; medial release only', '28260', '1', 'major', '44', NULL, NULL, NULL, NULL, '2016-12-19 02:33:40', '2016-12-19 02:33:40'),
(1166, 21, 'Capsulotomy, midfoot; w/ tendon lengthening', '28261', '1', 'major', '44', NULL, NULL, NULL, NULL, '2016-12-19 02:33:40', '2016-12-19 02:33:40'),
(1167, 21, 'Capsulotomy, midfoot; extensive, including posterior talotibial capsulotomy and tendon(s) lengthening as for resistant clubfoot deformity', '28262', '1', 'major', '44', NULL, NULL, NULL, NULL, '2016-12-19 02:33:40', '2016-12-19 02:33:40'),
(1168, 21, 'Capsulotomy, midtarsal (Heyman type procedure)', '28264', '1', 'major', '44', NULL, NULL, NULL, NULL, '2016-12-19 02:33:40', '2016-12-19 02:33:40'),
(1169, 21, 'Capsulotomy; metatarsophalangeal joint, w/ or w/o tenorraphy, single, each joint', '28270', '1', 'major', '44', NULL, NULL, NULL, NULL, '2016-12-19 02:33:40', '2016-12-19 02:33:40'),
(1170, 21, 'Capsulotomy; interphalangeal joint, single, each joint', '28272', '1', 'major', '44', NULL, NULL, NULL, NULL, '2016-12-19 02:33:40', '2016-12-19 02:33:40'),
(1171, 21, 'Webbing operation, one toe (eg, interphalengeal fusion, filleting, phalangectomy)', '28280', '1', 'major', '44', NULL, NULL, NULL, NULL, '2016-12-19 02:33:40', '2016-12-19 02:33:40'),
(1172, 21, 'Ostectomy, partial, exostectomy or condylectomy, single, metatarsal head, first through fifth, each metatarsal head', '28288', '1', 'major', '44', NULL, NULL, NULL, NULL, '2016-12-19 02:33:40', '2016-12-19 02:33:40'),
(1173, 21, 'Osteotomy; calcaneus (Dwyer or Chambers type procedure), w/ or w/o internal fixation', '28300', '1', 'major', '44', NULL, NULL, NULL, NULL, '2016-12-19 02:33:40', '2016-12-19 02:33:40'),
(1174, 21, 'Osteotomy; talus', '28302', '1', 'major', '44', NULL, NULL, NULL, NULL, '2016-12-19 02:33:40', '2016-12-19 02:33:40'),
(1175, 21, 'Osteotomy, midtarsal bones, other than calcaneus or talus;', '28304', '1', 'major', '44', NULL, NULL, NULL, NULL, '2016-12-19 02:33:40', '2016-12-19 02:33:40'),
(1176, 21, 'Osteotomy, midtarsal bones, other than calcaneus or talus; w/ autograft (includes obtaining graft)(Fowler type)', '28305', '1', 'major', '44', NULL, NULL, NULL, NULL, '2016-12-19 02:33:40', '2016-12-19 02:33:40'),
(1177, 21, 'Osteotomy, metatarsals, multiple, for cavus foot (Swanson type procedure)', '28309', '1', 'major', '44', NULL, NULL, NULL, NULL, '2016-12-19 02:33:40', '2016-12-19 02:33:40'),
(1178, 21, 'Sesamoidectomy, first toe', '28315', '1', 'major', '44', NULL, NULL, NULL, NULL, '2016-12-19 02:33:40', '2016-12-19 02:33:40'),
(1179, 21, 'Repair of nonunion or malunion; tarsal bones (eg, calcaneus, talus)', '28320', '1', 'major', '44', NULL, NULL, NULL, NULL, '2016-12-19 02:33:40', '2016-12-19 02:33:40'),
(1180, 21, 'Repair of nonunion or malunion; metatarsal, w/ or w/o  bone graft(inludes obtaining graft)', '28322', '1', 'major', '44', NULL, NULL, NULL, NULL, '2016-12-19 02:33:40', '2016-12-19 02:33:40'),
(1181, 21, 'Reconstruction, toe, macrodactyly; soft tissue resection', '28340', '1', 'major', '44', NULL, NULL, NULL, NULL, '2016-12-19 02:33:40', '2016-12-19 02:33:40'),
(1182, 21, 'Reconstruction, toe, macrodactyly; requiring bone resection', '28341', '1', 'major', '44', NULL, NULL, NULL, NULL, '2016-12-19 02:33:40', '2016-12-19 02:33:40'),
(1183, 21, 'Reconstruction, toe(s); polydactyly', '28344', '1', 'major', '44', NULL, NULL, NULL, NULL, '2016-12-19 02:33:40', '2016-12-19 02:33:40'),
(1184, 21, 'Reconstruction, toe(s); syndactyly, w/ or w/o skin graft(s)', '28345', '1', 'major', '44', NULL, NULL, NULL, NULL, '2016-12-19 02:33:40', '2016-12-19 02:33:40'),
(1185, 21, 'Reconstruction, cleft foot', '28360', '1', 'major', '44', NULL, NULL, NULL, NULL, '2016-12-19 02:33:40', '2016-12-19 02:33:40'),
(1186, 21, 'Percutaneus skeletal fixation of metatarsal fracture, w/ manipulation', '28476', '1', 'major', '23', NULL, NULL, NULL, NULL, '2016-12-19 02:33:40', '2016-12-19 02:33:40'),
(1187, 21, 'Treatment of tarsal bone fracture (except talus and calcaneus)', '28450', '1', 'major', '23', NULL, NULL, NULL, NULL, '2016-12-19 02:33:40', '2016-12-19 02:33:40'),
(1188, 21, 'Open treatment of metatarsal fracture, w/ or w/o internal or external fixation', '28485', '1', 'major', '23', NULL, NULL, NULL, NULL, '2016-12-19 02:33:40', '2016-12-19 02:33:40'),
(1189, 21, 'Closed treatment of fracture great toe, phalanx or phalangeas', '28490', '1', 'major', '23', NULL, NULL, NULL, NULL, '2016-12-19 02:33:40', '2016-12-19 02:33:40'),
(1190, 21, 'Percutaneus skeletal fixationof fracture great toe, phalanx or phalangeas, w/ manipulation', '28496', '1', 'major', '23', NULL, NULL, NULL, NULL, '2016-12-19 02:33:40', '2016-12-19 02:33:40'),
(1191, 21, 'Open treatment of fracture great toe, phalanx or phalangeas, w/ or w/o internal or external fixation', '28505', '1', 'major', '23', NULL, NULL, NULL, NULL, '2016-12-19 02:33:40', '2016-12-19 02:33:40'),
(1192, 21, 'Closed treatment of  fracture, phalanx or phalangeas, other than great toe', '28510', '1', 'major', '23', NULL, NULL, NULL, NULL, '2016-12-19 02:33:40', '2016-12-19 02:33:40'),
(1193, 21, 'Open treatment of  fracture, phalanx or phalangeas, other than great toe, w/ or w/o internal or external fixation', '28525', '1', 'major', '23', NULL, NULL, NULL, NULL, '2016-12-19 02:33:40', '2016-12-19 02:33:40'),
(1194, 21, 'Closed treatment of sesamoid fracture', '28530', '1', 'major', '23', NULL, NULL, NULL, NULL, '2016-12-19 02:33:40', '2016-12-19 02:33:40'),
(1195, 21, 'Open treatment of sesamoid fracture, w/ or w/o internal fixation', '28531', '1', 'major', '23', NULL, NULL, NULL, NULL, '2016-12-19 02:33:40', '2016-12-19 02:33:40'),
(1196, 21, 'Closed treatment of tarsal bone dislocation, other than talotarsal', '28540', '1', 'major', '23', NULL, NULL, NULL, NULL, '2016-12-19 02:33:40', '2016-12-19 02:33:40'),
(1197, 21, 'Percutaneus skeletal fixation of tarsal bone dislocation, other than talotarsal, w/ manipulation', '28546', '1', 'major', '23', NULL, NULL, NULL, NULL, '2016-12-19 02:33:40', '2016-12-19 02:33:40'),
(1198, 21, 'Pantalar arthrodesis', '28705', '1', 'major', '4', NULL, NULL, NULL, NULL, '2016-12-19 02:33:40', '2016-12-19 02:33:40'),
(1199, 21, 'Triple arthrodesis', '28715', '1', 'major', '4', NULL, NULL, NULL, NULL, '2016-12-19 02:33:40', '2016-12-19 02:33:40'),
(1200, 21, 'Subtalar arthrodesis', '28725', '1', 'major', '4', NULL, NULL, NULL, NULL, '2016-12-19 02:33:40', '2016-12-19 02:33:40'),
(1201, 21, 'Arthrodesis, midtarsal or tarsometatarsal, multiple or transverse;', '28730', '1', 'major', '4', NULL, NULL, NULL, NULL, '2016-12-19 02:33:40', '2016-12-19 02:33:40'),
(1202, 21, 'Arthrodesis, midtarsal or tarsometatarsal, multiple or transverse; w/ osteotomy as for flatfoot correction', '28735', '1', 'major', '4', NULL, NULL, NULL, NULL, '2016-12-19 02:33:40', '2016-12-19 02:33:40'),
(1203, 21, 'Arthrodesis, midtarsal navicular-cuneiform, w/ tendon lengthening and advancement (Miller type procedure)', '28737', '1', 'major', '4', NULL, NULL, NULL, NULL, '2016-12-19 02:33:40', '2016-12-19 02:33:40'),
(1204, 21, 'Arthrodesis, midtarsal or tarsometatarsal, single point', '28740', '1', 'major', '4', NULL, NULL, NULL, NULL, '2016-12-19 02:33:40', '2016-12-19 02:33:40'),
(1205, 21, 'Arthrodesis, great toe; metatarsophalengeal joint', '28750', '1', 'major', '4', NULL, NULL, NULL, NULL, '2016-12-19 02:33:40', '2016-12-19 02:33:40'),
(1206, 21, 'Arthrodesis, great toe; interphalengeal joint', '28755', '1', 'major', '4', NULL, NULL, NULL, NULL, '2016-12-19 02:33:40', '2016-12-19 02:33:40'),
(1207, 21, 'Arthrodesis, great toe, interphalengeal joint, w/ extensor hallucids longus transfer to firs metatarsal neck (Jones type procedure)', '28760', '1', 'major', '4', NULL, NULL, NULL, NULL, '2016-12-19 02:33:40', '2016-12-19 02:33:40'),
(1208, 28, 'Incision and drainage, upper or elbow area; infected bursa', '23931', '1', 'major', '0', NULL, NULL, NULL, NULL, '2016-12-19 02:33:40', '2016-12-19 02:33:40'),
(1209, 28, 'Arthrotomy of the elbow, w/ capsulae excision for capsular release', '24006', '1', 'major', '0', NULL, NULL, NULL, NULL, '2016-12-19 02:33:40', '2016-12-19 02:33:40'),
(1210, 28, 'Biopsy, soft tissue of upper arm or elbow area', '24065', '1', 'major', '0', NULL, NULL, NULL, NULL, '2016-12-19 02:33:40', '2016-12-19 02:33:40'),
(1211, 28, 'Excision, tumor, upper arm or elbow area; subcutaneous', '24075', '1', 'major', '0', NULL, NULL, NULL, NULL, '2016-12-19 02:33:40', '2016-12-19 02:33:40'),
(1212, 28, 'Excision, tumor, upper arm or elbow area; dep, subfascial or intramuscular', '24076', '1', 'major', '0', NULL, NULL, NULL, NULL, '2016-12-19 02:33:40', '2016-12-19 02:33:40'),
(1213, 28, 'RAdical resection of tumor (eg, malignant neoplasm), soft tissue of upper arm or elbow area', '24077', '1', 'major', '0', NULL, NULL, NULL, NULL, '2016-12-19 02:33:40', '2016-12-19 02:33:40'),
(1214, 28, 'Arthronomy, elbow ; with synovial biopsy only', '24100', '1', 'major', '0', NULL, NULL, NULL, NULL, '2016-12-19 02:33:40', '2016-12-19 02:33:40'),
(1215, 28, 'Arthronomy, elbow ; w/ joint exploration, w/ or w/o biopsy, w/ or w/o removal of loose or foreign body', '24101', '1', 'major', '0', NULL, NULL, NULL, NULL, '2016-12-19 02:33:40', '2016-12-19 02:33:40'),
(1216, 28, 'Arthronomy, elbow ; w/ synovectomy', '24102', '1', 'major', '0', NULL, NULL, NULL, NULL, '2016-12-19 02:33:40', '2016-12-19 02:33:40'),
(1217, 28, 'Excision or curettage of bone cyst or benign tumor, humerus;', '24110', '1', 'major', '0', NULL, NULL, NULL, NULL, '2016-12-19 02:33:40', '2016-12-19 02:33:40'),
(1218, 28, 'Excision or curettage of bone cyst or benign tumor, humerus; w/ autograft (incledes obtaining graft)', '24115', '1', 'major', '0', NULL, NULL, NULL, NULL, '2016-12-19 02:33:40', '2016-12-19 02:33:40'),
(1219, 28, 'Excision or curettage of bone cyst or benign tumor, humerus; w/ allograft', '24116', '1', 'major', '0', NULL, NULL, NULL, NULL, '2016-12-19 02:33:40', '2016-12-19 02:33:40'),
(1220, 28, 'Excision or curettage of head or neck of radius or olecranon process;', '24120', '1', 'major', '0', NULL, NULL, NULL, NULL, '2016-12-19 02:33:40', '2016-12-19 02:33:40'),
(1221, 28, 'Excision or curettage of head or neck of radius or olecranon process; w/ autograft (includes obtaining graft)', '24125', '1', 'major', '0', NULL, NULL, NULL, NULL, '2016-12-19 02:33:40', '2016-12-19 02:33:40'),
(1222, 28, 'Excision or curettage of head or neck of radius or olecranon process; w/ allograft', '24126', '1', 'major', '0', NULL, NULL, NULL, NULL, '2016-12-19 02:33:40', '2016-12-19 02:33:40'),
(1223, 28, 'Radical resection of capsule, soft tissue, and heterotopic bone, elbow, w/ contracture release', '24149', '1', 'major', '0', NULL, NULL, NULL, NULL, '2016-12-19 02:33:40', '2016-12-19 02:33:40'),
(1224, 28, 'Radical resection for tumor, shaft or distal humerus;', '24150', '1', 'major', '0', NULL, NULL, NULL, NULL, '2016-12-19 02:33:40', '2016-12-19 02:33:40'),
(1225, 28, 'Radical resection for tumor, shaft or distal humerus; w/ autograft ( includes obtaining graft)', '24151', '1', 'major', '0', NULL, NULL, NULL, NULL, '2016-12-19 02:33:40', '2016-12-19 02:33:40'),
(1226, 28, 'Radical resection for tumor, radial head or neck;', '24152', '1', 'major', '0', NULL, NULL, NULL, NULL, '2016-12-19 02:33:40', '2016-12-19 02:33:40'),
(1227, 28, 'Radical resection for tumor, radial head or neck; w/ autograft (includes obtaining graft)', '24153', '1', 'major', '0', NULL, NULL, NULL, NULL, '2016-12-19 02:33:40', '2016-12-19 02:33:40'),
(1228, 28, 'Muscle or tendon transfer, any type, upper arm or elbow, single', '24301', '1', 'major', '0', NULL, NULL, NULL, NULL, '2016-12-19 02:33:40', '2016-12-19 02:33:40'),
(1229, 28, 'Tendon lengthening, upper arm or elbow, single each', '24305', '1', 'major', '0', NULL, NULL, NULL, NULL, '2016-12-19 02:33:40', '2016-12-19 02:33:40'),
(1230, 28, 'Tenotomy, open, elbow to shoulder, single each', '24310', '1', 'major', '0', NULL, NULL, NULL, NULL, '2016-12-19 02:33:40', '2016-12-19 02:33:40'),
(1231, 28, 'Tenoplasty, w/ muscle transfer, w/ or w/o free graft, elbow to shoulder, single (Seddon-Brookes type procedure)', '24320', '1', 'major', '0', NULL, NULL, NULL, NULL, '2016-12-19 02:33:40', '2016-12-19 02:33:40'),
(1232, 28, 'Flexor-plasty, elbow ( eg, Steindler type advancement);', '24330', '1', 'major', '0', NULL, NULL, NULL, NULL, '2016-12-19 02:33:40', '2016-12-19 02:33:40'),
(1233, 28, 'Flexor-plasty, elbow ( eg, Steindler type advancement); w/ extensor advancement', '24331', '1', 'major', '0', NULL, NULL, NULL, NULL, '2016-12-19 02:33:40', '2016-12-19 02:33:40'),
(1234, 28, 'Tenodesis of biceps tendon at elbow', '24340', '1', 'major', '0', NULL, NULL, NULL, NULL, '2016-12-19 02:33:40', '2016-12-19 02:33:40'),
(1235, 28, 'Repair, tendon or muscle, upper arm or elbow, each tendon or muscle, primary or secondary (excludes rotator cuff)', '24341', '1', 'major', '0', NULL, NULL, NULL, NULL, '2016-12-19 02:33:40', '2016-12-19 02:33:40'),
(1236, 28, '\\r\\n\\r\\n\\r\\n\\r\\n\\r\\n\\r\\n\\r\\n\\r\\n\\r\\n\\r\\n\\r\\n\\r\\n\\r\\n\\r\\n\\r\\n\\r\\n\\r\\n\\r\\n\\r\\n\\r\\n\\r\\n\\r\\n\\r\\n\\r\\n\\r\\n\\r\\n\\r\\n\\r\\n\\r\\n\\r\\n\\r\\n\\r\\n\\r\\n\\r\\n\\r\\n\\r\\n\\r\\n\\r\\n\\r\\n\\r\\n\\r\\n\\r\\n\\r\\n\\r\\n\\r\\n\\r\\n\\r\\n\\r\\n\\r\\n\\r\\n\\r\\n\\r\\n\\r\\n\\r\\n\\r\\n\\r\\n\\r\\n\\r\\n\\r\\n\\r\\n\\r\\n\\r\\n\\r\\n\\r\\n\\r\\n\\r\\n\\r\\n\\r\\n\\r\\n\\r\\n\\r\\n\\r\\n\\r\\n\\r\\n\\r\\n\\r\\n\\r\\n\\r\\n\\r\\n\\r\\n\\r\\n\\r\\n\\r\\n\\r\\n\\r\\n\\r\\n\\r\\n\\r\\n\\r\\n\\r\\n\\r\\n\\r\\n\\r\\n\\r\\n\\r\\n\\r\\n\\r\\n\\r\\n\\r\\n\\r\\n\\r\\n\\r\\n\\r\\n\\r\\n\\r\\n\\r\\n\\r\\n\\r\\n\\r\\n\\r\\n\\r\\n\\r\\n\\r\\n\\r\\n\\r\\n\\r\\n\\r\\n\\r\\n\\r\\n\\r\\n\\r\\n\\r\\n\\r\\n\\r\\n\\r\\n\\r\\n\\r\\n\\r\\n\\r\\n\\r\\n\\r\\n\\r\\n\\r\\n\\r\\n\\r\\n\\r\\n\\r\\n\\r\\n\\r\\n\\r\\n\\r\\n\\r\\n\\r\\n\\r\\n\\r\\n\\r\\n\\r\\n\\r\\n\\r\\n\\r\\n\\r\\n\\r\\n\\r\\n\\r\\n\\r\\n\\r\\n\\r\\n\\r\\n\\r\\n\\r\\n\\r\\n\\r\\n\\r\\n\\r\\n\\r\\n\\r\\n\\r\\n\\r\\n\\r\\n\\r\\n\\r\\n\\r\\n\\r\\n\\r\\n\\r\\n\\r\\n\\r\\n\\r\\n\\r\\n\\r\\n\\r\\n\\r\\n\\r\\n\\r\\n\\r\\n\\r\\n\\r\\n\\r\\n\\r\\n\\r\\n\\r\\n\\r\\n\\r\\n\\r\\n\\r\\n\\r\\n\\r\\n\\r\\n\\r\\n\\r\\n\\r\\n\\r\\n\\r\\n\\r\\n\\r\\n\\r\\n\\r\\n\\r\\n\\r\\n\\r\\n\\r\\n\\r\\n\\r\\n\\r\\n\\r\\n\\r\\n\\r\\n\\r\\n\\r\\n\\r\\n\\r\\n\\r\\n\\r\\n\\r\\n\\r\\n\\r\\n\\r\\n\\r\\n\\r\\n\\r\\n\\r\\n\\r\\n\\r\\n\\r\\n\\r\\n\\r\\n\\r\\n\\r\\n\\r\\n\\r\\n\\r\\n\\r\\n\\r\\n\\r\\n\\r\\n\\r\\n\\r\\n\\r\\n\\r\\n\\r\\n\\r\\n\\r\\n\\r\\n\\r\\n\\r\\n\\r\\n\\r\\n\\r\\n\\r\\n\\r\\n\\r\\n\\r\\n\\r\\n\\r\\n\\r\\n\\r\\n\\r\\n\\r\\n\\r\\n\\r\\n\\r\\n\\r\\n\\r\\n\\r\\n\\r\\n\\r\\n\\r\\n\\r\\n\\r\\n\\r\\n\\r\\n\\r\\n\\r\\n\\r\\n\\r\\n\\r\\n\\r\\n\\r\\n\\r\\n\\r\\n\\r\\n\\r\\n\\r\\n\\r\\n\\r\\n\\r\\n\\r\\n\\r\\n\\r\\n\\r\\n\\r\\n\\r\\n\\r\\n\\r\\n\\r\\n\\r\\n\\r\\n\\r\\n\\r\\n\\r\\n\\r\\n\\r\\n\\r\\n\\r\\n\\r\\n\\r\\n\\r\\n\\r\\n\\r\\n\\r\\n\\r\\n\\r\\n\\r\\n\\r\\n\\r\\n\\r\\n\\r\\n\\r\\n\\r\\n\\r\\n\\r\\n\\r\\n\\r\\n\\r\\n\\r\\n\\r\\n\\r\\n\\r\\n\\r\\n\\r\\n\\r\\n\\r\\n\\r\\n\\r\\n\\r\\n\\r\\n\\r\\n\\r\\n\\r\\n\\r\\n\\r\\n\\r\\n\\r\\n\\r\\n\\r\\n\\r\\n\\r\\n\\r\\n\\r\\n\\r\\n\\r\\n\\r\\n\\r\\n\\r\\n\\r\\n\\r\\n\\r\\n\\r\\n\\r\\n\\r\\n\\r\\n\\r\\n\\r\\n\\r\\n\\r\\n\\r\\n\\r\\n\\r\\n\\r\\n\\r\\n\\r\\n\\r\\n\\r\\n\\r\\n\\r\\n\\r\\n\\r\\n\\r\\n\\r\\n\\r\\n\\r\\n\\r\\n\\r\\n\\r\\n\\r\\n\\r\\n\\r\\n\\r\\n\\r\\n\\r\\n\\r\\n\\r\\n\\r\\n\\r\\n\\r\\n\\r\\n\\r\\n\\r\\n\\r\\n\\r\\n\\r\\n\\r\\n\\r\\n\\r\\n\\r\\n\\r\\n\\r\\n\\r\\n\\r\\n\\r\\n\\r\\n\\r\\n\\r\\n\\r\\n\\r\\n\\r\\n\\r\\n\\r\\n\\r\\n\\r\\n\\r\\n\\r\\n\\r\\n\\r\\n\\r\\n\\r\\n\\r\\n\\r\\n\\r\\n\\r\\n\\r\\n\\r\\n\\r\\n\\r\\n\\r\\n\\r\\n\\r\\n\\r\\n\\r\\n\\r\\n\\r\\n\\r\\n\\r\\n\\r\\n\\r\\n\\r\\n\\r\\n\\r\\n\\r\\n\\r\\n\\r\\n\\r\\n\\r\\n\\r\\n\\r\\n\\r\\n\\r\\n\\r\\n\\r\\n\\r\\n\\r\\n\\r\\n\\r\\n\\r\\n\\r\\n\\r\\n\\r\\n\\r\\n\\r\\n\\r\\n\\r\\n\\r\\n\\r\\n\\r\\n\\r\\n\\r\\n\\r\\n\\r\\n\\r\\n\\r\\n\\r\\n\\r\\n\\r\\n\\r\\n\\r\\n\\r\\n\\r\\n\\r\\n\\r\\n\\r\\n\\r\\n\\r\\n\\r\\n\\r\\n\\r\\n\\r\\n\\r\\n\\r\\n\\r\\n\\r\\n\\r\\n\\r\\n\\r\\n\\r\\n\\r\\n\\r\\n\\r\\n\\r\\n\\r\\n\\r\\n\\r\\n\\r\\n\\r\\n\\r\\n\\r\\n\\r\\n\\r\\n\\r\\n\\r\\n\\r\\n\\r\\n\\r\\n\\r\\n\\r\\n\\r\\n\\r\\n\\r\\n\\r\\n\\r\\n\\r\\n\\r\\n\\r\\n\\r\\n\\r\\n\\r\\n\\r\\n\\r\\n\\r\\n\\r\\n\\r\\n\\r\\n\\r\\n\\r\\n\\r\\n\\r\\n\\r\\n\\r\\n\\r\\n\\r\\n\\r\\n\\r\\n\\r\\n\\r\\n\\r\\n\\r\\n\\r\\n\\r\\n\\r\\n\\r\\n\\r\\n\\r\\n\\r\\n\\r\\n\\r\\n\\r\\n\\r\\n\\r\\n\\r\\n\\r\\n\\r\\n\\r\\n\\r\\n\\r\\n\\r\\n\\r\\n\\r\\n\\r\\n\\r\\n\\r\\n\\r\\n\\r\\n\\r\\n\\r\\n\\r\\n\\r\\n\\r\\n\\r\\n\\r\\n\\r\\n\\r\\n\\r\\n\\r\\n\\r\\n\\r\\n\\r\\n\\r\\n\\r\\n\\r\\n\\r\\n\\r\\n\\r\\n\\r\\n\\r\\n\\r\\n\\r\\n\\r\\n\\r\\n\\r\\n\\r\\n\\r\\n\\r\\n\\r\\n\\r\\n\\r\\n\\r\\n\\r\\n\\r\\n\\r\\n\\r\\n\\r\\n\\r\\n\\r\\n\\r\\n\\r\\n\\r\\n\\r\\n\\r\\n\\r\\n\\r\\n\\r\\n\\r\\n\\r\\n\\r\\n\\r\\n\\r\\n\\r\\n\\r\\n\\r\\n\\r\\n\\r\\n\\r\\n\\r\\n\\r\\n\\r\\n\\r\\n\\r\\n\\r\\n\\r\\n\\r\\n\\r\\n\\r\\n\\r\\n\\r\\n\\r\\n\\r\\n\\r\\n\\r\\n\\r\\n\\r\\n\\r\\n\\r\\n\\r\\n\\r\\n\\r\\n\\r\\n\\r\\n\\r\\n\\r\\n\\r\\n\\r\\n\\r\\n\\r\\n\\r\\n\\r\\n\\r\\n\\r\\n\\r\\n\\r\\n\\r\\n\\r\\n\\r\\n\\r\\n\\r\\n\\r\\n\\r\\n\\r\\n\\r\\n\\r\\n\\r\\n\\r\\n\\r\\n\\r\\n\\r\\n\\r\\n\\r\\n\\r\\n\\r\\n\\r\\n\\r\\n\\r\\n\\r\\n\\r\\n\\r\\n\\r\\n\\r\\n\\r\\n\\r\\n\\r\\n\\r\\n\\r\\n\\r\\n\\r\\n\\r\\n\\r\\n\\r\\n\\r\\n\\r\\n\\r\\n\\r\\n\\r\\n\\r\\n\\r\\n\\r\\n\\r\\n\\r\\n\\r\\n\\r\\n\\r\\n\\r\\n\\r\\n\\r\\n\\r\\n\\r\\n\\r\\n\\r\\n\\r\\n\\r\\n\\r\\n\\r\\n\\r\\n\\r\\n\\r\\n\\r\\n\\r\\n\\r\\n\\r\\n\\r\\n\\r\\n\\r\\n\\r\\n\\r\\n\\r\\n\\r\\n\\r\\n\\r\\n\\r\\n\\r\\n\\r\\n\\r\\n\\r\\n\\r\\n\\r\\n\\r\\n\\r\\n\\r\\n\\r\\n\\r\\n\\r\\n\\r\\n\\r\\n\\r\\n\\r\\n\\r\\n\\r\\n\\r\\n\\r\\n\\r\\n\\r\\n\\r\\n\\r\\n\\r\\n\\r\\n\\r\\n\\r\\n\\r\\n\\r\\n\\r\\n\\r\\n\\r\\n\\r\\n\\r\\n\\r\\n\\r\\n\\r\\n\\r\\n\\r\\n\\r\\n\\r\\n\\r\\n\\r\\n\\r\\n\\r\\n\\r\\n\\r\\n\\r\\n\\r\\n\\r\\n\\r\\n\\r\\n\\r\\n\\r\\n\\r\\n\\r\\n\\r\\n\\r\\n\\r\\n\\r\\n\\r\\n\\r\\n\\r\\n\\r\\n\\r\\n\\r\\n\\r\\n\\r\\n\\r\\n\\r\\n\\r\\n\\r\\n\\r\\n\\r\\n\\r\\n\\r\\n\\r\\n\\r\\n\\r\\n\\r\\n\\r\\n\\r\\n\\r\\n\\r\\n\\r\\n\\r\\n\\r\\n\\r\\n\\r\\n\\r\\n\\r\\n\\r\\n\\r\\n\\r\\n\\r\\n\\r\\n\\r\\n\\r\\n\\r\\n\\r\\n\\r\\n\\r\\n\\r\\n\\r\\n\\r\\n\\r\\n\\r\\n\\r\\n\\r\\n\\r\\n\\r\\n\\r\\n\\r\\n\\r\\n\\r\\n\\r\\n\\r\\n\\r\\n\\r\\n\\r\\n\\r\\n\\r\\n\\r\\n\\r\\n\\r\\n\\r\\n\\r\\n\\r\\n\\r\\n\\r\\n\\r\\n\\r\\n\\r\\n\\r\\n\\r\\n\\r\\n\\r\\n\\r\\n\\r\\n\\r\\n\\r\\n\\r\\n\\r\\n\\r\\n\\r\\n\\r\\n\\r\\n\\r\\n\\r\\n\\r\\n\\r\\n\\r\\n\\r\\n\\r\\n\\r\\n\\r\\n\\r\\n\\r\\n\\r\\n\\r\\n\\r\\n\\r\\n\\r\\n\\r\\n\\r\\n\\r\\n\\r\\n\\r\\n\\r\\n\\r\\n\\r\\n\\r\\n\\r\\n\\r\\n\\r\\n\\r\\n\\r\\n\\r\\n\\r\\n\\r\\n\\r\\n\\r\\n\\r\\n\\r\\n\\r\\n\\r\\n\\r\\n\\r\\n\\r\\n\\r\\n\\r\\n\\r\\n\\r\\n\\r\\n\\r\\n\\r\\n\\r\\n\\r\\n\\r\\n\\r\\n\\r\\n\\r\\n\\r\\n\\r\\n\\r\\n\\r\\n\\r\\n\\r\\n\\r\\n\\r\\n\\r\\n\\r\\n\\r\\n\\r\\n\\r\\n\\r\\n\\r\\n\\r\\n\\r\\n\\r\\n\\r\\n\\r\\n\\r\\n\\r\\n\\r\\n\\r\\n\\r\\n\\r\\n\\r\\n\\r\\n\\r\\n\\r\\n\\r\\n\\r\\n\\r\\n\\r\\n\\r\\n\\r\\n\\r\\n\\r\\n\\r\\n\\r\\n\\r\\n\\r\\n\\r\\n\\r\\n\\r\\n\\r\\n\\r\\n\\r\\n\\r\\n\\r\\n\\r\\n\\r\\n\\r\\n\\r\\n\\r\\n\\r\\n\\r\\n\\r\\n\\r\\n\\r\\n\\r\\n\\r\\n\\r\\n\\r\\n\\r\\n\\r\\n\\r\\n\\r\\n\\r\\n\\r\\n\\r\\n\\r\\n\\r\\n\\r\\n\\r\\n\\r\\n\\r\\n\\r\\n\\r\\n\\r\\n\\r\\n\\r\\n\\r\\n\\r\\n\\r\\n\\r\\n\\r\\n\\r\\n\\r\\n\\r\\n\\r\\n\\r\\n\\r\\n\\r\\n\\r\\n\\r\\n\\r\\n\\r\\n\\r\\n\\r\\n\\r\\n\\r\\n\\r\\n\\r\\n\\r\\n\\r\\n\\r\\n\\r\\n\\r\\n\\r\\n\\r\\n\\r\\n\\r\\n\\r\\n\\r\\n\\r\\n\\r\\n\\r\\n\\r\\n\\r\\n\\r\\n\\r\\n\\r\\n\\r\\n\\r\\n\\r\\n\\r\\n\\r\\n\\r\\n\\r\\n\\r\\n\\r\\n\\r\\n\\r\\n\\r\\n\\r\\n\\r\\n\\r\\n\\r\\n\\r\\n\\r\\n\\r\\n\\r\\n\\r\\n\\r\\n\\r\\n\\r\\n\\r\\n\\r\\n\\r\\n\\r\\n\\r\\n\\r\\n\\r\\n\\r\\n\\r\\n\\r\\n\\r\\n\\r\\n\\r\\n\\r\\n\\r\\n\\r\\n\\r\\n\\r\\n\\r\\n\\r\\n\\r\\n\\r\\n\\r\\n\\r\\n\\r\\n\\r\\n\\r\\n\\r\\n\\r\\n\\r\\n\\r\\n\\r\\n\\r\\n\\r\\n\\r\\n\\r\\n\\r\\n\\r\\n\\r\\n\\r\\n\\r\\n\\r\\n\\r\\n\\r\\n\\r\\n\\r\\n\\r\\n\\r\\n\\r\\n\\r\\n\\r\\n\\r\\n\\r\\n\\r\\n\\r\\n\\r\\n\\r\\n\\r\\n\\r\\n\\r\\n\\r\\n\\r\\n\\r\\n\\r\\n\\r\\n\\r\\n\\r\\n\\r\\n\\r\\n\\r\\n\\r\\n\\r\\n\\r\\n\\r\\n\\r\\n\\r\\n\\r\\n\\r\\n\\r\\n\\r\\n\\r\\n\\r\\n\\r\\n\\r\\n\\r\\n\\r\\n\\r\\n\\r\\n\\r\\n\\r\\n\\r\\n\\r\\n\\r\\n\\r\\n\\r\\n\\r\\n\\r\\n\\r\\n\\r\\n\\r\\n\\r\\n\\r\\n\\r\\n\\r\\n\\r\\n\\r\\n\\r\\n\\r\\n\\r\\n\\r\\n\\r\\n\\r\\n\\r\\n\\r\\n\\r\\n\\r\\n\\r\\n\\r\\n\\r\\n\\r\\n\\r\\n\\r\\n\\r\\n\\r\\n\\r\\n\\r\\n\\r\\n\\r\\n\\r\\n\\r\\n\\r\\n\\r\\n\\r\\n\\r\\n\\r\\n\\r\\n\\r\\n\\r\\n\\r\\n\\r\\n\\r\\n\\r\\n\\r\\n\\r\\n\\r\\n\\r\\n\\r\\n\\r\\n\\r\\n\\r\\n\\r\\n\\r\\n\\r\\n\\r\\n\\r\\n\\r\\n\\r\\n\\r\\n\\r\\n\\r\\n\\r\\n\\r\\n\\r\\n\\r\\n\\r\\n\\r\\n\\r\\n\\r\\n\\r\\n\\r\\n\\r\\n\\r\\n\\r\\n\\r\\n\\r\\n\\r\\n\\r\\n\\r\\n\\r\\n\\r\\n\\r\\n\\r\\n\\r\\n\\r\\n\\r\\n\\r\\n\\r\\n\\r\\n\\r\\n\\r\\n\\r\\n\\r\\n\\r\\n\\r\\n\\r\\n\\r\\n\\r\\n\\r\\n\\r\\n\\r\\n\\r\\n\\r\\n\\r\\n\\r\\n\\r\\n\\r\\n\\r\\n\\r\\n\\r\\n\\r\\n\\r\\n\\r\\n\\r\\n\\r\\n\\r\\n\\r\\n\\r\\n\\r\\n\\r\\n\\r\\n\\r\\n\\r\\n\\r\\n\\r\\n\\r\\n\\r\\n\\r\\n\\r\\n\\r\\n\\r\\n\\r\\n\\r\\n\\r\\n\\r\\n\\r\\n\\r\\n\\r\\n\\r\\n\\r\\n\\r\\n\\r\\n\\r\\n\\r\\n\\r\\n\\r\\n\\r\\n\\r\\n\\r\\n\\r\\n\\r\\n\\r\\n\\r\\n\\r\\n\\r\\n\\r\\n\\r\\n\\r\\n\\r\\n\\r\\n\\r\\n\\r\\n\\r\\n\\r\\n\\r\\n\\r\\n\\r\\n\\r\\n\\r\\n\\r\\n\\r\\n\\r\\n\\r\\n\\r\\n\\r\\n\\r\\n\\r\\n\\r\\n\\r\\n\\r\\n\\r\\n\\r\\n\\r\\n\\r\\n\\r\\n\\r\\n\\r\\n\\r\\n\\r\\n\\r\\n\\r\\n\\r\\n\\r\\n\\r\\n\\r\\n\\r\\n\\r\\n\\r\\n\\r\\n\\r\\n\\r\\n\\r\\n\\r\\n\\r\\n\\r\\n\\r\\n\\r\\n\\r\\n\\r\\n\\r\\n\\r\\n\\r\\n\\r\\n\\r\\n\\r\\n\\r\\n\\r\\n\\r\\n\\r\\n\\r\\n\\r\\n\\r\\n\\r\\n\\r\\n\\r\\n\\r\\n\\r\\n\\r\\n\\r\\n\\r\\n\\r\\n\\r\\n\\r\\n\\r\\n\\r\\n\\r\\n\\r\\n\\r\\n\\r\\n\\r\\n\\r\\n\\r\\n\\r\\n\\r\\n\\r\\n\\r\\n\\r\\n\\r\\n\\r\\n\\r\\n\\r\\n\\r\\n\\r\\n\\r\\n\\r\\n\\r\\n\\r\\n\\r\\n\\r\\n\\r\\n\\r\\n\\r\\n\\r\\n\\r\\n\\r\\n\\r\\n\\r\\n\\r\\n\\r\\n\\r\\n\\r\\n\\r\\n\\r\\n\\r\\n\\r\\n\\r\\n\\r\\n\\r\\n\\r\\n\\r\\n\\r\\n\\r\\n\\r\\n\\r\\n\\r\\n\\r\\n\\r\\n\\r\\n\\r\\n\\r\\n\\r\\n\\r\\n\\r\\n\\r\\n\\r\\n\\r\\n\\r\\n\\r\\n\\r\\n\\r\\n\\r\\n\\r\\n\\r\\n\\r\\n\\r\\n\\r\\n\\r\\n\\r\\n\\r\\n\\r\\n\\r\\n\\r\\n\\r\\n\\r\\n\\r\\n\\r\\n\\r\\n\\r\\n\\r\\n\\r\\n\\r\\n\\r\\n\\r\\n\\r\\n\\r\\n\\r\\n\\r\\n\\r\\n\\r\\n\\r\\n\\r\\n\\r\\n\\r\\n\\r\\n\\r\\n\\r\\n\\r\\n\\r\\n\\r\\n\\r\\n\\r\\n\\r\\n\\r\\n\\r\\n\\r\\n\\r\\n\\r\\n\\r\\n\\r\\n\\r\\n\\r\\n\\r\\n\\r\\n\\r\\n\\r\\n\\r\\n\\r\\n\\r\\n\\r\\n\\r\\n\\r\\n\\r\\n\\r\\n\\r\\n\\r\\n\\r\\n\\r\\n\\r\\n\\r\\n\\r\\n\\r\\n\\r\\n\\r\\n\\r\\n\\r\\n\\r\\n\\r\\n\\r\\n\\r\\n\\r\\n\\r\\n\\r\\n\\r\\n\\r\\n\\r\\n\\r\\n\\r\\n\\r\\n\\r\\n\\r\\n\\r\\n\\r\\n\\r\\n\\r\\n\\r\\n\\r\\n\\r\\n\\r\\n\\r\\n\\r\\n\\r\\n\\r\\n\\r\\n\\r\\n\\r\\n\\r\\n\\r\\n\\r\\n\\r\\n\\r\\n\\r\\n\\r\\n\\r\\n\\r\\n\\r\\n\\r\\n\\r\\n\\r\\n\\r\\n\\r\\n\\r\\n\\r\\n\\r\\n\\r\\n\\r\\n\\r\\n\\r\\n\\r\\n\\r\\n\\r\\n\\r\\n\\r\\n\\r\\n\\r\\n\\r\\n\\r\\n\\r\\n\\r\\n\\r\\n\\r\\n\\r\\n\\r\\n\\r\\n\\r\\n\\r\\n\\r\\n\\r\\n\\r\\n\\r\\n\\r\\n\\r\\n\\r\\n\\r\\n\\r\\n\\r\\n\\r\\n\\r\\n\\r\\n\\r\\n\\r\\n\\r\\n\\r\\n\\r\\n\\r\\n\\r\\n\\r\\n\\r\\n\\r\\n\\r\\n\\r\\n\\r\\n\\r\\n\\r\\n\\r\\n\\r\\n\\r\\n\\r\\n\\r\\n\\r\\n\\r\\n\\r\\n\\r\\n\\r\\n\\r\\n\\r\\n\\r\\n\\r\\n\\r\\n\\r\\n\\r\\n\\r\\n\\r\\n\\r\\n\\r\\n\\r\\n\\r\\n\\r\\n\\r\\n\\r\\n\\r\\n\\r\\n\\r\\n\\r\\n\\r\\n\\r\\n\\r\\n\\r\\n\\r\\n\\r\\n\\r\\n\\r\\n\\r\\n\\r\\n\\r\\n\\r\\n\\r\\n\\r\\n\\r\\n\\r\\n\\r\\n\\r\\n\\r\\n\\r\\n\\r\\n\\r\\n\\r\\n\\r\\n\\r\\n\\r\\n\\r\\n\\r\\n\\r\\n\\r\\n\\r\\n\\r\\n\\r\\n\\r\\n\\r\\n\\r\\n\\r\\n\\r\\n\\r\\n\\r\\n\\r\\n\\r\\n\\r\\n\\r\\n\\r\\n\\r\\n\\r\\n\\r\\n\\r\\n\\r\\n\\r\\n\\r\\n\\r\\n\\r\\n\\r\\n\\r\\n\\r\\n\\r\\n\\r\\n\\r\\n\\r\\n\\r\\n\\r\\n\\r\\n\\r\\n\\r\\n\\r\\n\\r\\n\\r\\n\\r\\n\\r\\n\\r\\n\\r\\n\\r\\n\\r\\n\\r\\n\\r\\n\\r\\n\\r\\n\\r\\n\\r\\n\\r\\n\\r\\n\\r\\n\\r\\n\\r\\n\\r\\n\\r\\n\\r\\n\\r\\n\\r\\n\\r\\n\\r\\n\\r\\n\\r\\n\\r\\n\\r\\n\\r\\n\\r\\n\\r\\n\\r\\n\\r\\n\\r\\n\\r\\n\\r\\n\\r\\n\\r\\n\\r\\n\\r\\n\\r\\n\\r\\n\\r\\n\\r\\n\\r\\n\\r\\n\\r\\n\\r\\n\\r\\n\\r\\n\\r\\n\\r\\n\\r\\n\\r\\n\\r\\n\\r\\n\\r\\n\\r\\n\\r\\n\\r\\n\\r\\n\\r\\n\\r\\n\\r\\n\\r\\n\\r\\n\\r\\n\\r\\n\\r\\n\\r\\n\\r\\n\\r\\n\\r\\n\\r\\n\\r\\n\\r\\n\\r\\n\\r\\n\\r\\n\\r\\n\\r\\n\\r\\n\\r\\n\\r\\n\\r\\n\\r\\n\\r\\n\\r\\n\\r\\n\\r\\n\\r\\n\\r\\n\\r\\n\\r\\n\\r\\n\\r\\n\\r\\n\\r\\n\\r\\n\\r\\n\\r\\n\\r\\n\\r\\n\\r\\n\\r\\n\\r\\n\\r\\n\\r\\n\\r\\n\\r\\n\\r\\n\\r\\n\\r\\n\\r\\n\\r\\n\\r\\n\\r\\n\\r\\n\\r\\n\\r\\n\\r\\n\\r\\n\\r\\n\\r\\n\\r\\n\\r\\n\\r\\n\\r\\n\\r\\n\\r\\n\\r\\n\\r\\n\\r\\n\\r\\n\\r\\n\\r\\n\\r\\n\\r\\n\\r\\n\\r\\n\\r\\n\\r\\n\\r\\n\\r\\n\\r\\n\\r\\n\\r\\n\\r\\n\\r\\n\\r\\n\\r\\n\\r\\n\\r\\n\\r\\n\\r\\n\\r\\n\\r\\n\\r\\n\\r\\n\\r\\n\\r\\n\\r\\n\\r\\n\\r\\n\\r\\n\\r\\n\\r\\n\\r\\n\\r\\n\\r\\n\\r\\n\\r\\n\\r\\n\\r\\n\\r\\n\\r\\n\\r\\n\\r\\n\\r\\n\\r\\n\\r\\n\\r\\n\\r\\n\\r\\n\\r\\n\\r\\n\\r\\n\\r\\n\\r\\n\\r\\n\\r\\n\\r\\n\\r\\n\\r\\n\\r\\n\\r\\n\\r\\n\\r\\n\\r\\n\\r\\n\\r\\n\\r\\n\\r\\n\\r\\n\\r\\n\\r\\n\\r\\n\\r\\n\\r\\n\\r\\n\\r\\n\\r\\n\\r\\n\\r\\n\\r\\n\\r\\n\\r\\n\\r\\n\\r\\n\\r\\n\\r\\n\\r\\n\\r\\n\\r\\n\\r\\n\\r\\n\\r\\n\\r\\n\\r\\n\\r\\n\\r\\n\\r\\n\\r\\n\\r\\n\\r\\n\\r\\n\\r\\n\\r\\n\\r\\n\\r\\n\\r\\n\\r\\n\\r\\n\\r\\n\\r\\n\\r\\n\\r\\n\\r\\n\\r\\n\\r\\n\\r\\n\\r\\n\\r\\n\\r\\n\\r\\n\\r\\n\\r\\n\\r\\n\\r\\n\\r\\n\\r\\n\\r\\n\\r\\n\\r\\n\\r\\n\\r\\n\\r\\n\\r\\n\\r\\n\\r\\n\\r\\n\\r\\n\\r\\n\\r\\n\\r\\n\\r\\n\\r\\n\\r\\n\\r\\n\\r\\n\\r\\n\\r\\n\\r\\n\\r\\n\\r\\n\\r\\n\\r\\n\\r\\n\\r\\n\\r\\n\\r\\n\\r\\n\\r\\n\\r\\n\\r\\n\\r\\n\\r\\n\\r\\n\\r\\n\\r\\n\\r\\n\\r\\n\\r\\n\\r\\n\\r\\n\\r\\n\\r\\n\\r\\n\\r\\n\\r\\n\\r\\n\\r\\n\\r\\n\\r\\n\\r\\n\\r\\n\\r\\n\\r\\n\\r\\n\\r\\n\\r\\n\\r\\n\\r\\n\\r\\n\\r\\n\\r\\n\\r\\n\\r\\n\\r\\n\\r\\n\\r\\n\\r\\n\\r\\n\\r\\n\\r\\n\\r\\n\\r\\n\\r\\n\\r\\n\\r\\n\\r\\n\\r\\n\\r\\n\\r\\n\\r\\n\\r\\n\\r\\n\\r\\n\\r\\n\\r\\n\\r\\n\\r\\n\\r\\n\\r\\n\\r\\n\\r\\n\\r\\n\\r\\n\\r\\n\\r\\n\\r\\n\\r\\n\\r\\n\\r\\n\\r\\n\\r\\n\\r\\n\\r\\n\\r\\n\\r\\n\\r\\n\\r\\n\\r\\n\\r\\n\\r\\n\\r\\n\\r\\n\\r\\n\\r\\n\\r\\n\\r\\n\\r\\n\\r\\n\\r\\n\\r\\n\\r\\n\\r\\n\\r\\n\\r\\n\\r\\n\\r\\n\\r\\n\\r\\n\\r\\n\\r\\n\\r\\n\\r\\n\\r\\n\\r\\n\\r\\n\\r\\n\\r\\n\\r\\n\\r\\n\\r\\n\\r\\n\\r\\n\\r\\n\\r\\n\\r\\n\\r\\n\\r\\n\\r\\n\\r\\n\\r\\n\\r\\n\\r\\n\\r\\n\\r\\n\\r\\n\\r\\n\\r\\n\\r\\n\\r\\n\\r\\n\\r\\n\\r\\n\\r\\n\\r\\n\\r\\n\\r\\n\\r\\n\\r\\n\\r\\n\\r\\n\\r\\n\\r\\n\\r\\n\\r\\n\\r\\n\\r\\n\\r\\n\\r\\n\\r\\n\\r\\n\\r\\n\\r\\n\\r\\n\\r\\n\\r\\n\\r\\n\\r\\n\\r\\n\\r\\n\\r\\n\\r\\n\\r\\n\\r\\n\\r\\n\\r\\n\\r\\n\\r\\n\\r\\n\\r\\n\\r\\n\\r\\n\\r\\n\\r\\n\\r\\n\\r\\n\\r\\n\\r\\n\\r\\n\\r\\n\\r\\n\\r\\n\\r\\n\\r\\n\\r\\n\\r\\n\\r\\n\\r\\n\\r\\n\\r\\n\\r\\n\\r\\n\\r\\n\\r\\n\\r\\n\\r\\n\\r\\n\\r\\n\\r\\n\\r\\n\\r\\n\\r\\n\\r\\n\\r\\n\\r\\n\\r\\n\\r\\n\\r\\n\\r\\n\\r\\n\\r\\n\\r\\n\\r\\n\\r\\n\\r\\n\\r\\n\\r\\n\\r\\n\\r\\n\\r\\n\\r\\n\\r\\n\\r\\n\\r\\n\\r\\n\\r\\n\\r\\n\\r\\n\\r\\n\\r\\n\\r\\n\\r\\n\\r\\n\\r\\n\\r\\n\\r\\n\\r\\n\\r\\n\\r\\n\\r\\n\\r\\n\\r\\n\\r\\n\\r\\n\\r\\n\\r\\n\\r\\n\\r\\n\\r\\n\\r\\n\\r\\n\\r\\n\\r\\n\\r\\n\\r\\n\\r\\n\\r\\n\\r\\n\\r\\n\\r\\n\\r\\n\\r\\n\\r\\n\\r\\n\\r\\n\\r\\n\\r\\n\\r\\n\\r\\n\\r\\n\\r\\n\\r\\n\\r\\n\\r\\n\\r\\n\\r\\n\\r\\n\\r\\n\\r\\n\\r\\n\\r\\n\\r\\n\\r\\n\\r\\n\\r\\n\\r\\n\\r\\n\\r\\n\\r\\n\\r\\n\\r\\n\\r\\n\\r\\n\\r\\n\\r\\n\\r\\n\\r\\n\\r\\n\\r\\n\\r\\n\\r\\n\\r\\n\\r\\n\\r\\n\\r\\n\\r\\n\\r\\n\\r\\n\\r\\n\\r\\n\\r\\n\\r\\n\\r\\n\\r\\n\\r\\n\\r\\n\\r\\n\\r\\n\\r\\n\\r\\n\\r\\n\\r\\n\\r\\n\\r\\n\\r\\n\\r\\n\\r\\n\\r\\n\\r\\n\\r\\n\\r\\n\\r\\n\\r\\n\\r\\n\\r\\n\\r\\n\\r\\n\\r\\n\\r\\n\\r\\n\\r\\n\\r\\n\\r\\n\\r\\n\\r\\n\\r\\n\\r\\n\\r\\n\\r\\n\\r\\n\\r\\n\\r\\n\\r\\n\\r\\n\\r\\n\\r\\n\\r\\n\\r\\n\\r\\n\\r\\n\\r\\n\\r\\n\\r\\n\\r\\n\\r\\n\\r\\n\\r\\n\\r\\n\\r\\n\\r\\n\\r\\n\\r\\n\\r\\n\\r\\n\\r\\n\\r\\n\\r\\n\\r\\n\\r\\n\\r\\n\\r\\n\\r\\n\\r\\n\\r\\n\\r\\n\\r\\n\\r\\n\\r\\n\\r\\n\\r\\n\\r\\n\\r\\n\\r\\n\\r\\n\\r\\n\\r\\n\\r\\n\\r\\n\\r\\n\\r\\n\\r\\n\\r\\n\\r\\n\\r\\n\\r\\n\\r\\n\\r\\n\\r\\n\\r\\n\\r\\n\\r\\n\\r\\n\\r\\n\\r\\n\\r\\n\\r\\n\\r\\n\\r\\n\\r\\n\\r\\n\\r\\n\\r\\n\\r\\n\\r\\n\\r\\n\\r\\n\\r\\n\\r\\n\\r\\n\\r\\n\\r\\n\\r\\n\\r\\n\\r\\n\\r\\n\\r\\n\\r\\n\\r\\n\\r\\n\\r\\n\\r\\n\\r\\n\\r\\n\\r\\n\\r\\n\\r\\n\\r\\n\\r\\n\\r\\n\\r\\n\\r\\n\\r\\n\\r\\n\\r\\n\\r\\n\\r\\n\\r\\n\\r\\n\\r\\n\\r\\n\\r\\n\\r\\n\\r\\n\\r\\n\\r\\n\\r\\n\\r\\n\\r\\n\\r\\n\\r\\n\\r\\n\\r\\n\\r\\n\\r\\n\\r\\n\\r\\n\\r\\n\\r\\n\\r\\n\\r\\n\\r\\n\\r\\n\\r\\n\\r\\n\\r\\n\\r\\n\\r\\n\\r\\n\\r\\n\\r\\n\\r\\n\\r\\n\\r\\n\\r\\n\\r\\n\\r\\n\\r\\n\\r\\n\\r\\n\\r\\n\\r\\n\\r\\n\\r\\n\\r\\n\\r\\n\\r\\n\\r\\n\\r\\n\\r\\n\\r\\n\\r\\n\\r\\n\\r\\n\\r\\n\\r\\n\\r\\n\\r\\n\\r\\n\\r\\n\\r\\n\\r\\n\\r\\n\\r\\n\\r\\n\\r\\n\\r\\n\\r\\n\\r\\n\\r\\n\\r\\n\\r\\n\\r\\n\\r\\n\\r\\n\\r\\n\\r\\n\\r\\n\\r\\n\\r\\n\\r\\n\\r\\n\\r\\n\\r\\n\\r\\n\\r\\n\\r\\n\\r\\n\\r\\n\\r\\n\\r\\n\\r\\n\\r\\n\\r\\n\\r\\n\\r\\n\\r\\n\\r\\n\\r\\n\\r\\n\\r\\n\\r\\n\\r\\n\\r\\n\\r\\n\\r\\n\\r\\n\\r\\n\\r\\n\\r\\n\\r\\n\\r\\n\\r\\n\\r\\n\\r\\n\\r\\n\\r\\n\\r\\n\\r\\n\\r\\n\\r\\n\\r\\n\\r\\n\\r\\n\\r\\n\\r\\n\\r\\n\\r\\n\\r\\n\\r\\n\\r\\n\\r\\n\\r\\n\\r\\n\\r\\n\\r\\n\\r\\n\\r\\n\\r\\n\\r\\n\\r\\n\\r\\n\\r\\n\\r\\n\\r\\n\\r\\n\\r\\n\\r\\n\\r\\n\\r\\n\\r\\n\\r\\n\\r\\n\\r\\n\\r\\n\\r\\n\\r\\n\\r\\n\\r\\n\\r\\n\\r\\n\\r\\n\\r\\n\\r\\n\\r\\n\\r\\n\\r\\n\\r\\n\\r\\n\\r\\n\\r\\n\\r\\n\\r\\n\\r\\n\\r\\n\\r\\n\\r\\n\\r\\n\\r\\n\\r\\n\\r\\n\\r\\n\\r\\n\\r\\n\\r\\n\\r\\n\\r\\n\\r\\n\\r\\n\\r\\n\\r\\n\\r\\n\\r\\n\\r\\n\\r\\n\\r\\n\\r\\n\\r\\n\\r\\n\\r\\n\\r\\n\\r\\n\\r\\n\\r\\n\\r\\n\\r\\n\\r\\n\\r\\n\\r\\n\\r\\n\\r\\n\\r\\n\\r\\n\\r\\n\\r\\n\\r\\n\\r\\n\\r\\n\\r\\n\\r\\n\\r\\n\\r\\n\\r\\n\\r\\n\\r\\n\\r\\n\\r\\n\\r\\n\\r\\n\\r\\n\\r\\n\\r\\n\\r\\n\\r\\n\\r\\n\\r\\n\\r\\n\\r\\n\\r\\n\\r\\n\\r\\n\\r\\n\\r\\n\\r\\n\\r\\n\\r\\n\\r\\n\\r\\n\\r\\n\\r\\n\\r\\n\\r\\n\\r\\n\\r\\n\\r\\n\\r\\n\\r\\n\\r\\n\\r\\n\\r\\n\\r\\n\\r\\n\\r\\n\\r\\n\\r\\n\\r\\n\\r\\n\\r\\n\\r\\n\\r\\n\\r\\n\\r\\n\\r\\n\\r\\n\\r\\n\\r\\n\\r\\n\\r\\n\\r\\n\\r\\n\\r\\n\\r\\n\\r\\n\\r\\n\\r\\n\\r\\n\\r\\n\\r\\n\\r\\n\\r\\n\\r\\n\\r\\n\\r\\n\\r\\n\\r\\n\\r\\n\\r\\n\\r\\n\\r\\n\\r\\n\\r\\n\\r\\n\\r\\n\\r\\n\\r\\n\\r\\n\\r\\n\\r\\n\\r\\n\\r\\n\\r\\n\\r\\n\\r\\n\\r\\n\\r\\n\\r\\n\\r\\n\\r\\n\\r\\n\\r\\n\\r\\n\\r\\n\\r\\n\\r\\n\\r\\n\\r\\n\\r\\n\\r\\n\\r\\n\\r\\n\\r\\n\\r\\n\\r\\n\\r\\n\\r\\n\\r\\n\\r\\n\\r\\n\\r\\n\\r\\n\\r\\n\\r\\n\\r\\n\\r\\n\\r\\n\\r\\n\\r\\n\\r\\n\\r\\n\\r\\n\\r\\n\\r\\n\\r\\n\\r\\n\\r\\n\\r\\n\\r\\n\\r\\n\\r\\n\\r\\n\\r\\n\\r\\n\\r\\n\\r\\n\\r\\n\\r\\n\\r\\n\\r\\n\\r\\n\\r\\n\\r\\n\\r\\n\\r\\n\\r\\n\\r\\n\\r\\n\\r\\n\\r\\n\\r\\n\\r\\n\\r\\n\\r\\n\\r\\n\\r\\n\\r\\n\\r\\n\\r\\n\\r\\n\\r\\n\\r\\n\\r\\n\\r\\n\\r\\n\\r\\n\\r\\n\\r\\n\\r\\nReinsertion of ruptured biceps or triceps tendon, distal, w/ or w/o tendon graft\\r\\n\\r\\n\\r\\n\\r\\n\\r\\n\\r\\n\\r\\n\\r\\n', '24342', '1', 'major', '0', NULL, NULL, NULL, NULL, '2016-12-19 02:33:40', '2016-12-19 02:33:40'),
(1237, 28, 'Arthroplasty, elbow; w/ membrane', '24360', '1', 'major', '0', NULL, NULL, NULL, NULL, '2016-12-19 02:33:40', '2016-12-19 02:33:40'),
(1238, 28, 'Arthroplasty, elbow;  w/ distal humeral prosthetic replacement', '24361', '1', 'major', '0', NULL, NULL, NULL, NULL, '2016-12-19 02:33:40', '2016-12-19 02:33:40'),
(1239, 28, 'Arthroplasty, elbow; w/ implant and fascia lata ligament reconstruction', '24362', '1', 'major', '0', NULL, NULL, NULL, NULL, '2016-12-19 02:33:40', '2016-12-19 02:33:40'),
(1240, 28, 'Arthroplasty, elbow; w/ distal humerus and proximal ulnar proshetic replacement (\'total elbow\')', '24363', '1', 'major', '0', NULL, NULL, NULL, NULL, '2016-12-19 02:33:40', '2016-12-19 02:33:40'),
(1241, 28, 'Arthroplasty, radial head;', '24365', '1', 'major', '0', NULL, NULL, NULL, NULL, '2016-12-19 02:33:40', '2016-12-19 02:33:40'),
(1242, 28, 'Arthroplasty, radial head; w/ implant', '24366', '1', 'major', '0', NULL, NULL, NULL, NULL, '2016-12-19 02:33:40', '2016-12-19 02:33:40'),
(1243, 28, 'Osteoplasty, humerus (eg, shortening or lengthening)', '24420', '1', 'major', '0', NULL, NULL, NULL, NULL, '2016-12-19 02:33:40', '2016-12-19 02:33:40'),
(1244, 28, 'Hemiepiphyseal arrest (eg, for cubitus varus or valgus, distal humerus', '24470', '1', 'major', '0', NULL, NULL, NULL, NULL, '2016-12-19 02:33:40', '2016-12-19 02:33:40'),
(1245, 28, 'Closed treatment of humeral shaft fracture', '24500', '1', 'major', '0', NULL, NULL, NULL, NULL, '2016-12-19 02:33:40', '2016-12-19 02:33:40'),
(1246, 28, 'Open treatment of humeral shaft fracture w/ plate/screws, w/ or w/o cerclage', '24515', '1', 'major', '0', NULL, NULL, NULL, NULL, '2016-12-19 02:33:40', '2016-12-19 02:33:40'),
(1247, 28, 'Open treatment of humeral shaft fracture, w/ insertion of intramedullary implant, w/ or w/o cerclage and/or locking screws', '24516', '1', 'major', '0', NULL, NULL, NULL, NULL, '2016-12-19 02:33:40', '2016-12-19 02:33:40'),
(1248, 28, 'Closed treatment of supracondylar or transcondylar humeral fracture, w/ or w/o intercondylar', '24530', '1', 'major', '0', NULL, NULL, NULL, NULL, '2016-12-19 02:33:40', '2016-12-19 02:33:40'),
(1249, 28, 'Percutaneous skeletal fixation of supracondyla or transcondylar humeral fracture, w/ o w/o intercondylar extension', '24538', '1', 'major', '0', NULL, NULL, NULL, NULL, '2016-12-19 02:33:40', '2016-12-19 02:33:40'),
(1250, 28, 'Open treatment of supracondylar or transcondylar fracture, w/ o w/o internal or external fixation; w/o intercondylar extension', '24545', '1', 'major', '0', NULL, NULL, NULL, NULL, '2016-12-19 02:33:40', '2016-12-19 02:33:40'),
(1251, 28, 'Open treatment of supracondylar or transcondylar fracture, w/ o w/o internal or external fixation; w/ intercondylar extension', '24546', '1', 'major', '0', NULL, NULL, NULL, NULL, '2016-12-19 02:33:40', '2016-12-19 02:33:40'),
(1252, 28, 'Closed treatment of humeral epicondylar fracture, medial or lateral;', '24560', '1', 'major', '0', NULL, NULL, NULL, NULL, '2016-12-19 02:33:40', '2016-12-19 02:33:40'),
(1253, 28, 'Percutaneous skeletal fixation of humeral epicondylar fracture, medial or lateral, w/ manipulation', '24566', '1', 'major', '0', NULL, NULL, NULL, NULL, '2016-12-19 02:33:40', '2016-12-19 02:33:40'),
(1254, 28, 'Open treatment of humeral epicondylar fracture, medial or lateral, w/ or w/o internal or external fixation', '24575', '1', 'major', '0', NULL, NULL, NULL, NULL, '2016-12-19 02:33:40', '2016-12-19 02:33:40'),
(1255, 28, 'Open treatment of humeral condylar fracture, medial or lateral', '24576', '1', 'major', '0', NULL, NULL, NULL, NULL, '2016-12-19 02:33:40', '2016-12-19 02:33:40'),
(1256, 28, 'Open treatment of humeral condylar fracture, medial or lateral, w/ or w/o internal or external fixation', '24579', '1', 'major', '0', NULL, NULL, NULL, NULL, '2016-12-19 02:33:40', '2016-12-19 02:33:40'),
(1257, 28, 'Percutaneous skeletal fixation of humeral condylar fracture, medial or lateral, w/ manipulation', '24582', '1', 'major', '0', NULL, NULL, NULL, NULL, '2016-12-19 02:33:40', '2016-12-19 02:33:40'),
(1258, 28, 'Open treatment of periarticular fracture and/or dislocation of the elbow (fracture distal humerus and proximal ulna and/or proximal radius);', '24586', '1', 'major', '0', NULL, NULL, NULL, NULL, '2016-12-19 02:33:40', '2016-12-19 02:33:40'),
(1259, 28, 'Open treatment of periarticular fracture and/or dislocation of the elbow (fracture distal humerus and proximal ulna and/or proximal radius); w/ implant arthroplasty', '24587', '1', 'major', '0', NULL, NULL, NULL, NULL, '2016-12-19 02:33:40', '2016-12-19 02:33:40'),
(1260, 28, 'Treatment of closed elbow dislocation', '24600', '1', 'major', '0', NULL, NULL, NULL, NULL, '2016-12-19 02:33:40', '2016-12-19 02:33:40'),
(1261, 28, 'Open treatment of acute or chronic elbow dislocation', '24615', '1', 'major', '0', NULL, NULL, NULL, NULL, '2016-12-19 02:33:40', '2016-12-19 02:33:40'),
(1262, 28, 'Closed treatment of Monteggia type of fracture dislocation at elbow (fracture poximal end of ulna w/ dislocation of radial head)', '24620', '1', 'major', '0', NULL, NULL, NULL, NULL, '2016-12-19 02:33:40', '2016-12-19 02:33:40'),
(1263, 28, 'Open treatment of Monteggia type of fracture dislocation at elbow (fracture poximal end of ulna w/ dislocation of radial head), w/ or w/o internal or external fixation', '24635', '1', 'major', '0', NULL, NULL, NULL, NULL, '2016-12-19 02:33:40', '2016-12-19 02:33:40'),
(1264, 28, 'Closed treatment of radial head subluxation in child, \'nursemaid elbow\'', '24640', '1', 'major', '0', NULL, NULL, NULL, NULL, '2016-12-19 02:33:40', '2016-12-19 02:33:40'),
(1265, 28, 'Closed treatment of radial head or neck fracture', '24650', '1', 'major', '0', NULL, NULL, NULL, NULL, '2016-12-19 02:33:40', '2016-12-19 02:33:40'),
(1266, 28, 'Open treatment of radial head or neck fracture, w/ or w/o internal or external fixation or radial head excision;', '24665', '1', 'major', '0', NULL, NULL, NULL, NULL, '2016-12-19 02:33:40', '2016-12-19 02:33:40'),
(1267, 28, 'Open treatment of radial head or neck fracture, w/ or w/o internal or external fixation or radial head excision; w/ radial head prosthetic replacement', '24666', '1', 'major', '0', NULL, NULL, NULL, NULL, '2016-12-19 02:33:40', '2016-12-19 02:33:40'),
(1268, 28, 'Closed treatment of ulnar fracture, proximal end (olecranon process)', '24670', '1', 'major', '0', NULL, NULL, NULL, NULL, '2016-12-19 02:33:40', '2016-12-19 02:33:40'),
(1269, 28, 'Open treatment of ulnar fracture proximal end (olecranon process), w/ or w/o internal or external', '24685', '1', 'major', '0', NULL, NULL, NULL, NULL, '2016-12-19 02:33:40', '2016-12-19 02:33:40');
INSERT INTO `cpts` (`id`, `cptCategoriesID`, `description`, `code`, `version`, `classification`, `subCptCategories1ID`, `subCptCategories2ID`, `subCptCategories3ID`, `subCptCategories4ID`, `deleted_at`, `created_at`, `updated_at`) VALUES
(1270, 28, 'Arthrodesis, elbow joint; w/ or w/o local autograft or allograft', '24800', '1', 'major', '0', NULL, NULL, NULL, NULL, '2016-12-19 02:33:40', '2016-12-19 02:33:40'),
(1271, 28, 'Arthrodesis, elbow joint; w/ autograft (includes obtaining graft other than locally obtained)', '24802', '1', 'major', '0', NULL, NULL, NULL, NULL, '2016-12-19 02:33:40', '2016-12-19 02:33:40'),
(1272, 28, 'Amputation, arm through humerus; re-amputation', '24930', '1', 'major', '0', NULL, NULL, NULL, NULL, '2016-12-19 02:33:40', '2016-12-19 02:33:40'),
(1273, 28, 'Amputation, arm through humerus; w/ implant', '24931', '1', 'major', '0', NULL, NULL, NULL, NULL, '2016-12-19 02:33:40', '2016-12-19 02:33:40'),
(1274, 28, 'Stump elongation, upper extremity', '24935', '1', 'major', '0', NULL, NULL, NULL, NULL, '2016-12-19 02:33:40', '2016-12-19 02:33:40'),
(1275, 28, 'Cineplasy, upper extremity, complete procedure', '24940', '1', 'major', '0', NULL, NULL, NULL, NULL, '2016-12-19 02:33:40', '2016-12-19 02:33:40'),
(1276, 19, 'Tenotomy, subcutaneous, closed, adductor or hamstring,; single', '27306', '1', 'major', '0', NULL, NULL, NULL, NULL, '2016-12-19 02:33:40', '2016-12-19 02:33:40'),
(1277, 19, 'Tenotomy, subcutaneous, closed, adductor or hamstring,;  multiple', '27307', '1', 'major', '0', NULL, NULL, NULL, NULL, '2016-12-19 02:33:40', '2016-12-19 02:33:40'),
(1278, 19, 'Neurectomy, hamstring muscle', '27315', '1', 'major', '0', NULL, NULL, NULL, NULL, '2016-12-19 02:33:40', '2016-12-19 02:33:40'),
(1279, 19, 'Neurectomy, popliteal (gastrocnemius)', '27320', '1', 'major', '0', NULL, NULL, NULL, NULL, '2016-12-19 02:33:40', '2016-12-19 02:33:40'),
(1280, 19, 'Arthronomy, knee; w/ exision of semilunar cartilage (meniscectomy); medial or lateral', '27332', '1', 'major', '0', NULL, NULL, NULL, NULL, '2016-12-19 02:33:40', '2016-12-19 02:33:40'),
(1281, 19, 'Arthronomy, knee; w/ exision of semilunar cartilage (meniscectomy); medial and lateral', '27333', '1', 'major', '0', NULL, NULL, NULL, NULL, '2016-12-19 02:33:40', '2016-12-19 02:33:40'),
(1282, 19, 'Arthronomy, knee, w/ synevectomy; anterior or posterior', '27334', '1', 'major', '0', NULL, NULL, NULL, NULL, '2016-12-19 02:33:40', '2016-12-19 02:33:40'),
(1283, 19, 'Arthronomy, knee, w/ synevectomy; anterior and posterior including popliteal area', '27335', '1', 'major', '0', NULL, NULL, NULL, NULL, '2016-12-19 02:33:40', '2016-12-19 02:33:40'),
(1284, 19, 'Excision, prepatellar bursa', '27340', '1', 'major', '0', NULL, NULL, NULL, NULL, '2016-12-19 02:33:40', '2016-12-19 02:33:40'),
(1285, 19, 'Suture of infrapatellar tendon; secondary reconstruction, including fascial or tendon graft', '27381', '1', 'major', '0', NULL, NULL, NULL, NULL, '2016-12-19 02:33:40', '2016-12-19 02:33:40'),
(1286, 19, 'Suture of quadriceps or hamstring muscle rupture; primary', '27385', '1', 'major', '0', NULL, NULL, NULL, NULL, '2016-12-19 02:33:40', '2016-12-19 02:33:40'),
(1287, 19, 'Suture of quadriceps or hamstring muscle rupture; secondary reconstruction, including fascial or tendon graft', '27386', '1', 'major', '0', NULL, NULL, NULL, NULL, '2016-12-19 02:33:40', '2016-12-19 02:33:40'),
(1288, 19, 'Tenotomy, open, hamstring, knee to hip; single', '27390', '1', 'major', '0', NULL, NULL, NULL, NULL, '2016-12-19 02:33:40', '2016-12-19 02:33:40'),
(1289, 19, 'Tenotomy, open, hamstring, knee to hip; multiple, one leg', '27391', '1', 'major', '0', NULL, NULL, NULL, NULL, '2016-12-19 02:33:40', '2016-12-19 02:33:40'),
(1290, 19, 'Tenotomy, open, hamstring, knee to hip; multiple, bilateral', '27392', '1', 'major', '0', NULL, NULL, NULL, NULL, '2016-12-19 02:33:40', '2016-12-19 02:33:40'),
(1291, 19, 'Lengthening of hamstring tendon; single', '27393', '1', 'major', '0', NULL, NULL, NULL, NULL, '2016-12-19 02:33:40', '2016-12-19 02:33:40'),
(1292, 19, 'Lengthening of hamstring tendon; multiple, one leg', '27394', '1', 'major', '0', NULL, NULL, NULL, NULL, '2016-12-19 02:33:40', '2016-12-19 02:33:40'),
(1293, 19, 'Lengthening of hamstring tendon; multiple, bilateral', '27395', '1', 'major', '0', NULL, NULL, NULL, NULL, '2016-12-19 02:33:40', '2016-12-19 02:33:40'),
(1294, 19, 'Transplant, hamstring tendon to patella; single', '27396', '1', 'major', '0', NULL, NULL, NULL, NULL, '2016-12-19 02:33:40', '2016-12-19 02:33:40'),
(1295, 19, 'Transplant, hamstring tendon to patella; multiple', '27397', '1', 'major', '0', NULL, NULL, NULL, NULL, '2016-12-19 02:33:40', '2016-12-19 02:33:40'),
(1296, 19, 'Tendon or muscle transfer, hamstring to femur (Eggers Type procedure)', '27400', '1', 'major', '0', NULL, NULL, NULL, NULL, '2016-12-19 02:33:40', '2016-12-19 02:33:40'),
(1297, 19, 'Arthronomy w/ open meniscus repair', '27403', '1', 'major', '0', NULL, NULL, NULL, NULL, '2016-12-19 02:33:40', '2016-12-19 02:33:40'),
(1298, 19, 'Repair, primary, torn ligament and/or capsule, knee; collateral', '27405', '1', 'major', '0', NULL, NULL, NULL, NULL, '2016-12-19 02:33:40', '2016-12-19 02:33:40'),
(1299, 19, 'Repair, primary, torn ligament and/or capsule, knee; cruciate', '27407', '1', 'major', '0', NULL, NULL, NULL, NULL, '2016-12-19 02:33:40', '2016-12-19 02:33:40'),
(1300, 19, 'Repair, primary, torn ligament and/or capsule, knee; collateral and cruciate ligaments', '27409', '1', 'major', '0', NULL, NULL, NULL, NULL, '2016-12-19 02:33:40', '2016-12-19 02:33:40'),
(1301, 19, 'Reconstruction for recurrent dislocating patella; w/ patellectomy', '27424', '1', 'major', '0', NULL, NULL, NULL, NULL, '2016-12-19 02:33:40', '2016-12-19 02:33:40'),
(1302, 19, 'Capsulotomy, knee, posterior capsular release', '27435', '1', 'major', '0', NULL, NULL, NULL, NULL, '2016-12-19 02:33:40', '2016-12-19 02:33:40'),
(1303, 19, 'Arthroplasty, patella; w/o prosthesis', '27437', '1', 'major', '0', NULL, NULL, NULL, NULL, '2016-12-19 02:33:40', '2016-12-19 02:33:40'),
(1304, 19, 'Arthroplasty, patella; w/ prosthesis', '27438', '1', 'major', '0', NULL, NULL, NULL, NULL, '2016-12-19 02:33:40', '2016-12-19 02:33:40'),
(1305, 19, 'Epiphyseal arrest by epiphysiodesis or stapling; distal femur', '27475', '1', 'major', '0', NULL, NULL, NULL, NULL, '2016-12-19 02:33:40', '2016-12-19 02:33:40'),
(1306, 19, 'Epiphyseal arrest by epiphysiodesis or stapling; tibia and fibula, proximal', '27477', '1', 'major', '0', NULL, NULL, NULL, NULL, '2016-12-19 02:33:40', '2016-12-19 02:33:40'),
(1307, 19, 'Epiphyseal arrest by epiphysiodesis or stapling; combined distal femur, proximal tibia and fibula', '27479', '1', 'major', '0', NULL, NULL, NULL, NULL, '2016-12-19 02:33:40', '2016-12-19 02:33:40'),
(1308, 19, 'Arrest, hemiepiphyseal, distal femur or proximal leg (eg, for genu varus or valgus)', '27485', '1', 'major', '0', NULL, NULL, NULL, NULL, '2016-12-19 02:33:40', '2016-12-19 02:33:40'),
(1309, 19, 'Closed treatment of supracondylar or transcondylar femoral fracture w/ or w/o intercondylar extension', '27501', '1', 'major', '0', NULL, NULL, NULL, NULL, '2016-12-19 02:33:40', '2016-12-19 02:33:40'),
(1310, 19, 'Closed treatment of femoral shaft fracture, w/ or w/o skin or skeletal traction', '27502', '1', 'major', '0', NULL, NULL, NULL, NULL, '2016-12-19 02:33:40', '2016-12-19 02:33:40'),
(1311, 19, 'Open treatment of femoral shaft fracture, w/ or w/o external fixation, w/ insertion of intramedullary implant, w/ or w/o cerclage and/or locking screws', '27506', '1', 'major', '0', NULL, NULL, NULL, NULL, '2016-12-19 02:33:40', '2016-12-19 02:33:40'),
(1312, 19, 'Open treatment of femoral shaft fracture,  w/ plates/srews, w/ or w/o cerclage ', '27507', '1', 'major', '23', NULL, NULL, NULL, NULL, '2016-12-19 02:33:40', '2016-12-19 02:33:40'),
(1313, 19, 'Closed treatment of supracondylar or transcondylar femoral fracture w/ or w/o intercondylar extension, w/ or w/o skin or skeletal traction', '27503', '1', 'major', '0', NULL, NULL, NULL, NULL, '2016-12-19 02:33:40', '2016-12-19 02:33:40'),
(1314, 19, 'Percutaneous skeletal fixation of femoral fracture, distal end, medial or lateral condyle, or supracondylar or transcondylar, w/ or w/o inercondylar extension, or distal femoral epiphyseal separation', '27509', '1', 'major', '0', NULL, NULL, NULL, NULL, '2016-12-19 02:33:40', '2016-12-19 02:33:40'),
(1315, 19, 'Closed treatment of femoral fracture, distal end, medial or lateral condyle', '27510', '1', 'major', '0', NULL, NULL, NULL, NULL, '2016-12-19 02:33:40', '2016-12-19 02:33:40'),
(1316, 19, 'Open treatment of femoral supracondylar or transcondylar fracture w/o intercondylar extension, w/ or w/o internal or external fixation', '27511', '1', 'major', '0', NULL, NULL, NULL, NULL, '2016-12-19 02:33:40', '2016-12-19 02:33:40'),
(1317, 19, 'Open treatment of femoral supracondylar or transcondylar fracture w/ intercondylar extension, w/ or w/o internal or external fixation', '27513', '1', 'major', '0', NULL, NULL, NULL, NULL, '2016-12-19 02:33:40', '2016-12-19 02:33:40'),
(1318, 19, 'Open treatment of femoral frcture, distal end, medial or lateral condyle, w/ or w/o internal or external fixation', '27514', '1', 'major', '0', NULL, NULL, NULL, NULL, '2016-12-19 02:33:40', '2016-12-19 02:33:40'),
(1319, 19, 'Closed treament of distal femoral  epiphyseal separation', '27516', '1', 'major', '0', NULL, NULL, NULL, NULL, '2016-12-19 02:33:40', '2016-12-19 02:33:40'),
(1320, 19, 'Open treament of distal femoral  epiphyseal separation, w/ or w/o internal or external fixation', '27519', '1', 'major', '0', NULL, NULL, NULL, NULL, '2016-12-19 02:33:40', '2016-12-19 02:33:40'),
(1321, 19, 'Closed treatment of patellar fracture', '27520', '1', 'major', '0', NULL, NULL, NULL, NULL, '2016-12-19 02:33:40', '2016-12-19 02:33:40'),
(1322, 19, 'Open treatment of patellar fracture, w/ internal fixation and/or partial or complete patellectomy and soft tissue repair', '27524', '1', 'major', '0', NULL, NULL, NULL, NULL, '2016-12-19 02:33:40', '2016-12-19 02:33:40'),
(1323, 19, 'Closed treatment of tibial fracture, proximal (plateau)', '27530', '1', 'major', '0', NULL, NULL, NULL, NULL, '2016-12-19 02:33:40', '2016-12-19 02:33:40'),
(1324, 19, 'Open treatment of tibial fracture, proximal (plateau); unicondylar, w/ or w/o internal or external fixation', '27535', '1', 'major', '0', NULL, NULL, NULL, NULL, '2016-12-19 02:33:40', '2016-12-19 02:33:40'),
(1325, 19, 'Open treatment of tibial fracture, proximal (plateau); bicondylar, w/ or w/o internal fixation', '27536', '1', 'major', '0', NULL, NULL, NULL, NULL, '2016-12-19 02:33:40', '2016-12-19 02:33:40'),
(1326, 19, 'Closed treatment of intercondylar spine(s) and/or tuberosity fracture(s) of knee ', '27538', '1', 'major', '0', NULL, NULL, NULL, NULL, '2016-12-19 02:33:40', '2016-12-19 02:33:40'),
(1327, 19, 'Open treatment of intercondylar spine(s) and/or tuberosity fracture(s) of the knee, w/ or w/o internal or external fixation', '27540', '1', 'major', '0', NULL, NULL, NULL, NULL, '2016-12-19 02:33:40', '2016-12-19 02:33:40'),
(1328, 19, 'Closed treatment of knee dislocation', '27550', '1', 'major', '0', NULL, NULL, NULL, NULL, '2016-12-19 02:33:40', '2016-12-19 02:33:40'),
(1329, 19, 'Open treatment of knee dislocation, w/ or w/o internal or external fixation; w/o primary ligamentous repair or augmentation/reconstruction', '27556', '1', 'major', '0', NULL, NULL, NULL, NULL, '2016-12-19 02:33:40', '2016-12-19 02:33:40'),
(1330, 19, 'Open treatment of knee dislocation, w/ or w/o internal or external fixation; w/ primary ligamentous repair ', '27557', '1', 'major', '0', NULL, NULL, NULL, NULL, '2016-12-19 02:33:40', '2016-12-19 02:33:40'),
(1331, 19, 'Open treatment of knee dislocation, w/ or w/o internal or external fixation; w/ primary ligamentous repair, w/ augmentation/reconstruction', '25778', '1', 'major', '0', NULL, NULL, NULL, NULL, '2016-12-19 02:33:40', '2016-12-19 02:33:40'),
(1332, 19, 'Closed treatment of patellar dislocation', '27560', '1', 'major', '0', NULL, NULL, NULL, NULL, '2016-12-19 02:33:40', '2016-12-19 02:33:40'),
(1333, 19, 'Closed treatment of patellar dislocation, w/ or w/o partial or total patellectomy', '27566', '1', 'major', '0', NULL, NULL, NULL, NULL, '2016-12-19 02:33:40', '2016-12-19 02:33:40'),
(1334, 19, 'Fusion of knee, any technique', '27580', '1', 'major', '0', NULL, NULL, NULL, NULL, '2016-12-19 02:33:40', '2016-12-19 02:33:40'),
(1335, 19, 'Amputation, thigh, through femur, any level;', '27590', '1', 'major', '0', NULL, NULL, NULL, NULL, '2016-12-19 02:33:40', '2016-12-19 02:33:40'),
(1336, 19, 'Amputation, thigh, through femur, any level; immediate fitting technique including first cast', '27591', '1', 'major', '0', NULL, NULL, NULL, NULL, '2016-12-19 02:33:40', '2016-12-19 02:33:40'),
(1337, 19, 'Amputation, thigh, through femur, any level; open, circular (guillotine)', '27592', '1', 'major', '0', NULL, NULL, NULL, NULL, '2016-12-19 02:33:40', '2016-12-19 02:33:40'),
(1338, 19, 'Amputation, thigh, through femur, any level; secondary closure or scar revision', '27594', '1', 'major', '0', NULL, NULL, NULL, NULL, '2016-12-19 02:33:40', '2016-12-19 02:33:40'),
(1339, 19, 'Amputation, thigh, through femur, any level; re-amputation', '27596', '1', 'major', '0', NULL, NULL, NULL, NULL, '2016-12-19 02:33:40', '2016-12-19 02:33:40'),
(1340, 19, 'Disarticulation at knee', '27598', '1', 'major', '0', NULL, NULL, NULL, NULL, '2016-12-19 02:33:40', '2016-12-19 02:33:40'),
(1341, 33, 'Arthronomy, ankle, posterior capsular release, w/ or w/o Achilles tendon lengthening', '27612', '1', 'major', '29', NULL, NULL, NULL, NULL, '2016-12-19 02:33:40', '2016-12-19 02:33:40'),
(1342, 33, 'Excision of lesion of tendon sheath or capsule (eg, cyst or ganglion), leg and/or ankle', '27630', '1', 'major', '13', NULL, NULL, NULL, NULL, '2016-12-19 02:33:40', '2016-12-19 02:33:40'),
(1343, 7, 'Application of halo type body cast (see 20661-20663 for insertion)', '29000', '1', 'major', '9', NULL, NULL, NULL, NULL, '2016-12-19 02:33:40', '2016-12-19 02:33:40'),
(1344, 7, 'Application of Risser jacket, localizer, body; only ', '29010', '1', 'major', '9', NULL, NULL, NULL, NULL, '2016-12-19 02:33:40', '2016-12-19 02:33:40'),
(1345, 7, 'Application of Risser jacket, localizer, body; including head', '29015', '1', 'major', '9', NULL, NULL, NULL, NULL, '2016-12-19 02:33:40', '2016-12-19 02:33:40'),
(1346, 7, 'Application of turnbuckle jacket, body; only', '29020', '1', 'major', '9', NULL, NULL, NULL, NULL, '2016-12-19 02:33:40', '2016-12-19 02:33:40'),
(1347, 7, 'Application of turnbuckle jacket, body; including head', '29025', '1', 'major', '9', NULL, NULL, NULL, NULL, '2016-12-19 02:33:40', '2016-12-19 02:33:40'),
(1348, 7, 'Application of body cast, shoulder to hips;', '29035', '1', 'major', '9', NULL, NULL, NULL, NULL, '2016-12-19 02:33:40', '2016-12-19 02:33:40'),
(1349, 7, 'Application of body cast, shoulder to hips; including head, Minerva type', '29040', '1', 'major', '9', NULL, NULL, NULL, NULL, '2016-12-19 02:33:40', '2016-12-19 02:33:40'),
(1350, 7, 'Application of body cast, shoulder to hips; including one thigh', '29044', '1', 'major', '9', NULL, NULL, NULL, NULL, '2016-12-19 02:33:40', '2016-12-19 02:33:40'),
(1351, 7, 'Application of body cast, shoulder to hips; including both thighs', '29046', '1', 'major', '9', NULL, NULL, NULL, NULL, '2016-12-19 02:33:40', '2016-12-19 02:33:40'),
(1352, 7, 'Application of body cast, shoulder to hips; shoulder spica', '29055', '1', 'major', '9', NULL, NULL, NULL, NULL, '2016-12-19 02:33:40', '2016-12-19 02:33:40'),
(1353, 7, 'Application of body cast, shoulder to hips; plaster Velpeau', '29058', '1', 'major', '9', NULL, NULL, NULL, NULL, '2016-12-19 02:33:40', '2016-12-19 02:33:40'),
(1354, 7, 'Arthroscopy, temporomandibular joint, diagnostic, w/ or w/o synovial biopsy', '29800', '1', 'major', '5', NULL, NULL, NULL, NULL, '2016-12-19 02:33:40', '2016-12-19 02:33:40'),
(1355, 7, 'Arthroscopy, temporamandibular joint, surgical', '29804', '1', 'major', '5', NULL, NULL, NULL, NULL, '2016-12-19 02:33:40', '2016-12-19 02:33:40'),
(1356, 7, 'synovectomy, complete', '29845', '1', 'major', '5', NULL, NULL, NULL, NULL, '2016-12-19 02:33:40', '2016-12-19 02:33:40'),
(1357, 7, 'excision and/or repair of triangular fibrocartilage and/or joint debridement', '29846', '1', 'major', '5', NULL, NULL, NULL, NULL, '2016-12-19 02:33:40', '2016-12-19 02:33:40'),
(1358, 7, 'internal fixation for fracture or instability', '29847', '1', 'major', '5', NULL, NULL, NULL, NULL, '2016-12-19 02:33:40', '2016-12-19 02:33:40'),
(1359, 7, 'w/ meniscus repair (medial OR lateral)', '29882', '1', 'major', '5', NULL, NULL, NULL, NULL, '2016-12-19 02:33:40', '2016-12-19 02:33:40'),
(1360, 7, 'w/ meniscus repair (medial AND lateral)', '29883', '1', 'major', '5', NULL, NULL, NULL, NULL, '2016-12-19 02:33:40', '2016-12-19 02:33:40'),
(1361, 7, 'w/ lysis of adhesions, w/ or w/o manipulation', '29884', '1', 'major', '5', NULL, NULL, NULL, NULL, '2016-12-19 02:33:40', '2016-12-19 02:33:40'),
(1362, 7, 'drilling for osteochondritis dissecans w/ bone grafting, w/ or w/o internal fixation (including debridement of base of lesion)', '29885', '1', 'major', '5', NULL, NULL, NULL, NULL, '2016-12-19 02:33:40', '2016-12-19 02:33:40'),
(1363, 7, 'drilling for intact osteochondritis dissecans lesion w/ internal fixation', '29887', '1', 'major', '5', NULL, NULL, NULL, NULL, '2016-12-19 02:33:40', '2016-12-19 02:33:40'),
(1364, 7, 'Arthroscopically aided posterior cruciate ligament repair/augmentation or reconstruction', '29889', '1', 'major', '5', NULL, NULL, NULL, NULL, '2016-12-19 02:33:40', '2016-12-19 02:33:40'),
(1365, 51, 'Percutaneous aspiration, spinal cord cyst or syrinx', '62268', '1', 'major', '31', NULL, NULL, NULL, NULL, '2016-12-19 02:33:40', '2016-12-19 02:33:40'),
(1366, 51, 'Biopsy of spinal cord, percutaneous needle', '62269', '1', 'major', '31', NULL, NULL, NULL, NULL, '2016-12-19 02:33:40', '2016-12-19 02:33:40'),
(1367, 51, 'Spinal punture, lumbar, diagnostic', '62270', '1', 'major', '31', NULL, NULL, NULL, NULL, '2016-12-19 02:33:40', '2016-12-19 02:33:40'),
(1368, 51, 'Spinal punture, therapeutic, for drainage of spinal fluid (by needle or catherer)', '62272', '1', 'major', '31', NULL, NULL, NULL, NULL, '2016-12-19 02:33:40', '2016-12-19 02:33:40'),
(1369, 51, 'Aspiration procedure, percutaneous, of nucleus pulposus of interverbral disc, any method, single or multiple levels, lumbar', '62287', '1', 'major', '31', NULL, NULL, NULL, NULL, '2016-12-19 02:33:40', '2016-12-19 02:33:40'),
(1370, 51, 'Implantation, revision or repositioning of intrathecal or epidural catherer, for implantable reservoir of implantable infusion pump; w/o laminectomy', '62350', '1', 'major', '10', NULL, NULL, NULL, NULL, '2016-12-19 02:33:40', '2016-12-19 02:33:40'),
(1371, 51, 'Implantation, revision or repositioning of intrathecal or epidural catherer, for implantable reservoir of implantable infusion pump; w/ laminectomy', '62351', '1', 'major', '10', NULL, NULL, NULL, NULL, '2016-12-19 02:33:40', '2016-12-19 02:33:40'),
(1372, 51, 'Implantation or replacement of device for intrathecal or epidural drug infusion; subcutaneous reservoir', '62360', '1', 'major', '46', NULL, NULL, NULL, NULL, '2016-12-19 02:33:40', '2016-12-19 02:33:40'),
(1373, 51, 'non-programmable pump', '62361', '1', 'major', '46', NULL, NULL, NULL, NULL, '2016-12-19 02:33:40', '2016-12-19 02:33:40'),
(1374, 51, 'programmable pump, including preparation of pump, w/ or w/o programming', '26362', '1', 'major', '0', NULL, NULL, NULL, NULL, '2016-12-19 02:33:40', '2016-12-19 02:33:40'),
(1375, 51, 'Laminectomy w/ exploration and/or decompression of spinal cord and/or cauda equina, w/o facetectomy, foraminoty or disckectomy, (eg, spinal stenosis, one or two vertebral segments; cervical', '63001', '1', 'major', '41', NULL, NULL, NULL, NULL, '2016-12-19 02:33:40', '2016-12-19 02:33:40'),
(1376, 51, 'Laminectomy w/ exploration and/or decompression of spinal cord and/or cauda equina, w/o facetectomy, foraminoty or disckectomy, (eg, spinal stenosis, one or two vertebral segments; thoracic', '63003', '1', 'major', '41', NULL, NULL, NULL, NULL, '2016-12-19 02:33:40', '2016-12-19 02:33:40'),
(1377, 51, 'Laminectomy w/ exploration and/or decompression of spinal cord and/or cauda equina, w/o facetectomy, foraminoty or disckectomy, (eg, spinal stenosis, one or two vertebral segments; lumbar, except for spondylolisthesis', '63005', '1', 'major', '41', NULL, NULL, NULL, NULL, '2016-12-19 02:33:40', '2016-12-19 02:33:40'),
(1378, 51, 'Laminectomy w/ exploration and/or decompression of spinal cord and/or cauda equina, w/o facetectomy, foraminoty or disckectomy, (eg, spinal stenosis, one or two vertebral segments; sacral', '63011', '1', 'major', '41', NULL, NULL, NULL, NULL, '2016-12-19 02:33:40', '2016-12-19 02:33:40'),
(1379, 51, 'Laminectomy w/ removal of abnormal facets and/or pars onter-articularis w/ decompression of cauda equina and nerve roots for spondylolisthesis, lumbar (Gill type procedure)', '63012', '1', 'major', '41', NULL, NULL, NULL, NULL, '2016-12-19 02:33:40', '2016-12-19 02:33:40'),
(1380, 51, 'Laminectomy w/ exploration and/or decompression of spinal cord and/or cauda equina, w/o facectomy, foraminotomy or diskectomy, (eg, spinal stenosis), more than 2 vertebral segements; cervical', '63015', '1', 'major', '41', NULL, NULL, NULL, NULL, '2016-12-19 02:33:40', '2016-12-19 02:33:40'),
(1381, 51, 'Laminectomy w/ exploration and/or decompression of spinal cord and/or cauda equina, w/o facectomy, foraminotomy or diskectomy, (eg, spinal stenosis), more than 2 vertebral segements; thoracic', '63016', '1', 'major', '41', NULL, NULL, NULL, NULL, '2016-12-19 02:33:40', '2016-12-19 02:33:40'),
(1382, 51, 'Laminectomy w/ exploration and/or decompression of spinal cord and/or cauda equina, w/o facectomy, foraminotomy or diskectomy, (eg, spinal stenosis), more than 2 vertebral segements; lumbar', '63017', '1', 'major', '41', NULL, NULL, NULL, NULL, '2016-12-19 02:33:40', '2016-12-19 02:33:40'),
(1383, 51, 'Laminotomy (hemilaminectomy), w/ decompression of nerve root (s), including partial facetectomy, foraminotomy and/or excision of herniated interverbral disk; one interspace cervical', '63020', '1', 'major', '41', NULL, NULL, NULL, NULL, '2016-12-19 02:33:40', '2016-12-19 02:33:40'),
(1384, 51, 'Laminotomy (hemilaminectomy), w/ decompression of nerve root (s), including partial facetectomy, foraminotomy and/or excision of herniated interverbral disk; one interspace, lumbar', '63030', '1', 'major', '41', NULL, NULL, NULL, NULL, '2016-12-19 02:33:40', '2016-12-19 02:33:40'),
(1385, 51, 'Laminotomy (hemilaminectomy), w/ decompression of nerve root (s), including partial facetectomy, foraminotomy and/or excision of herniated interverbral disk; re-exploration, cervical', '63040', '1', 'major', '41', NULL, NULL, NULL, NULL, '2016-12-19 02:33:40', '2016-12-19 02:33:40'),
(1386, 51, 'Laminotomy (hemilaminectomy), w/ decompression of nerve root (s), including partial facetectomy, foraminotomy and/or excision of herniated interverbral disk; re-exploration; lumbar', '63042', '1', 'major', '41', NULL, NULL, NULL, NULL, '2016-12-19 02:33:40', '2016-12-19 02:33:40'),
(1387, 51, 'Laminectomy, facetectomy and foraminotomy (unilateral or bilateral decompression of spinal cord, cauda equina and/or nerve root (s), (eg, spinal or lateral recess stenosis), single vertebral segment; cervical', '63045', '1', 'major', '41', NULL, NULL, NULL, NULL, '2016-12-19 02:33:40', '2016-12-19 02:33:40'),
(1388, 51, 'Laminectomy, facetectomy and foraminotomy (unilateral or bilateral decompression of spinal cord, cauda equina and/or nerve root (s), (eg, spinal or lateral recess stenosis), single vertebral segment; thoracic', '63046', '1', 'major', '41', NULL, NULL, NULL, NULL, '2016-12-19 02:33:40', '2016-12-19 02:33:40'),
(1389, 51, 'Laminectomy, facetectomy and foraminotomy (unilateral or bilateral decompression of spinal cord, cauda equina and/or nerve root (s), (eg, spinal or lateral recess stenosis), single vertebral segment; lumbar', '63047', '1', 'major', '41', NULL, NULL, NULL, NULL, '2016-12-19 02:33:40', '2016-12-19 02:33:40'),
(1390, 51, 'Transpedicular approach w/ decompression of spinal cord, equina and/or neve root (s) (eg, herniated intervertebral disk), single segment; thoracic', '63055', '1', 'major', '53', NULL, NULL, NULL, NULL, '2016-12-19 02:33:40', '2016-12-19 02:33:40'),
(1391, 51, 'Transpedicular approach w/ decompression of spinal cord, equina and/or neve root (s) (eg, herniated intervertebral disk), single segment; lumbar', '63056', '1', 'major', '53', NULL, NULL, NULL, NULL, '2016-12-19 02:33:40', '2016-12-19 02:33:40'),
(1392, 51, 'Costovertebral approach w/ decompression of spinal cord and/or nerve root (s), including osteophytectomy; cervical, single interspace', '63064', '1', 'major', '53', NULL, NULL, NULL, NULL, '2016-12-19 02:33:40', '2016-12-19 02:33:40'),
(1393, 51, 'Diskectomy, anterior, w/ decompression of spinal cord and/or nerve root (s), including osteophytectomy; cervical, single interspace', '63075', '1', 'major', '3', NULL, NULL, NULL, NULL, '2016-12-19 02:33:40', '2016-12-19 02:33:40'),
(1394, 51, 'Diskectomy, anterior, w/ decompression of spinal cord and/or nerve root (s), including osteophytectomy;thoracic, single interspace', '63077', '1', 'major', '3', NULL, NULL, NULL, NULL, '2016-12-19 02:33:40', '2016-12-19 02:33:40'),
(1395, 51, 'Vertebral corpectomy (vertebral body resection), partial or complete, anterior approach w/ decompression of spinal cord and/or nerve root (s); cervical single segment', '63081', '1', 'major', '3', NULL, NULL, NULL, NULL, '2016-12-19 02:33:40', '2016-12-19 02:33:40'),
(1396, 51, 'Vertebral corpectomy (vertebral body resection), partial or complete, transthoracic approach w/ decompression of spinal cord and/or nerve root (s); thoracic, single segment', '63085', '1', 'major', '3', NULL, NULL, NULL, NULL, '2016-12-19 02:33:40', '2016-12-19 02:33:40'),
(1397, 51, 'Vertebral corpectomy (vertebral body resection), partial or complete, combined thoracolumbar approach w/ decompression of spinal cord, caudia equin or nerve root (s), lower  thoracic or lumbar; single segment', '63087', '1', 'major', '3', NULL, NULL, NULL, NULL, '2016-12-19 02:33:40', '2016-12-19 02:33:40'),
(1398, 51, 'Vertebral corpectomy (vertebral body resection), partial or complete, transperitoneal or retroperitoneal approach w/ decompression of spinal cord, caudia equina or nerve root (s); lower thoracic, lumbar, or sacral; single segment', '63090', '1', 'major', '3', NULL, NULL, NULL, NULL, '2016-12-19 02:33:40', '2016-12-19 02:33:40'),
(1399, 51, 'Laminectomy w/ myelotomy (eg, Bischof or DREZ type), cervical thoracic, or thoracolumbar', '63170', '1', 'major', '29', NULL, NULL, NULL, NULL, '2016-12-19 02:33:40', '2016-12-19 02:33:40'),
(1400, 51, 'Laminectomy w/ drainage of intramedullary cyst/ syrinx; to subarachnoid space', '63172', '1', 'major', '29', NULL, NULL, NULL, NULL, '2016-12-19 02:33:40', '2016-12-19 02:33:40'),
(1401, 51, 'Laminectomy w/ drainage of intramedullary cyst/ syrinx; to peritoneal space', '63173', '1', 'major', '29', NULL, NULL, NULL, NULL, '2016-12-19 02:33:40', '2016-12-19 02:33:40'),
(1402, 51, 'Laminectomy and section of dentate ligaments, w/ or w/o dular graft, cervical; one of two segments', '63180', '1', 'major', '29', NULL, NULL, NULL, NULL, '2016-12-19 02:33:40', '2016-12-19 02:33:40'),
(1403, 51, 'Laminectomy and section of dentate ligaments, w/ or w/o dular graft, cervical; more than two segments', '63182', '1', 'major', '29', NULL, NULL, NULL, NULL, '2016-12-19 02:33:40', '2016-12-19 02:33:40'),
(1404, 51, 'Laminectomy w/ rhizotomy; one or two segments', '63185', '1', 'major', '29', NULL, NULL, NULL, NULL, '2016-12-19 02:33:40', '2016-12-19 02:33:40'),
(1405, 51, 'Laminectomy w/ rhizotomy; more than two segments', '63190', '1', 'major', '29', NULL, NULL, NULL, NULL, '2016-12-19 02:33:40', '2016-12-19 02:33:40'),
(1406, 51, 'Laminectomy w/ section of spinal accessory nerve', '63191', '1', 'major', '29', NULL, NULL, NULL, NULL, '2016-12-19 02:33:40', '2016-12-19 02:33:40'),
(1407, 51, 'Laminectomy w/ cordotomy, w/ section of one spinothalamic tract, one stage; cervical', '63194', '1', 'major', '29', NULL, NULL, NULL, NULL, '2016-12-19 02:33:40', '2016-12-19 02:33:40'),
(1408, 51, 'Laminectomy w/ cordotomy, w/ section of one spinothalamic tract, one stage; thoracic', '63195', '1', 'major', '29', NULL, NULL, NULL, NULL, '2016-12-19 02:33:40', '2016-12-19 02:33:40'),
(1409, 51, 'Laminectomy w/ cordotomy, w/ section of both spinothalamic tracts, one stage; cervical', '63196', '1', 'major', '29', NULL, NULL, NULL, NULL, '2016-12-19 02:33:40', '2016-12-19 02:33:40'),
(1410, 51, 'Laminectomy w/ cordotomy, w/ section of both spinothalamic tracts, one stage; thoracic', '63197', '1', 'major', '29', NULL, NULL, NULL, NULL, '2016-12-19 02:33:40', '2016-12-19 02:33:40'),
(1411, 51, 'Laminectomy w/ cordotomy, w/ section of both spinothalamic tracts,  two stages w/in 14 days; cervical', '63198', '1', 'major', '29', NULL, NULL, NULL, NULL, '2016-12-19 02:33:40', '2016-12-19 02:33:40'),
(1412, 51, 'Laminectomy w/ cordotomy, w/ section of both spinothalamic tracts,  two stages w/in 14 days; thoracic', '63199', '1', 'major', '29', NULL, NULL, NULL, NULL, '2016-12-19 02:33:40', '2016-12-19 02:33:40'),
(1413, 51, 'Laminectomy, w/ release of tethered spinal cord, lumbar', '63200', '1', 'major', '29', NULL, NULL, NULL, NULL, '2016-12-19 02:33:40', '2016-12-19 02:33:40'),
(1414, 51, 'Laminectomy for excision or occlusion of arteriovenous malformation of spinal cord; cervical', '63250', '1', 'major', '14', NULL, NULL, NULL, NULL, '2016-12-19 02:33:40', '2016-12-19 02:33:40'),
(1415, 51, 'Laminectomy for excision or occlusion of arteriovenous malformation of spinal cord; thoracic', '63251', '1', 'major', '14', NULL, NULL, NULL, NULL, '2016-12-19 02:33:40', '2016-12-19 02:33:40'),
(1416, 51, 'Laminectomy for excision or occlusion of arteriovenous malformation of spinal cord; thoracolumbar', '63252', '1', 'major', '14', NULL, NULL, NULL, NULL, '2016-12-19 02:33:40', '2016-12-19 02:33:40'),
(1417, 51, 'Laminectomy for excision or evacuation of intraspinal lesion other than neoplasm; extradural; cervical', '63265', '1', 'major', '14', NULL, NULL, NULL, NULL, '2016-12-19 02:33:40', '2016-12-19 02:33:40'),
(1418, 51, 'Laminectomy for excision or evacuation of intraspinal lesion other than neoplasm; extradural; thoracic', '63266', '1', 'major', '14', NULL, NULL, NULL, NULL, '2016-12-19 02:33:40', '2016-12-19 02:33:40'),
(1419, 51, 'Laminectomy for excision or evacuation of intraspinal lesion other than neoplasm; extradural; lumbar', '63267', '1', 'major', '14', NULL, NULL, NULL, NULL, '2016-12-19 02:33:40', '2016-12-19 02:33:40'),
(1420, 51, 'Laminectomy for excision or evacuation of intraspinal lesion other than neoplasm; extradural; sacral', '63268', '1', 'major', '14', NULL, NULL, NULL, NULL, '2016-12-19 02:33:40', '2016-12-19 02:33:40'),
(1421, 51, 'Laminectomy for excision of intraspinal lesion other than neoplasm; intradural; cervical', '63270', '1', 'major', '14', NULL, NULL, NULL, NULL, '2016-12-19 02:33:40', '2016-12-19 02:33:40'),
(1422, 51, 'Laminectomy for excision of intraspinal lesion other than neoplasm; intradural; thoracic', '63271', '1', 'major', '14', NULL, NULL, NULL, NULL, '2016-12-19 02:33:40', '2016-12-19 02:33:40'),
(1423, 51, 'Laminectomy for excision of intraspinal lesion other than neoplasm; intradural; lumbar', '63272', '1', 'major', '14', NULL, NULL, NULL, NULL, '2016-12-19 02:33:40', '2016-12-19 02:33:40'),
(1424, 51, 'Laminectomy for excision of intraspinal lesion other than neoplasm; intradural;sacral', '63273', '1', 'major', '14', NULL, NULL, NULL, NULL, '2016-12-19 02:33:40', '2016-12-19 02:33:40'),
(1425, 51, 'Laminectomy for biopsy/excision of intraspinal neoplasm; extradural, cervical', '63275', '1', 'major', '14', NULL, NULL, NULL, NULL, '2016-12-19 02:33:40', '2016-12-19 02:33:40'),
(1426, 51, 'Laminectomy for biopsy/excision of intraspinal neoplasm; extradural, thoracic', '63276', '1', 'major', '14', NULL, NULL, NULL, NULL, '2016-12-19 02:33:40', '2016-12-19 02:33:40'),
(1427, 51, 'Laminectomy for biopsy/excision of intraspinal neoplasm; extradural, lumbar', '63277', '1', 'major', '14', NULL, NULL, NULL, NULL, '2016-12-19 02:33:40', '2016-12-19 02:33:40'),
(1428, 51, 'Laminectomy for biopsy/excision of intraspinal neoplasm; extradural, sacral', '63278', '1', 'major', '14', NULL, NULL, NULL, NULL, '2016-12-19 02:33:40', '2016-12-19 02:33:40'),
(1429, 51, 'Laminectomy for biopsy/excision of intraspinal neoplasm; intradural, extramedullary, cervical', '63280', '1', 'major', '14', NULL, NULL, NULL, NULL, '2016-12-19 02:33:40', '2016-12-19 02:33:40'),
(1430, 51, 'Laminectomy for biopsy/excision of intraspinal neoplasm; intradural, extramedullary, thoracic', '63281', '1', 'major', '14', NULL, NULL, NULL, NULL, '2016-12-19 02:33:40', '2016-12-19 02:33:40'),
(1431, 51, 'Laminectomy for biopsy/excision of intraspinal neoplasm; intradural, extramedullary, lumbar', '63282', '1', 'major', '14', NULL, NULL, NULL, NULL, '2016-12-19 02:33:40', '2016-12-19 02:33:40'),
(1432, 51, 'Laminectomy for biopsy/excision of intraspinal neoplasm; intradural, sacral', '63283', '1', 'major', '14', NULL, NULL, NULL, NULL, '2016-12-19 02:33:40', '2016-12-19 02:33:40'),
(1433, 51, 'Laminectomy for biopsy/excision of intraspinal neoplasm; intradural, intramedullary, cervical', '63285', '1', 'major', '14', NULL, NULL, NULL, NULL, '2016-12-19 02:33:40', '2016-12-19 02:33:40'),
(1434, 51, 'Laminectomy for biopsy/excision of intraspinal neoplasm; intradural, intramedullary, thoracic', '63286', '1', 'major', '14', NULL, NULL, NULL, NULL, '2016-12-19 02:33:40', '2016-12-19 02:33:40'),
(1435, 51, 'Laminectomy for biopsy/excision of intraspinal neoplasm; intradural, intramedullary, thoracolumbar', '63287', '1', 'major', '14', NULL, NULL, NULL, NULL, '2016-12-19 02:33:40', '2016-12-19 02:33:40'),
(1436, 51, 'Laminectomy for biopsy/excision of intraspinal neoplasm; combined extradural-intradural lesion, any level', '63290', '1', 'major', '14', NULL, NULL, NULL, NULL, '2016-12-19 02:33:40', '2016-12-19 02:33:40'),
(1437, 51, 'Vertebral corpectomy (vertebral body resection), partial or complete, for excision of intraspinal lesion, single segment; extradural, cervical', '63300', '1', 'major', '15', NULL, NULL, NULL, NULL, '2016-12-19 02:33:40', '2016-12-19 02:33:40'),
(1438, 51, 'Vertebral corpectomy (vertebral body resection), partial or complete, for excision of intraspinal lesion, single segment; extradural, thoracic by transthoracic approach', '63301', '1', 'major', '15', NULL, NULL, NULL, NULL, '2016-12-19 02:33:40', '2016-12-19 02:33:40'),
(1439, 51, 'Vertebral corpectomy (vertebral body resection), partial or complete, for excision of intraspinal lesion, single segment; extradural, thoracic by thoracolumbar approach', '63302', '1', 'major', '15', NULL, NULL, NULL, NULL, '2016-12-19 02:33:40', '2016-12-19 02:33:40'),
(1440, 51, 'Vertebral corpectomy (vertebral body resection), partial or complete, for excision of intraspinal lesion, single segment; extradural, lumbar or sacral by transperitoneal or retroperitoneal approach', '63303', '1', 'major', '15', NULL, NULL, NULL, NULL, '2016-12-19 02:33:40', '2016-12-19 02:33:40'),
(1441, 51, 'Vertebral corpectomy (vertebral body resection), partial or complete, for excision of intraspinal lesion, single segment; intradural, cervical', '63304', '1', 'major', '15', NULL, NULL, NULL, NULL, '2016-12-19 02:33:40', '2016-12-19 02:33:40'),
(1442, 51, 'Vertebral corpectomy (vertebral body resection), partial or complete, for excision of intraspinal lesion, single segment; intradural,thoracic by transthoracic approach', '63305', '1', 'major', '15', NULL, NULL, NULL, NULL, '2016-12-19 02:33:40', '2016-12-19 02:33:40'),
(1443, 51, 'Vertebral corpectomy (vertebral body resection), partial or complete, for excision of intraspinal lesion, single segment; intradural,thoracic by thoracolumbar approach', '63306', '1', 'major', '15', NULL, NULL, NULL, NULL, '2016-12-19 02:33:40', '2016-12-19 02:33:40'),
(1444, 51, 'Vertebral corpectomy (vertebral body resection), partial or complete, for excision of intraspinal lesion, single segment; intradural, lumbar or sacral by transperitoneal or retroperitoneal approach', '63307', '1', 'major', '15', NULL, NULL, NULL, NULL, '2016-12-19 02:33:40', '2016-12-19 02:33:40'),
(1445, 51, 'Creation of lesion of spinal cord by stereotactic method, percutaneous, any modality (including stimulation and/or recording)', '63600', '1', 'major', '52', NULL, NULL, NULL, NULL, '2016-12-19 02:33:40', '2016-12-19 02:33:40'),
(1446, 51, 'Stereotactic stimulation of spinal cord, percutaneous, separate procedure not followed by other surgery', '63610', '1', 'major', '52', NULL, NULL, NULL, NULL, '2016-12-19 02:33:40', '2016-12-19 02:33:40'),
(1447, 51, 'Stereotactic biopsy, aspiration, or excision of lesion, spinal cord', '63615', '1', 'major', '52', NULL, NULL, NULL, NULL, '2016-12-19 02:33:40', '2016-12-19 02:33:40'),
(1448, 51, 'Percutaneous implantation of neurostimulator electrodes; epidural', '63650', '1', 'major', '36', NULL, NULL, NULL, NULL, '2016-12-19 02:33:40', '2016-12-19 02:33:40'),
(1449, 51, 'Laminectomy for implantation of neurostimulator electrodes; epidural', '63655', '1', 'major', '36', NULL, NULL, NULL, NULL, '2016-12-19 02:33:40', '2016-12-19 02:33:40'),
(1450, 51, 'Incision and subscutaneous placement of spinal neurostimulator pulse geberator or receiver, direct or inductive coupling', '63685', '1', 'major', '36', NULL, NULL, NULL, NULL, '2016-12-19 02:33:40', '2016-12-19 02:33:40'),
(1451, 51, 'Repair of meningocele; less than 5cm diameter', '63700', '1', 'major', '43', NULL, NULL, NULL, NULL, '2016-12-19 02:33:40', '2016-12-19 02:33:40'),
(1452, 51, 'Repair of meningocele; larger than 5 diameter', '63702', '1', 'major', '43', NULL, NULL, NULL, NULL, '2016-12-19 02:33:40', '2016-12-19 02:33:40'),
(1453, 51, 'Repair of myelomeningocele; less than 5cm diameter', '63704', '1', 'major', '43', NULL, NULL, NULL, NULL, '2016-12-19 02:33:40', '2016-12-19 02:33:40'),
(1454, 51, 'Repair of myelomeningocele; larger than 5 diameter', '63706', '1', 'major', '43', NULL, NULL, NULL, NULL, '2016-12-19 02:33:40', '2016-12-19 02:33:40'),
(1455, 51, 'Repair of dural/ CSF leak, not requiring laminectomy', '63707', '1', 'major', '43', NULL, NULL, NULL, NULL, '2016-12-19 02:33:40', '2016-12-19 02:33:40'),
(1456, 51, 'Repair of dural/ CSF leak or pseudomeningicele, w/ laminectomy', '63709', '1', 'major', '43', NULL, NULL, NULL, NULL, '2016-12-19 02:33:40', '2016-12-19 02:33:40'),
(1457, 51, 'Dural graft, spinal', '63710', '1', 'major', '43', NULL, NULL, NULL, NULL, '2016-12-19 02:33:40', '2016-12-19 02:33:40'),
(1458, 51, 'Creation of shunt, lumbar, subarachnoid-peritoneal, -pleural, or other; including laminectomy', '63740', '1', 'major', '49', NULL, NULL, NULL, NULL, '2016-12-19 02:33:40', '2016-12-19 02:33:40'),
(1459, 51, 'Creation of shunt, lumbar, subarachnoid-peritoneal, -pleural, or other; percutaneous, not requiring laminectomy', '63741', '1', 'major', '49', NULL, NULL, NULL, NULL, '2016-12-19 02:33:40', '2016-12-19 02:33:40'),
(1460, 50, 'w/ ostectomy', '15933', '1', 'major', '42', NULL, NULL, NULL, NULL, '2016-12-19 02:33:40', '2016-12-19 02:33:40'),
(1461, 25, 'Replantation, hand (includes hands through metacarpophalangeal joint(s) ), complete amputation', '20808', '1', 'major', '45', NULL, NULL, NULL, NULL, '2016-12-19 02:33:40', '2016-12-19 02:33:40'),
(1462, 0, 'Closed treatment of vertebral  body fracture(s), without manipulation', '22310', '1', 'major', '0', NULL, NULL, NULL, NULL, '2016-12-19 02:33:40', '2016-12-19 02:33:40'),
(1463, 0, 'Arthrodesis, posterior or posterolateral technique with local bone or bone allograft and/or internal fixation;thoracic', '22610', '1', 'major', '0', NULL, NULL, NULL, NULL, '2016-12-19 02:33:40', '2016-12-19 02:33:40'),
(1464, 0, 'Posterior Instrumentation with segmental fixation(eg, pedicle fixation, dual rods with multiple hooks and sublaminal wires)', '22842', '1', 'major', '0', NULL, NULL, NULL, NULL, '2016-12-19 02:33:40', '2016-12-19 02:33:40'),
(1465, 0, 'Arthrodesis, posterior, for spinal deformity, with or without cast with bone graft; 7or more vertebrae', '22802', '1', 'major', '0', NULL, NULL, NULL, NULL, '2016-12-19 02:33:40', '2016-12-19 02:33:40'),
(1466, 0, 'Arthrodesis, lateral transverse process technique with local bone or bone allograft and /or internal fixation, lumbar', '22625', '1', 'major', '0', NULL, NULL, NULL, NULL, '2016-12-19 02:33:40', '2016-12-19 02:33:40'),
(1467, 0, 'Aclasta Infusion', '00111', '1', 'minor', '0', NULL, NULL, NULL, NULL, '2016-12-19 02:33:40', '2016-12-19 02:33:40'),
(1468, 51, 'Anterior Interbody Fusion, Cervical, first interspace', '22554', '1', 'major', '0', NULL, NULL, NULL, NULL, '2016-12-19 02:33:40', '2016-12-19 02:33:40'),
(1469, 51, 'Anterior Interbody Fusion, Cervical, each additional interspace', '22845', '1', 'major', '0', NULL, NULL, NULL, NULL, '2016-12-19 02:33:40', '2016-12-19 02:33:40'),
(1470, 51, 'Anterior Instrumentation, 4-7vertebral segments', '22846', '1', 'major', '0', NULL, NULL, NULL, NULL, '2016-12-19 02:33:40', '2016-12-19 02:33:40'),
(1471, 51, 'Anterior Instrumentation, 8 or more vertebral segments', '22847', '1', 'major', '0', NULL, NULL, NULL, NULL, '2016-12-19 02:33:40', '2016-12-19 02:33:40'),
(1472, 51, 'Anterior Interbody Fusion, Cervical, each additional interspace', '22585', '1', 'major', '0', NULL, NULL, NULL, NULL, '2016-12-19 02:33:40', '2016-12-19 02:33:40'),
(1473, 51, 'Laminotomy(hemilaminectomy) with decompression of nerve root(s), including partial facetectomy, foraminotomy and /or excision of herniated intervertebral disc, each additional interspace, cervical or lumbar', '63035', '1', 'major', '0', NULL, NULL, NULL, NULL, '2016-12-19 02:33:40', '2016-12-19 02:33:40'),
(1474, 51, 'Arthrodesis, posterior interbody technique with bone or bone allograft and/or internal wire fixation, lumbar\\r\\n.', '22630', '1', 'major', '0', NULL, NULL, NULL, NULL, '2016-12-19 02:33:40', '2016-12-19 02:33:40'),
(1475, 22, 'Carpal Tunnel Release', '64721', '1', 'minor', '0', NULL, NULL, NULL, NULL, '2016-12-19 02:33:40', '2016-12-19 02:33:40'),
(1476, 51, 'Arthrodesis, anterior, for spinal deformity, with or without cast, with bone graft; 4-7 vertebrae', '22810', '1', 'major', '0', NULL, NULL, NULL, NULL, '2016-12-19 02:33:40', '2016-12-19 02:33:40'),
(1477, 51, 'Arthrodesis, anterior, for spinal deformity with or without cat with bone graft, 0 or more vertebrae', '22812', '1', 'major', '0', NULL, NULL, NULL, NULL, '2016-12-19 02:33:40', '2016-12-19 02:33:40');

-- --------------------------------------------------------

--
-- Table structure for table `diagnosis`
--

CREATE TABLE `diagnosis` (
  `id` int(10) UNSIGNED NOT NULL,
  `patientID` int(11) NOT NULL,
  `doctorID` int(11) DEFAULT NULL,
  `appointmentID` int(11) DEFAULT NULL,
  `preparedByID` int(11) DEFAULT NULL,
  `chiefComplaint` text COLLATE utf8_unicode_ci,
  `historyIllness` text COLLATE utf8_unicode_ci,
  `bodyTemperature` varchar(255) COLLATE utf8_unicode_ci DEFAULT NULL,
  `bloodPressure` varchar(255) COLLATE utf8_unicode_ci DEFAULT NULL,
  `respirationRate` varchar(255) COLLATE utf8_unicode_ci DEFAULT NULL,
  `pulseRate` varchar(255) COLLATE utf8_unicode_ci DEFAULT NULL,
  `medicalHistory` text COLLATE utf8_unicode_ci,
  `initialDiagnosis` text COLLATE utf8_unicode_ci,
  `physicalExam` text COLLATE utf8_unicode_ci,
  `services` varchar(255) COLLATE utf8_unicode_ci DEFAULT NULL,
  `type` varchar(30) COLLATE utf8_unicode_ci DEFAULT NULL,
  `code` varchar(30) COLLATE utf8_unicode_ci DEFAULT NULL,
  `category` varchar(30) COLLATE utf8_unicode_ci DEFAULT NULL,
  `plan` text COLLATE utf8_unicode_ci,
  `pay` enum('charity','company','hmo','insurance','personal') COLLATE utf8_unicode_ci DEFAULT 'personal',
  `referringDoctor` text COLLATE utf8_unicode_ci,
  `labs` text COLLATE utf8_unicode_ci,
  `imaging` text COLLATE utf8_unicode_ci,
  `accident` varchar(15) COLLATE utf8_unicode_ci DEFAULT 'f',
  `painLevel` tinyint(4) DEFAULT NULL,
  `allergies` text COLLATE utf8_unicode_ci,
  `currentMedications` text COLLATE utf8_unicode_ci,
  `date` date DEFAULT NULL,
  `timeStart` time DEFAULT NULL,
  `timeEnd` time DEFAULT NULL,
  `certRemarks` text COLLATE utf8_unicode_ci,
  `certPurpose` text COLLATE utf8_unicode_ci,
  `symptoms` varchar(100) COLLATE utf8_unicode_ci DEFAULT NULL,
  `deleted_at` timestamp NULL DEFAULT NULL,
  `created_at` timestamp NOT NULL DEFAULT CURRENT_TIMESTAMP,
  `updated_at` timestamp NOT NULL DEFAULT CURRENT_TIMESTAMP
) ENGINE=InnoDB DEFAULT CHARSET=utf8 COLLATE=utf8_unicode_ci;

--
-- Dumping data for table `diagnosis`
--

INSERT INTO `diagnosis` (`id`, `patientID`, `doctorID`, `appointmentID`, `preparedByID`, `chiefComplaint`, `historyIllness`, `bodyTemperature`, `bloodPressure`, `respirationRate`, `pulseRate`, `medicalHistory`, `initialDiagnosis`, `physicalExam`, `services`, `type`, `code`, `category`, `plan`, `pay`, `referringDoctor`, `labs`, `imaging`, `accident`, `painLevel`, `allergies`, `currentMedications`, `date`, `timeStart`, `timeEnd`, `certRemarks`, `certPurpose`, `symptoms`, `deleted_at`, `created_at`, `updated_at`) VALUES
(1, 2, 2, NULL, NULL, 'The patient comes to the clinic complaining of two days of severe diarrhea and vomiting.', 'The patient is a 41-year-old male who comes in for a consultation.', '37.5', '120/90', '18', '80', '', 'Bacterial Gastroenteritis', '<p><br></p>', 'Adult', 'Consult', 'Gastro Intestinal Track', NULL, 'CBC\\r\\nStool Exam\\r\\nOral rehydration\\r\\nAntimotility medicine', 'hmo', NULL, '', '', '0', 1, 'No patient allergies', 'Lomotil', '2005-06-14', '06:36:00', NULL, 'Bacterial Gastroenteritis', 'Fit to work', NULL, NULL, '2016-03-22 20:47:43', '2016-12-07 19:13:44'),
(2, 3, 1, NULL, NULL, 'vomiting, abdominal pain and loose bowel movements ', 'The patient came to the clinic today due to severe vomiting, abdominal pain and loose bowel movements ', '37.4', '130/80', '16', '75', 'The patient has had asthma when he was a child', 'Bacterial Gastroenteritis', '<p><br></p>', 'Adult', 'Consult', 'Medical', NULL, 'Antibiotics etc', 'hmo', NULL, '3900006::@@', '', '0', 1, 'The patient has no drug or food allergies.', '', '2016-03-28', '09:40:00', NULL, NULL, NULL, NULL, NULL, '2016-03-28 01:45:57', '2017-01-04 02:55:05'),
(3, 5, 3, NULL, NULL, 'wheezes DOB', 'The patient feels tired all day with occasional wheezes', '37', '120/70', '15', '75', 'asthma on mother\'s side', 'bronchial asthma', '<p><br></p>', 'Adult', 'Consult', 'Medical', NULL, 'Seretide two puffs a day, 1-0-1', 'insurance', NULL, '', '', '1', 10, 'no known drug allergies', '', '2016-03-29', '01:11:00', NULL, 'The patient was advised to rest with medications.', 'Fit to work', NULL, NULL, '2016-03-28 17:13:15', '2016-03-28 21:43:35'),
(4, 4, 2, NULL, NULL, 'DOB palpitations high BP for two days now', 'The patient comes to the clinic with the above complaints', '37', '145/100', '19', '90', 'cardiovascular problems in both parent', 'pre-hypertension', '<p><br></p>', 'Adult', 'Consult', 'Cardio', NULL, 'norvasc 500mg once a day, avoid stress', 'personal', NULL, '3900011::@@||3900010::testing2@@yes||3900009::test@@yes||3900008::@@yes||3900007::@@yes||3800003::test@@yes||5400000::test@@no', '', '0', 1, 'none', '', '2016-03-29', '02:41:00', NULL, NULL, NULL, NULL, NULL, '2016-03-28 18:45:14', '2017-01-17 02:32:58'),
(5, 3, 1, NULL, NULL, 'cough', 'The px comes to the clinic with complaints of coughing episodes for x days ', '37', '120/80', '17', '75', 'test', 'upper resp tract infection', '<p><br></p><p>VS:</p><p>HEENT:</p><p>Neck:</p><p>Lungs:</p><p>CV:</p><p>GI:</p><p>GU:</p><p>Pulses:</p><p>Lymphs:</p><p>Extremities:</p><p>Neuro:</p>', 'Adult', 'Consult', 'Pulmo-Resp', NULL, 'meds for x days', 'company', NULL, '', '', '0', 1, 'none', 'none', '2016-04-04', '02:29:00', NULL, NULL, NULL, NULL, NULL, '2016-04-03 18:32:22', '2016-04-03 18:32:22'),
(6, 7, 1, NULL, NULL, 'Diarrhea', 'loose bowel movement', '36', '120/80', '23', '80', '', 'ameobaiasis', '<p><br></p>', 'Adult', 'Consult', 'Medical', NULL, 'Take OMX 2x daily Morning/Evening\\r\\nDrink fluids', 'personal', NULL, '', '', '0', 2, 'none', 'None', '2016-04-04', '07:00:00', NULL, NULL, NULL, NULL, NULL, '2016-04-03 23:09:27', '2016-04-04 18:16:18'),
(7, 7, 1, NULL, NULL, 'pain in shoulder', 'basketball injury. fell on elbow. pain felt when rotating arm.', '36', '110/80', '22', '88', '', 'elbow sprain', '<p><br></p>', 'Sports Injury', 'X-Ray', 'Ortho', NULL, 'immobilization of affected area', 'insurance', NULL, '', '', '1', 3, 'n/a', 'n/a', '2016-04-05', '12:30:00', NULL, NULL, NULL, NULL, NULL, '2016-04-04 00:48:15', '2016-04-04 01:23:53'),
(8, 5, 1, NULL, NULL, 'test', 'Low Blood', '36', '', '', '', '', '', '<span style=\"font-weight: bold;\">qwe</span>', 'Adult', 'Consult', 'Medical', NULL, '', 'charity', NULL, '', '', '0', 5, 'None', '', '2016-04-04', '08:26:00', NULL, NULL, NULL, NULL, '2016-04-04 01:39:01', '2016-04-04 00:49:52', '2016-04-04 01:39:01'),
(9, 5, 2, NULL, NULL, 'Test', 'Test', 'ffsdfsfsd', 'dsdsdfs', 'fdsfsfsfd', 'sfdsfdsfdsf', 'weew', '', '<p>fsdfsdfs</p>', 'Sports Injury', 'Consult', 'Medical', NULL, '', 'charity', NULL, '', '', '1', 7, '', '', '2017-03-09', '21:40:00', NULL, NULL, NULL, NULL, '2016-04-04 01:38:55', '2016-04-04 01:37:04', '2016-04-04 01:38:55'),
(10, 8, 1, NULL, NULL, 'test', 'test', '', '', '', '', '', '', '<p>test</p>', 'Adult', 'Consult', 'Medical', NULL, '', 'charity', NULL, '', '', '0', 1, '', '', '2016-05-31', '01:11:00', NULL, NULL, NULL, NULL, NULL, '2016-05-30 17:12:59', '2016-05-30 17:12:59'),
(11, 5, 1, NULL, NULL, 'sadf', 'fgdfg', '', '1/1', '', '', '', 'adf', '<p><br></p><p>VS:</p><p>HEENT:</p><p>Neck:</p><p>Lungs:</p><p>CV:</p><p>GI:</p><p>GU:</p><p>Pulses:</p><p>Lymphs:</p><p>Extremities:</p><p>Neuro:</p>', 'Adult', 'Consult', 'Medical', NULL, '', 'charity', NULL, '', '', '0', 1, '', '', '2016-05-31', '01:34:00', NULL, NULL, NULL, NULL, NULL, '2016-05-30 17:37:21', '2016-05-31 18:17:04'),
(12, 9, 2, NULL, NULL, 'DIARRHEA', 'A WEEK OF WATERY DIARRHEA. no fever.', '37.6', '130/70', '15', '78', 'IBS', 'GE', '<p>LUNG: <span style=\"font-style: italic; text-decoration: underline;\">MHDGJSDSKD</span></p><p><span style=\"text-decoration: line-through;\">HEART</span></p><p style=\"line-height: 1.6;\">FHGJHG</p><p>VS:</p><p>HEENT:</p><p>Neck:</p><p>Lungs:</p><p>CV:</p><p>GI:</p><p>GU:</p><p>Pulses:</p><p>Lymphs:</p><p>Extremities:</p><p>Neuro:</p>', 'Adult', 'Consult', 'Medical', NULL, '1. DIET\\r\\n2. IOFI', 'personal', NULL, '', '', '0', 3, 'PENICILLINE', '', '2016-05-31', '18:08:00', NULL, NULL, NULL, NULL, NULL, '2016-05-30 23:28:02', '2016-05-30 23:36:58'),
(13, 5, 1, NULL, NULL, 'test', 'test', '', '234/434', '', '', 'test', '', '<p>test<br></p>', 'Adult', 'Consult', 'Medical', NULL, '', 'charity', NULL, '', 'test', '0', 1, '', '', '2016-05-31', '08:50:00', NULL, NULL, NULL, NULL, NULL, '2016-05-31 00:51:00', '2016-05-31 00:51:00'),
(14, 12, 2, NULL, NULL, 'sore throat', 'for 3 days fever sore throat', '37', '120/70', '12', '80', 'asthma', 'tonsillitis', '<p><br></p><p>heart: NSR, NO MURMUR</p><p>LUNGS: nbs, NO DMFDJKH</p><p>EARS: ,KKJDFK</p><p>ORAL: MJHKJH</p><p>LN: enlargent</p>', 'Adult', 'Consult', 'Medical', NULL, 'strepsils', 'charity', NULL, '', '', '0', 1, 'penicilline', 'ventolin', '2016-06-05', '08:08:00', NULL, NULL, NULL, NULL, NULL, '2016-06-05 00:12:07', '2016-06-05 00:12:07'),
(15, 9, 1, NULL, NULL, 'abdominal pain', 'ASEsf', '', '', '', '', 'IBS', '', '<p><br></p>', 'Adult', 'Consult', 'Medical', NULL, '', 'charity', NULL, '', '', '0', 1, '', '', '2016-06-05', '08:19:00', NULL, NULL, NULL, NULL, NULL, '2016-06-05 00:19:55', '2016-06-05 00:20:15'),
(16, 14, 1, NULL, NULL, 'test', 'test', '', '', '', '', '', '', '<p>test<br></p>', 'Adult', 'Consult', 'Medical', NULL, '', 'charity', NULL, '', 'test', '0', 1, '', '', '2016-09-21', '05:50:00', NULL, NULL, NULL, NULL, NULL, '2016-09-20 21:50:19', '2016-09-20 21:50:19'),
(200000, 200000, 2, 0, 0, '', '', ' / ', '', '', '', '', '', '', '', '', '', '', '', '', '', '', '', '0.0', 0, '', '', '2016-12-07', '16:00:02', '00:00:00', '', '', NULL, NULL, '2016-12-07 08:00:04', '2016-12-07 08:00:04'),
(200001, 14, 2, 0, 0, 'hfhk', '', ' / ', '', '', '', '', '', '', '', '', '', '', '', '', '', '3900005::Positive@@yes', '', '0.0', 0, '', '', '2016-12-07', '16:16:34', '00:00:00', '', '', NULL, NULL, '2016-12-07 08:16:50', '2017-01-05 01:52:29'),
(200002, 2, 2, NULL, NULL, 'Back pain and right shoulder pain', 'Patient complains of an exacerbation of her back pain that has been escalating over the past couple of weeks. His right shoulder has also been causing severe discomfort that has increased over the past several days.', '', '', '', '', 'Treated hypertension, treated depression, allergic rhinitis, diabetes mellitus type 2, tobacco abuse', '', '<p style=\"margin-bottom: 1em; padding: 0px; color: rgb(50, 50, 50); font-family: franklin-gothic-urw, &quot;Franklin Gothic Book&quot;, &quot;Helvetica Neue&quot;, Helvetica, Arial, sans-serif; font-size: 16px; line-height: 22.88px;\"><span style=\"margin: 0px; padding: 0px; font-style: italic;\">Vital signs</span>: Ht 149.9cm Wt 62.8kg HR 98 BP 131/76 Temp 36.9 C Pain 6/10, O2 sat 95% on RA</p><p style=\"margin-bottom: 1em; padding: 0px; color: rgb(50, 50, 50); font-family: franklin-gothic-urw, &quot;Franklin Gothic Book&quot;, &quot;Helvetica Neue&quot;, Helvetica, Arial, sans-serif; font-size: 16px; line-height: 22.88px;\"><span style=\"margin: 0px; padding: 0px; font-style: italic;\">General</span>: Patient appears stated age and in some pain, but not acutely distressed. Sitting in wheelchair. Well-nourished.</p><p style=\"margin-bottom: 1em; padding: 0px; color: rgb(50, 50, 50); font-family: franklin-gothic-urw, &quot;Franklin Gothic Book&quot;, &quot;Helvetica Neue&quot;, Helvetica, Arial, sans-serif; font-size: 16px; line-height: 22.88px;\"><span style=\"margin: 0px; padding: 0px; font-style: italic;\">HEENT</span>: Oropharynx is symmetrical and slightly red with prominent tonsils but no exudates. Oral cavity and nasopharynx are moist and pink. TMs appear normal.</p><p style=\"margin-bottom: 1em; padding: 0px; color: rgb(50, 50, 50); font-family: franklin-gothic-urw, &quot;Franklin Gothic Book&quot;, &quot;Helvetica Neue&quot;, Helvetica, Arial, sans-serif; font-size: 16px; line-height: 22.88px;\"><span style=\"margin: 0px; padding: 0px; font-style: italic;\">Lymph nodes</span>: Non-tender, no palpable masses</p><p style=\"margin-bottom: 1em; padding: 0px; color: rgb(50, 50, 50); font-family: franklin-gothic-urw, &quot;Franklin Gothic Book&quot;, &quot;Helvetica Neue&quot;, Helvetica, Arial, sans-serif; font-size: 16px; line-height: 22.88px;\"><span style=\"margin: 0px; padding: 0px; font-style: italic;\">Neck</span>: Single 1cm palpable left posterior cervical lymph node. No thyromegaly or increased JVD.</p><p style=\"margin-bottom: 1em; padding: 0px; color: rgb(50, 50, 50); font-family: franklin-gothic-urw, &quot;Franklin Gothic Book&quot;, &quot;Helvetica Neue&quot;, Helvetica, Arial, sans-serif; font-size: 16px; line-height: 22.88px;\"><span style=\"margin: 0px; padding: 0px; font-style: italic;\">Cardiovascular</span>: Regular rate and rhythm. Normal S1, S2. No M/G/R</p><p style=\"margin-bottom: 1em; padding: 0px; color: rgb(50, 50, 50); font-family: franklin-gothic-urw, &quot;Franklin Gothic Book&quot;, &quot;Helvetica Neue&quot;, Helvetica, Arial, sans-serif; font-size: 16px; line-height: 22.88px;\"><span style=\"margin: 0px; padding: 0px; font-style: italic;\">Chest</span>: Scattered wheezes heard bilaterally. No rhonchi or rales. Egophony produces E sound equally over all lobes.</p><p style=\"margin-bottom: 1em; padding: 0px; color: rgb(50, 50, 50); font-family: franklin-gothic-urw, &quot;Franklin Gothic Book&quot;, &quot;Helvetica Neue&quot;, Helvetica, Arial, sans-serif; font-size: 16px; line-height: 22.88px;\"><span style=\"margin: 0px; padding: 0px; font-style: italic;\">Abdominal</span>: Nontender, nondistended.</p><p style=\"margin-bottom: 1em; padding: 0px; color: rgb(50, 50, 50); font-family: franklin-gothic-urw, &quot;Franklin Gothic Book&quot;, &quot;Helvetica Neue&quot;, Helvetica, Arial, sans-serif; font-size: 16px; line-height: 22.88px;\"><span style=\"margin: 0px; padding: 0px; font-style: italic;\">Rectal</span>: not examined</p>', 'Adult', 'Consult', 'Medical', NULL, '', 'insurance', NULL, '', '', '1', 6, '', '', '2000-11-16', '11:38:00', NULL, NULL, NULL, NULL, NULL, '2016-12-07 18:44:13', '2016-12-07 19:53:53'),
(200003, 2, 2, NULL, NULL, 'Patient having chest pains for the last week', 'Since the initial chest pain one week ago she has had 2 additional episodes of pain, similar in quality and location to the first episode. Three days ago she had a 15 minute episode of pain while walking her dog, which resolved with rest. ', '', '', '', '', 'Total abdominal hysterectomy and bilateral', 'The patients description of dull, aching, exertion related substernal chest pain is suggestive of ischemic cardiac origin. Her findings of a FH of early ASCVD, hypertension, and early surgical menopause are pertinent risk factors for development of coronary artery disease. ', '<p><br></p>', 'Adult', 'Consult', 'Medical', NULL, '', 'charity', NULL, '', '', '0', 1, 'Penicillin', '', '2016-12-08', '15:49:00', NULL, NULL, NULL, NULL, NULL, '2016-12-07 18:51:10', '2016-12-07 19:42:52'),
(200004, 2, 2, NULL, NULL, 'Abdominal pain over the past 3-4 months', 'The abdominal pain has not changed or worsened acutely; He seeks care for the pain at this time because he is now covered by Medicare. The pain is located in the epigastric region and left upper quadrant of the abdomen.', '', '', '', '', '', '', '<p style=\"margin-bottom: 1em; padding: 0px; color: rgb(50, 50, 50); font-family: franklin-gothic-urw, \" franklin=\"\" gothic=\"\" book\",=\"\" \"helvetica=\"\" neue\",=\"\" helvetica,=\"\" arial,=\"\" sans-serif;=\"\" font-size:=\"\" 16px;=\"\" line-height:=\"\" 22.88px;\"=\"\"><span style=\"margin: 0px; padding: 0px; font-style: italic;\">Vital signs</span>: Ht 510 Wt 160lbs HR 72 RR 16 BP 126/78 Temp Not measured</p><p style=\"margin-bottom: 1em; padding: 0px; color: rgb(50, 50, 50); font-family: franklin-gothic-urw, \" franklin=\"\" gothic=\"\" book\",=\"\" \"helvetica=\"\" neue\",=\"\" helvetica,=\"\" arial,=\"\" sans-serif;=\"\" font-size:=\"\" 16px;=\"\" line-height:=\"\" 22.88px;\"=\"\"><span style=\"margin: 0px; padding: 0px; font-style: italic;\">General</span>: Mr. H is a depressed-appearing white male in no acute distress.</p><p style=\"margin-bottom: 1em; padding: 0px; color: rgb(50, 50, 50); font-family: franklin-gothic-urw, \" franklin=\"\" gothic=\"\" book\",=\"\" \"helvetica=\"\" neue\",=\"\" helvetica,=\"\" arial,=\"\" sans-serif;=\"\" font-size:=\"\" 16px;=\"\" line-height:=\"\" 22.88px;\"=\"\"><span style=\"margin: 0px; padding: 0px; font-style: italic;\">HEENT</span>: Not examined</p><p style=\"margin-bottom: 1em; padding: 0px; color: rgb(50, 50, 50); font-family: franklin-gothic-urw, \" franklin=\"\" gothic=\"\" book\",=\"\" \"helvetica=\"\" neue\",=\"\" helvetica,=\"\" arial,=\"\" sans-serif;=\"\" font-size:=\"\" 16px;=\"\" line-height:=\"\" 22.88px;\"=\"\"><span style=\"margin: 0px; padding: 0px; font-style: italic;\">Lymph nodes</span>: Non-tender, no palpable masses</p><p style=\"margin-bottom: 1em; padding: 0px; color: rgb(50, 50, 50); font-family: franklin-gothic-urw, \" franklin=\"\" gothic=\"\" book\",=\"\" \"helvetica=\"\" neue\",=\"\" helvetica,=\"\" arial,=\"\" sans-serif;=\"\" font-size:=\"\" 16px;=\"\" line-height:=\"\" 22.88px;\"=\"\"><span style=\"margin: 0px; padding: 0px; font-style: italic;\">Neck</span>: No masses</p><p style=\"margin-bottom: 1em; padding: 0px; color: rgb(50, 50, 50); font-family: franklin-gothic-urw, \" franklin=\"\" gothic=\"\" book\",=\"\" \"helvetica=\"\" neue\",=\"\" helvetica,=\"\" arial,=\"\" sans-serif;=\"\" font-size:=\"\" 16px;=\"\" line-height:=\"\" 22.88px;\"=\"\"><span style=\"margin: 0px; padding: 0px; font-style: italic;\">Cardiovascular</span>: Regular rate and rhythm; normal S1, S2; no murmurs, rubs, or gallops</p><p style=\"margin-bottom: 1em; padding: 0px; color: rgb(50, 50, 50); font-family: franklin-gothic-urw, \" franklin=\"\" gothic=\"\" book\",=\"\" \"helvetica=\"\" neue\",=\"\" helvetica,=\"\" arial,=\"\" sans-serif;=\"\" font-size:=\"\" 16px;=\"\" line-height:=\"\" 22.88px;\"=\"\"><span style=\"margin: 0px; padding: 0px; font-style: italic;\">Lungs</span>: Lungs clear to auscultation bilaterally; No wheezes or crackles</p>', 'Adult', 'Consult', 'Medical', NULL, '', 'charity', NULL, '', '', '0', 1, '', '', '2011-07-20', '13:04:00', NULL, NULL, NULL, NULL, NULL, '2016-12-07 19:10:51', '2016-12-07 19:42:58'),
(200005, 2, 2, NULL, NULL, 'Swollen legs and abnormal renal function', 'The patient has a past medical history significant for diabetes, presumed type-1, for the past 15 years, diabetic retinopathy, and hypertension.', '', '', '', '', 'Diabetic retinopathy', '', '<p>Vital Signs: </p><p>Temperature 98.3, </p><p>pulse 93, </p><p>blood pressure 165/84, </p><p>respirations 11<br></p>', 'Adult', 'Consult', 'Medical', NULL, '', 'charity', NULL, '', '', '0', 1, '', '', '2008-12-02', '09:44:00', NULL, NULL, NULL, NULL, NULL, '2016-12-07 19:46:20', '2016-12-07 19:46:28'),
(3100000, 200000, 2, 0, 0, 'Coughing With Phlegm ', '3 Days Heavy Coughing With Green Colored Phlegm', '100 / 80', '', '', '100', 'Asthma ', 'Common Cough', '', '', '', '', '', '', '', '', '', '', '0.0', 0, '', '', '2016-12-21', '12:49:40', '00:00:00', '', '', NULL, NULL, '2016-12-21 04:54:06', '2016-12-21 04:54:06'),
(3500000, 4, 2, 0, 0, '', '', ' / ', '', '', '', '', '', '', '', '', '', '', '', '', '', '', '', '0.0', 0, '', '', '2016-12-29', '13:38:05', '00:00:00', '', '', '0', '2016-12-29 05:48:08', '2016-12-29 05:41:15', '2016-12-29 05:48:08'),
(3500001, 4, 2, 0, 0, 'Test', '', '', '1                    /                    ', '', '', '', '', '', '', '', '', '', '', '', '', '3900003::@@||3900004::Testing globulins@@no||3900002::test@@yes||4200005::testing@@yes', '', '0.0', 0, '', '', '2016-12-29', '13:47:23', '00:00:00', '', '', '2,10,11,16,19,3,12,14,15,13,17,18,20,21,9', NULL, '2017-01-09 03:07:36', '2017-01-17 02:02:57'),
(3500002, 4, 2, 0, 0, 'Test', '', '', '-        /        -', '', '', '', '', '', '', '', '', '', '', '', '', '', '', '0.0', 0, '', '', '2016-12-29', '15:02:53', '00:00:00', '', '', '0', NULL, '2017-01-09 03:08:21', '2017-01-09 03:08:21'),
(3500003, 4, 2, 0, 0, 'test', '', '', '-           /           -', '', '', '', '', '', '', '', '', '', '', '', '', '3900000::Testing@@no', '', '0.0', 0, '', '', '2016-12-29', '15:03:52', '00:00:00', '', '', '9,11,19,17,15,13,2,4,7,3,1,6,8,10,12,14,16,18,20,5,0,21', '2017-01-05 05:51:53', '2017-01-05 05:43:15', '2017-01-05 05:51:53'),
(4300000, 4300000, 2, 0, 0, 'Headache', 'Work', '37.9', '143                           /                           75', '45', '124', '', 'Migraine', '', '', '', '', '', '', '', '', '4500001::test23@@yes||4500002::Positive@@yes||4500000::Testerr@@maybe', '', '0.0', 0, '', '', '2017-01-04', '15:29:21', '00:00:00', '', '', '17,21,1,0,2,6,3', NULL, '2017-01-05 01:44:33', '2017-01-06 01:44:18'),
(4300001, 4, 2, 0, 0, 'test', '', '', '- / -', '', '', '', '', '', '', '', '', '', '', '', '', '', '', '0.0', 0, '', '', '2017-01-05', '13:26:54', '00:00:00', '', '', '', '2017-01-05 05:27:13', '2017-01-05 05:27:00', '2017-01-05 05:27:13'),
(4300002, 4, 2, 0, 0, 'test', '', '', '-      /      -', '', '', '', '', '', '', '', '', '', '', '', '', '', '', '0.0', 0, '', '', '2017-01-05', '13:29:05', '00:00:00', '', '', '0,8,12,11,2,4,6,10,9,7,5,3,1,13,15,14,17,16,19,18,20,21', '2017-01-05 05:51:40', '2017-01-05 05:43:26', '2017-01-05 05:51:40'),
(4600000, 2, 2, 0, 0, 'Test', '', '', '- / -', '', '', '', '', '', '', '', '', '', '', '', '', '', '', '0.0', 0, '', '', '2017-01-05', '13:35:28', '00:00:00', '', '', '', '2017-01-05 05:36:49', '2017-01-05 05:35:36', '2017-01-05 05:36:49'),
(4800000, 2, 2, 0, 0, 'Sudden weight loss', 'Unable to eat on time', '37.5', '- 121 /  -73', '64', '124', '', 'Ulcer', '', '', '', '', '', '', '', '', '', '', '0.0', 0, '', '', '2017-01-05', '14:19:33', '00:00:00', '', '', '4,3,6,13,15', NULL, '2017-01-09 23:51:20', '2017-01-09 23:51:20'),
(4800001, 2, 2, 0, 0, 'Unable to eat', 'Eating street foods', '38.1', '128 / 81', '66', '134', 'Fatty Liver', 'Blood Infection', 'Xray', '', '', '', '', '', '', '', '', '', '0.0', 0, '', '', '2017-01-05', '14:33:47', '00:00:00', '', '', '2,4,19,0', NULL, '2017-02-21 01:32:40', '2017-02-21 01:32:40'),
(5000000, 14, 2, 0, 0, 'Headache', '', '', '- / -', '', '', '', '', '', '', '', '', '', '', '', '', '', '', '0.0', 0, '', '', '2017-01-05', '15:25:44', '00:00:00', '', '', '1,6,5,8,9,20,19', NULL, '2017-01-05 07:26:01', '2017-01-05 07:26:01'),
(5100000, 200001, 2, 0, 0, 'Fever', '', '', '-          /          -', '', '', '', '', '', '', '', '', '', '', '', '', '', '', '0.0', 0, '', '', '2017-01-05', '15:56:15', '00:00:00', '', '', '0,3,6,7,1,2,21,20,13', NULL, '2017-01-06 05:35:51', '2017-01-06 05:35:51'),
(5100001, 200001, 2, 0, 0, 'Test', '', '', '- / -', '', '', '', '', '', '', '', '', '', '', '', '', '', '', '0.0', 0, '', '', '2017-01-06', '13:46:27', '00:00:00', '', '', '0', '2017-01-10 03:35:48', '2017-01-06 05:46:36', '2017-01-10 03:35:48'),
(5300000, 3, 2, 0, 0, 'Dizzy', '', '', '-    /    -', '', '', '', '', '', '', '', '', '', '', '', '', '', '', '0.0', 0, '', '', '2017-01-05', '17:28:07', '00:00:00', '', '', '3,2,6,12,17', NULL, '2017-01-05 09:29:08', '2017-01-05 09:29:08'),
(5300001, 3, 2, 0, 0, 'High fever', '', '', '- / -', '', '', '', '', '', '', '', '', '', '', '', '', '', '', '0.0', 0, '', '', '2017-01-05', '17:29:15', '00:00:00', '', '', '21,20,19,18', NULL, '2017-01-05 09:29:32', '2017-01-05 09:29:32'),
(5300002, 3, 2, 0, 0, 'Fever', '', '', '- / -', '', '', '', '', '', '', '', '', '', '', '', '', '', '', '0.0', 0, '', '', '2017-01-05', '17:31:11', '00:00:00', '', '', '5,4,9,8,0,2,1,3,6,7,10,11,13,12,14,15,16,18,20,17,19,21', NULL, '2017-01-05 09:31:35', '2017-01-05 09:31:35'),
(5300003, 5300000, 2, 0, 0, 'Severe headache', 'Insomia', '37.5', '142   /   84', '67', '120', '', 'Migraine', '', '', '', '', '', '', '', '', '', '', '0.0', 0, 'sea foods', '', '2017-01-05', '17:54:38', '00:00:00', '', '', '0,1,5,8,2,19,16,21,18,15', NULL, '2017-02-21 01:36:49', '2017-02-21 01:36:49'),
(5300004, 200001, 2, 0, 0, 'Loss of Appetite', '', '', '-  /  -', '', '', '', 'Stress', '', '', '', '', '', '', '', '', '5300002::@@yes', '', '0.0', 0, '', '', '2017-01-06', '11:14:18', '00:00:00', '', '', '5,15,3,6', NULL, '2017-01-06 03:50:25', '2017-01-06 03:50:25'),
(5500000, 200001, 2, 0, 0, 'extreme sweating during bedtime', '', '', '- / -', '', '', '', '', '', '', '', '', '', '', '', '', '5500000::no comment@@no', '', '0.0', 0, '', '', '2017-01-06', '17:12:16', '00:00:00', '', '', '6,3,11,15', NULL, '2017-01-06 09:13:15', '2017-01-09 07:28:24'),
(6400000, 200001, 2, 0, 0, 'Fatigue', '', '', '-    /    -', '', '', '', 'Ulcer', '', '', '', '', '', '', '', '', '6400000::not so good@@maybe', '', '0.0', 0, '', '', '2017-01-09', '15:47:54', '00:00:00', '', '', '3,5,6,0', NULL, '2017-01-09 10:33:22', '2017-01-09 10:33:22'),
(6400001, 5, 2, 0, 0, '123124', '', '', '-   /   -', '', '', '', '', '', '', '', '', '', '', '', '', '', '', '0.0', 0, '', '', '2017-01-09', '18:07:57', '00:00:00', '', '', '8', NULL, '2017-08-03 08:05:32', '2017-08-03 08:05:32'),
(7000000, 200001, 2, 0, 0, 'Fever', '', '', '- / -', '', '', '', 'Trangkaso', '', '', '', '', '', '', '', '', '7000000::test@@yes', '', '0.0', 0, '', '', '2017-01-10', '10:19:36', '00:00:00', '', '', '3,6,9,15,2', NULL, '2017-01-10 02:21:02', '2017-01-17 01:40:39'),
(7000001, 200001, 2, 0, 0, 'Headache', '', '', '- / -', '', '', '', 'Migraine', '', '', '', '', '', '', '', '', '7200000::test@@yes', '', '0.0', 0, '', '', '2017-01-10', '10:34:38', '00:00:00', '', '', '2,3,6,5,15,13', NULL, '2017-01-10 02:35:05', '2017-01-17 02:49:44'),
(7000002, 5300002, 2, 0, 0, 'Fever', '', '', '- / -', '', '', '', '', '', '', '', '', '', '', '', '', '7000004::@@yes', '', '0.0', 0, '', '', '2017-01-10', '12:01:08', '00:00:00', '', '', '2,3,5', '2017-01-25 07:18:21', '2017-01-10 04:01:39', '2017-01-25 07:18:21'),
(7200000, 5300003, 2, 0, 0, 'Animal bite', '', '', '- / -', '', '', '', '', '', '', '', '', '', '', '', '', '7200001::@@yes', '', '0.0', 0, '', '', '2017-01-10', '13:04:38', '00:00:00', '', '', '2,3,5,6', '2017-01-25 07:20:25', '2017-01-10 05:06:51', '2017-01-25 07:20:25'),
(7200001, 200001, 2, 0, 0, 'Headache', '', '', '- / -', '', '', '', '', '', '', '', '', '', '', '', '', '7200002::@@', '', '0.0', 0, '', '', '2017-01-10', '14:14:55', '00:00:00', '', '', '2,3,5', NULL, '2017-01-10 06:16:03', '2017-01-10 06:17:25'),
(7200002, 200001, 2, 0, 0, 'Headache', '', '', '- / -', '', '', '', '', '', '', '', '', '', '', '', '', '', '', '0.0', 0, '', '', '2017-01-10', '14:27:21', '00:00:00', '', '', '0,2,5,3', NULL, '2017-01-10 06:27:48', '2017-01-10 06:27:48'),
(8400000, 200001, 2, 0, 0, 'Fever', '', '', '- / -', '', '', '', '', '', '', '', '', '', '', '', '', '8400000::testqwerty@@maybe', '', '0.0', 0, '', '', '2017-01-13', '07:02:57', '00:00:00', '', '', '2,3,5,15,13', NULL, '2017-01-12 23:03:20', '2017-01-16 08:38:29'),
(8400001, 200001, 2, 0, 0, 'Headache', '', '', '- / -', '', '', '', '', '', '', '', '', '', '', '', '', '8400001::testqwerty@@yes', '', '0.0', 0, '', '', '2017-01-16', '10:33:38', '00:00:00', '', '', '2,3,5,15', NULL, '2017-01-16 02:34:02', '2017-01-16 08:32:34'),
(8400002, 5300002, 2, 0, 0, 'Headache', '', '', '- / -', '', '', '', '', '', '', '', '', '', '', '', '', '8400002::@@', '', '0.0', 0, '', '', '2017-01-16', '11:50:21', '00:00:00', '', '', '2,5,3,15', '2017-01-16 04:36:37', '2017-01-16 03:50:44', '2017-01-16 04:36:37'),
(8400003, 8700001, 2, 0, 0, 'Headache', '', '', '- / -', '', '', '', '', '', '', '', '', '', '', '', '', '8400003::@@', '', '0.0', 0, '', '', '2017-01-16', '12:52:06', '00:00:00', '', '', '2,5,3,15', '2017-01-16 04:59:03', '2017-01-16 04:52:30', '2017-01-16 04:59:03'),
(8400004, 8700002, 2, 0, 0, 'Headache', '', '', '- / -', '', '', '', '', '', '', '', '', '', '', '', '', '8400004::@@', '', '0.0', 0, '', '', '2017-01-16', '13:03:22', '00:00:00', '', '', '2,3,7,5,15', '2017-01-16 05:56:16', '2017-01-16 05:03:38', '2017-01-16 05:56:16'),
(8400005, 8700002, 2, 0, 0, 'Fever', '', '', '- / -', '', '', '', '', '', '', '', '', '', '', '', '', '8400005::@@', '', '0.0', 0, '', '', '2017-01-16', '13:06:16', '00:00:00', '', '', '2,3,15', '2017-01-16 05:56:11', '2017-01-16 05:06:28', '2017-01-16 05:56:11'),
(8400006, 8700002, 2, 0, 0, 'Headache', '', '', '- / -', '', '', '', '', '', '', '', '', '', '', '', '', '8400006::@@', '', '0.0', 0, '', '', '2017-01-16', '13:59:24', '00:00:00', '', '', '2,3,7,5,15', '2017-01-25 06:48:33', '2017-01-16 05:59:45', '2017-01-25 06:48:33'),
(8400007, 7, 2, 0, 0, 'Headache', '', '', '- / -', '', '', '', '', '', '', '', '', '', '', '', '', '8400007::@@', '', '0.0', 0, '', '', '2017-01-16', '14:21:41', '00:00:00', '', '', '2,3,5,15', '2017-01-16 06:26:51', '2017-01-16 06:22:01', '2017-01-16 06:26:51'),
(8400008, 7, 2, 0, 0, 'Fever', '', '', '- / -', '', '', '', '', '', '', '', '', '', '', '', '', '8400008::@@', '', '0.0', 0, '', '', '2017-01-16', '14:28:32', '00:00:00', '', '', '2,3,5,15', '2017-01-16 06:30:51', '2017-01-16 06:28:50', '2017-01-16 06:30:51'),
(8400009, 7, 2, 0, 0, 'Fever', '', '', '- / -', '', '', '', '', '', '', '', '', '', '', '', '', '8400009::@@', '', '0.0', 0, '', '', '2017-01-16', '14:33:03', '00:00:00', '', '', '2,3,5,15', '2017-01-16 06:41:34', '2017-01-16 06:33:21', '2017-01-16 06:41:34'),
(8400010, 7, 2, 0, 0, 'Headache', '', '', '- / -', '', '', '', '', '', '', '', '', '', '', '', '', '8400010::@@', '', '0.0', 0, '', '', '2017-01-16', '14:42:58', '00:00:00', '', '', '2,3,7,5,15', '2017-01-16 09:08:25', '2017-01-16 06:43:17', '2017-01-16 09:08:25'),
(8400011, 7, 2, 0, 0, 'Fever', '', '', '- / -', '', '', '', '', '', '', '', '', '', '', '', '', '', '', '0.0', 0, '', '', '2017-01-16', '17:20:31', '00:00:00', '', '', '2,3,7,5,15', '2017-01-16 09:08:25', '2017-01-16 09:20:50', '2017-01-16 09:22:12'),
(8400012, 7, 2, 0, 0, 'Fever', '', '', '- / -', '', '', '', '', '', '', '', '', '', '', '', '', '8400012::@@', '', '0.0', 0, '', '', '2017-01-16', '17:24:18', '00:00:00', '', '', '2,3,5,15', '2017-01-16 09:27:28', '2017-01-16 09:24:41', '2017-01-16 09:27:28'),
(8400013, 7, 2, 0, 0, 'Headache', '', '', '- / -', '', '', '', '', '', '', '', '', '', '', '', '', '', '', '0.0', 0, '', '', '2017-01-17', '10:03:37', '00:00:00', '', '', '2,3,5,15', '2017-01-17 02:04:16', '2017-01-17 02:04:01', '2017-01-17 02:04:16'),
(8400014, 7, 2, 0, 0, 'Headache', '', '', '- / -', '', '', '', '', '', '', '', '', '', '', '', '', '', '', '0.0', 0, '', '', '2017-01-17', '10:05:06', '00:00:00', '', '', '2,3,7,5,17,15', '2017-01-17 02:05:54', '2017-01-17 02:05:29', '2017-01-17 02:05:54'),
(8400015, 7, 2, 0, 0, 'Headache', '', '', '- / -', '', '', '', '', '', '', '', '', '', '', '', '', '', '', '0.0', 0, '', '', '2017-01-17', '10:07:13', '00:00:00', '', '', '2,3,5,15', '2017-01-17 02:52:41', '2017-01-17 02:07:32', '2017-01-17 02:52:41'),
(8400016, 7, 2, 0, 0, 'Headache', 'The patient feels tired all day with occasional wheezes', '37.2', '- 134 /  92', '24', '71', '', 'Anaemia', '', '', '', '', '', '', '', '', '||8400013::@@', '', '0.0', 0, '', '', '2017-01-17', '10:55:19', '00:00:00', '', '', '2,3,5,15', '2017-01-25 08:32:52', '2017-01-25 07:14:23', '2017-01-25 08:32:52'),
(8400017, 11, 2, 0, 0, 'High Fever', '', '', '- / -', '', '', '', '', '', '', '', '', '', '', '', '', '', '', '0.0', 0, '', '', '2017-01-17', '13:15:51', '00:00:00', '', '', '2,0,3,7,5', '2017-01-17 05:21:09', '2017-01-17 05:16:19', '2017-01-17 05:21:09'),
(8400018, 11, 2, 0, 0, 'High fever', '', '', '- / -', '', '', '', '', '', '', '', '', '', '', '', '', '', '', '0.0', 0, '', '', '2017-01-17', '13:29:01', '00:00:00', '', '', '0,2,3,5,15', NULL, '2017-01-17 05:29:32', '2017-01-17 05:29:32'),
(8400019, 5300001, 2, 0, 0, 'Sudden weight loss', '', '', '- / -', '', '', '', '', '', '', '', '', '', '', '', '', '', '', '0.0', 0, '', '', '2017-01-17', '13:41:40', '00:00:00', '', '', '0,2,3,5,15', NULL, '2017-01-17 05:42:10', '2017-01-17 05:42:10'),
(9900000, 200001, 2, 0, 0, 'Fever', '', '', '-  /  -', '', '', '', '', '', '', '', '', '', '', '', '', '', '', '0.0', 0, '', '', '2017-01-19', '15:06:35', '00:00:00', '', '', '0,2,3,5,15', NULL, '2017-08-03 08:06:18', '2017-08-03 08:06:18'),
(9900001, 200001, 2, 0, 0, 'Sudden loss of weight', '', '', '-  /  -', '', '', '', '', '', '', '', '', '', '', '', '', '||9900000::@@', '', '0.0', 0, '', '', '2017-01-19', '16:07:45', '00:00:00', '', '', '2,3,5,15,4', NULL, '2017-02-14 09:50:18', '2017-02-14 09:50:18'),
(9900002, 200001, 2, 0, 0, 'test', '', '', '- / -', '', '', '', '', '', '', '', '', '', '', '', '', '', '', '0.0', 0, '', '', '2017-01-19', '16:31:32', '00:00:00', '', '', '2,3,5', '2017-02-14 09:49:56', '2017-01-19 08:31:39', '2017-02-14 09:49:56'),
(9900003, 200001, 2, 0, 0, 'teeest', '', '', '- / -', '', '', '', '', '', '', '', '', '', '', '', '', '', '', '0.0', 0, '', '', '2017-01-19', '16:37:04', '00:00:00', '', '', '0,2,3,5', '2017-02-14 09:49:50', '2017-01-19 08:37:12', '2017-02-14 09:49:50'),
(10800000, 5300002, 2, 0, 0, 'Headache', '', '38.1', '136 / 81', '31', '64', '', 'Fever', '', '', '', '', '', '', '', '', '', '', '0.0', 0, '', '', '2017-01-25', '15:24:42', '00:00:00', '', '', '2,3,5,15', '2017-01-25 07:30:03', '2017-01-25 07:25:59', '2017-01-25 07:30:03'),
(10800001, 5300002, 2, 0, 0, 'Headache', '', '', '- / -', '', '', '', '', '', '', '', '', '', '', '', '', '||10800001::@@', '', '0.0', 0, '', '', '2017-01-25', '15:36:37', '00:00:00', '', '', '2,3,7,5,15', '2017-01-25 07:40:58', '2017-01-25 07:37:02', '2017-01-25 07:40:58'),
(10800002, 5300002, 2, 0, 0, 'Headache', '', '', '- / -', '', '', '', '', '', '', '', '', '', '', '', '', '', '', '0.0', 0, '', '', '2017-01-25', '15:45:37', '00:00:00', '', '', '2,3,5,17,15', '2017-01-25 07:48:47', '2017-01-25 07:46:02', '2017-01-25 07:48:47'),
(10800003, 5300002, 2, 0, 0, 'Headache', 'Migraine', '38.1', '128  /  76', '28', '67', '', 'Fever', '', '', '', '', '', '', '', '', '||11100005::123456@@yes||11100007::test@@yes', '', '0.0', 0, '', '', '2017-01-25', '15:51:31', '00:00:00', '', '', '2,3,5,15', NULL, '2017-01-25 08:02:39', '2017-06-14 05:48:47'),
(10800004, 7, 2, 0, 0, 'Sudden loss of weight', 'Loss of appetite', '38.2', '134 / 85', '27', '66', '', 'Fever', '', '', '', '', '', '', '', '', '', '', '0.0', 0, '', '', '2017-01-25', '16:41:32', '00:00:00', '', '', '0,2,3,7,5,15', NULL, '2017-01-25 08:43:02', '2017-01-25 08:43:02'),
(11100000, 11100000, 2, 0, 0, 'Severe Headache', 'Fatigue', '37.1', '134  /  90', '65', '127', '', 'Migraine', '', '', '', '', '', '', '', '', '||11100001::@@yes', '', '0.0', 0, '', '', '2017-02-28', '08:14:33', '00:00:00', '', '', '2,5,3,15', NULL, '2017-02-28 00:19:46', '2017-02-28 02:15:18'),
(11100001, 200001, 2, 0, 0, 'Chest Pain or pain with breathing or coughing', '', '38', '129 / 84', '', '', '', 'Tubercolosis', '', '', '', '', '', '', '', '', '||11100002::@@||11100006::rrqrwr@@yes', '', '0.0', 0, '', '', '2017-06-05', '16:21:53', '00:00:00', '', '', '5,15,3,11', NULL, '2017-06-05 08:28:00', '2017-06-14 05:42:31'),
(11100002, 5300000, 2, 0, 0, 'inuubos ng ilng a linggoaqqu', '', '', '- / -', '86968646169846544', '44560', '', '', '', '', '', '', '', '', '', '', '', '', '0.0', 0, '', '', '2017-06-07', '14:58:34', '00:00:00', '', '', '21,19', NULL, '2017-06-07 07:06:28', '2017-06-07 07:06:28'),
(11100003, 11100002, 2, 0, 0, 'Coughing for 2 weeks', '', '37.5', '130  /  76', '20', '110', '', 'Common cold', '', '', '', '', '', '', '', '', '||11900002::@@', '', '0.0', 0, '', '', '2017-06-09', '17:58:37', '00:00:00', '', '', '2', NULL, '2017-06-09 10:02:30', '2017-06-15 07:05:33');

-- --------------------------------------------------------

--
-- Table structure for table `diagnosisIcds`
--

CREATE TABLE `diagnosisIcds` (
  `id` int(10) UNSIGNED NOT NULL,
  `diagnosisID` int(11) DEFAULT NULL,
  `icdID` int(11) DEFAULT NULL,
  `deleted_at` timestamp NULL DEFAULT NULL,
  `created_at` timestamp NOT NULL DEFAULT '0000-00-00 00:00:00',
  `updated_at` timestamp NOT NULL DEFAULT '0000-00-00 00:00:00'
) ENGINE=InnoDB DEFAULT CHARSET=utf8 COLLATE=utf8_unicode_ci;

--
-- Dumping data for table `diagnosisIcds`
--

INSERT INTO `diagnosisIcds` (`id`, `diagnosisID`, `icdID`, `deleted_at`, `created_at`, `updated_at`) VALUES
(7, 2, 1957, NULL, '2016-03-28 01:49:08', '2016-03-28 01:49:08'),
(13, 4, 1952, NULL, '2016-03-28 18:52:41', '2016-03-28 18:52:41'),
(20, 3, 1950, NULL, '2016-03-28 21:43:35', '2016-03-28 21:43:35'),
(23, 5, 1946, NULL, '2016-04-03 18:34:11', '2016-04-03 18:34:11'),
(27, 9, 1949, '2016-04-04 01:38:55', '2016-04-04 01:37:04', '2016-04-04 01:38:55'),
(28, 9, 1950, '2016-04-04 01:38:55', '2016-04-04 01:37:04', '2016-04-04 01:38:55'),
(29, 9, 1948, '2016-04-04 01:38:55', '2016-04-04 01:37:04', '2016-04-04 01:38:55'),
(30, 9, 1946, '2016-04-04 01:38:55', '2016-04-04 01:37:04', '2016-04-04 01:38:55'),
(32, 6, 1987, NULL, '2016-04-04 18:16:18', '2016-04-04 18:16:18'),
(45, 1, 1987, NULL, '2016-12-07 19:43:03', '2016-12-07 19:43:03'),
(46, 200002, 1947, NULL, '2016-12-07 19:43:08', '2016-12-07 19:43:08'),
(47, 200002, 1946, NULL, '2016-12-07 19:43:08', '2016-12-07 19:43:08'),
(48, 200002, 1947, NULL, '2016-12-07 19:53:53', '2016-12-07 19:53:53'),
(49, 200002, 1946, NULL, '2016-12-07 19:53:53', '2016-12-07 19:53:53');

-- --------------------------------------------------------

--
-- Table structure for table `discharging`
--

CREATE TABLE `discharging` (
  `id` int(10) UNSIGNED NOT NULL,
  `postDiagnosisID` int(11) DEFAULT NULL,
  `admittingID` int(11) DEFAULT NULL,
  `complications` varchar(225) COLLATE utf8_unicode_ci DEFAULT NULL,
  `finalDiagnosis` varchar(225) COLLATE utf8_unicode_ci DEFAULT NULL,
  `date` date DEFAULT NULL,
  `deleted_at` timestamp NULL DEFAULT NULL,
  `created_at` timestamp NOT NULL DEFAULT '0000-00-00 00:00:00',
  `updated_at` timestamp NOT NULL DEFAULT '0000-00-00 00:00:00'
) ENGINE=InnoDB DEFAULT CHARSET=utf8 COLLATE=utf8_unicode_ci;

--
-- Dumping data for table `discharging`
--

INSERT INTO `discharging` (`id`, `postDiagnosisID`, `admittingID`, `complications`, `finalDiagnosis`, `date`, `deleted_at`, `created_at`, `updated_at`) VALUES
(3, 6, 1, NULL, '', '2016-03-29', NULL, '2016-03-28 22:55:22', '2016-03-28 22:55:22'),
(4, 7, 2, NULL, 'cut', '2016-04-04', NULL, '2016-04-03 18:40:20', '2016-04-03 18:40:20'),
(5, 8, 3, NULL, '', '2016-05-31', NULL, '2016-05-30 17:20:25', '2016-05-30 17:20:25');

-- --------------------------------------------------------

--
-- Table structure for table `doctors`
--

CREATE TABLE `doctors` (
  `id` int(10) UNSIGNED NOT NULL,
  `groupID` int(11) DEFAULT NULL,
  `patientID` int(11) DEFAULT NULL,
  `userID` int(11) DEFAULT NULL,
  `firstname` varchar(30) COLLATE utf8_unicode_ci DEFAULT NULL,
  `middlename` varchar(30) COLLATE utf8_unicode_ci DEFAULT NULL,
  `lastname` varchar(30) COLLATE utf8_unicode_ci DEFAULT NULL,
  `nameSuffix` varchar(10) COLLATE utf8_unicode_ci DEFAULT NULL,
  `birthdate` date DEFAULT NULL,
  `sex` tinyint(4) DEFAULT NULL,
  `status` enum('Married','Widowed','Separated','Divorced','Single') COLLATE utf8_unicode_ci DEFAULT NULL,
  `address` text COLLATE utf8_unicode_ci,
  `initial` varchar(5) COLLATE utf8_unicode_ci DEFAULT NULL,
  `type` varchar(30) COLLATE utf8_unicode_ci DEFAULT NULL,
  `code` int(11) DEFAULT NULL,
  `phone1` varchar(15) COLLATE utf8_unicode_ci DEFAULT NULL,
  `phone2` varchar(15) COLLATE utf8_unicode_ci DEFAULT NULL,
  `rank` varchar(30) COLLATE utf8_unicode_ci DEFAULT NULL,
  `email` varchar(30) COLLATE utf8_unicode_ci DEFAULT NULL,
  `licenseID` varchar(30) COLLATE utf8_unicode_ci DEFAULT NULL,
  `imagePath` varchar(255) COLLATE utf8_unicode_ci DEFAULT NULL,
  `imageMime` varchar(20) COLLATE utf8_unicode_ci DEFAULT 'jpg',
  `allowAsPatient` tinyint(4) DEFAULT NULL,
  `deleted_at` timestamp NULL DEFAULT NULL,
  `created_at` timestamp NOT NULL DEFAULT '0000-00-00 00:00:00',
  `updated_at` timestamp NOT NULL DEFAULT '0000-00-00 00:00:00'
) ENGINE=InnoDB DEFAULT CHARSET=utf8 COLLATE=utf8_unicode_ci;

--
-- Dumping data for table `doctors`
--

INSERT INTO `doctors` (`id`, `groupID`, `patientID`, `userID`, `firstname`, `middlename`, `lastname`, `nameSuffix`, `birthdate`, `sex`, `status`, `address`, `initial`, `type`, `code`, `phone1`, `phone2`, `rank`, `email`, `licenseID`, `imagePath`, `imageMime`, `allowAsPatient`, `deleted_at`, `created_at`, `updated_at`) VALUES
(1, 1, 0, 26, 'Benedicto', 'Serrosa', 'Tan Gan', '', '1970-03-28', 1, 'Married', 'Unit 12 Raffles Building, Ortigas Pasig', 'BTG', 'Oncologist', 0, '091147744441', '28144441', 'Fellow', 'aceborres02@yahoo.com', '444144', 'avatar/aae184e5-562d-4b3b-95b1-5d78c7dc9e9d.jpg', 'jpg', NULL, NULL, '2016-03-22 21:12:36', '2017-01-16 09:03:26'),
(2, 1, 6, 28, 'Roger', 'Alonzo', 'Javellana', '', '1975-03-12', 1, 'Married', '#45 Summer Breeze Subdivision Pasig City', 'RAJ', 'Oncologist', 0, '094512124411', '7841111', 'Fellow', 'dbenas@ascendant.com.ph', '14245', 'avatar/1488247584789-a4ab-6f35-9b4f-ea339d1fee77.jpeg', 'jpeg', 1, NULL, '2016-03-28 16:47:04', '2017-02-28 02:06:22'),
(3, 1, 0, 29, 'Vergel', 'Ocampo', 'De Dios', '', '1962-03-01', 1, 'Married', '#4 Sikatuna Subdivision Quezon City', 'VDD', 'Oncologist', 0, '09154421444', '7451211', 'Consultant', 'joaquin.ibaviosa@gmail.com', '41211', 'avatar/f008e04f-e25e-4a45-bf88-2a3543060e29.jpg', 'jpg', NULL, NULL, '2016-03-28 16:52:20', '2017-01-16 09:03:26'),
(4, 1, 0, 33, 'Liza', 'Laurel', 'Rodriguez', 'MD', '1997-07-02', 1, 'Single', '', 'LLR', '', 0, '09178888888', '1345', '', 'llr@test.com', '94861234', 'null', 'jpg', 0, NULL, '2016-05-31 17:41:32', '2017-06-01 09:03:26'),
(5, 1, 0, 35, 'Qwerty', 'Qwerty', 'Qwerty', '', '1994-08-23', 1, 'Single', '', 'QQQ', '', 0, '09321234567', '', '', 'qwerty@yahoo.com', '1234', 'null', 'jpg', 0, '2017-01-08 19:03:46', '2016-09-29 22:40:16', '2017-01-16 09:03:26'),
(200000, 0, 0, 0, 'jan', 'nan', 'bBa', '', '2016-12-07', 1, 'Single', '', 'null', '', 0, '94964', '6464', '', '', '', '', '', 0, '2016-12-27 09:33:34', '2016-12-07 07:57:59', '2017-01-16 09:03:26'),
(3000000, 0, 0, 0, 'a', 'b', 'c', '', '2016-12-27', 1, 'Single', '', 'null', '', 0, '1', '2', '', '', '', '', 'jpeg', 0, '2016-12-27 09:33:37', '2016-12-27 09:27:14', '2017-01-16 09:03:26'),
(3000001, 0, 0, 0, 'a', 'b', 'c', '', '2016-12-27', 1, 'Single', '', 'null', '', 0, '1', '2', '', '', '', '', 'jpeg', 0, '2016-12-27 09:33:40', '2016-12-27 09:29:49', '2017-01-16 09:03:26'),
(3000002, 0, 0, 0, 'a', 'b', 'c', 'k', '2016-12-27', 1, 'Single', '', 'null', '', 0, '1', '1', '', '', '', '', 'jpeg', 0, '2017-01-08 19:03:15', '2016-12-27 09:36:56', '2017-01-16 09:03:26'),
(3900000, 0, 0, 0, '1231', '1231', '1231231', '1231', '2017-01-04', 1, 'Single', '', 'null', '', 0, '', '1231', '', '', '', '', 'jpeg', 0, '2017-01-08 19:03:04', '2017-01-04 09:03:57', '2017-01-16 09:03:26'),
(3900001, 1, 0, 38, 'Robert ', 'Dominic', 'Hernandez', '', '1981-12-05', 1, 'Single', 'Ayala Alabang Village, Muntinlupa, Metro Manila', 'RDH', 'Oncologist', 0, '09187454742', '5411848', '', 'rdh@gmail.com', '548751', 'avatar/838309c5-7def-4476-80a0-917f9b3c9885.jpg', 'jpg', NULL, NULL, '2017-01-08 19:22:06', '2017-01-16 09:03:26'),
(3900002, 1, NULL, NULL, 'Deborah', 'Joe', 'Hinton', '', '1975-08-13', 0, 'Single', 'Camella, Ayala Alabang, Muntinlupa, Metro Manila', 'DJH', 'Oncologist', 0, '09162524885', '5195520', '', 'johnrendell21@gmail.com', '356548', 'avatar/a795a648-e95f-4232-a647-4cbd3a503919.jpg', 'jpg', NULL, NULL, '2017-01-08 19:32:41', '2017-01-16 09:03:26'),
(3900003, 1, 0, NULL, 'Patricia', 'Lopez', 'Agustin', '', '1984-10-09', 0, 'Single', 'Harmony Homes, San Pedro Laguna', 'PLA', 'Oncologist', 0, '09124478421', '4875967', '', 'pat.agustin@gmail.com', '487725', 'avatar/683ba39b-8535-49f5-8101-5f88a5e38276.jpg', 'jpg', NULL, NULL, '2017-01-08 19:36:15', '2017-01-16 09:03:26'),
(3900004, 1, NULL, NULL, 'Fred', 'Guevarra', 'Clemente', '', '1979-05-31', 1, 'Single', 'Southwoods, Binan Laguna', 'FGC', 'Oncologist', 0, '09278451687', '', '', 'fredclemente@yahoo.com', '787412', 'avatar/c3f08bd7-25fa-4285-b9e8-a1b160717d27.jpg', 'jpg', NULL, NULL, '2017-01-08 19:42:49', '2017-01-16 09:03:26'),
(3900005, 1, 0, NULL, 'Jessica', ' Garcia', 'Bautista', '', '1982-07-22', 0, 'Single', 'Lower Bicutan, Taguig City Philippines', 'JGB', 'Oncologist', 0, '09326547775', '5449758', '', 'jbautista@yahoo.com', '794458', 'avatar/641f67d9-6be9-4f26-a1ea-adc014730d74.jpg', 'jpg', NULL, NULL, '2017-01-08 20:46:17', '2017-01-16 09:03:26'),
(3900006, 1, NULL, NULL, 'Michael', 'Ong', 'Mendoza', '', '1978-01-25', 1, 'Married', 'Forbes Park, Makati City Philippines', 'MOM', 'Oncologist', 0, '09298556262', '5147682', '', 'michael.mendoza@gmail.com', '614452', 'avatar/36b474e8-0b70-46d5-a4b5-5d0fe08929fa.jpg', 'jpg', NULL, NULL, '2017-01-08 20:50:25', '2017-01-16 09:03:26'),
(3900007, 1, NULL, NULL, 'Aileen Mae', 'Tan', 'Corpuz', '', '1983-04-27', 0, 'Single', 'South Green Heights Village Brgy. Putatan, Muntilupa City', 'ATC', 'Oncologist', 0, '09428847142', '8745548', '', 'aileen.c@gmail.com', '423255', 'avatar/1ca96514-0d6c-4c21-bda9-c3123ce22bd3.jpg', 'jpg', NULL, NULL, '2017-01-08 20:58:59', '2017-01-16 09:03:26'),
(3900008, 1, 0, 0, 'Ana Lea', 'Mercado', 'Cardona', '', '1986-03-25', 0, 'Single', 'ASiA Enclaves Alabang, Muntinlupa City', 'AML', 'Pulmonologist', 0, '09331278489', '6328466', '', 'dev.ascendant@gmail.com', '154228', 'avatar/6fd5ed49-fe48-4770-b3aa-5201497bf6df.jpg', 'jpg', 0, NULL, '2017-01-08 21:04:42', '2017-06-14 08:15:09'),
(3900009, 1, NULL, NULL, 'Mercedes', 'Padua', 'Aquino', '', '1968-06-20', 0, 'Married', '', 'MPA', 'Oncologist', 0, '09104415156', '3526545', '', 'mercyaquino@gmail.com', '745955', 'avatar/e444aaf8-9590-48b1-a0de-ab1483e4f179.jpg', 'jpg', NULL, NULL, '2017-01-08 21:09:37', '2017-01-16 09:03:26'),
(3900010, 1, NULL, NULL, 'Sofia', 'Tan', 'Yap', '', '1986-05-25', 0, 'Single', 'Tierra Nueva Alabang, Muntinlupa City', 'STY', 'Oncologist', 0, '09256062574', '5685965', '', 'sofieyap@gmail.com', '845521', 'avatar/2cb8c5db-882a-4604-9012-d557ce7157e0.jpg', 'jpg', NULL, NULL, '2017-01-08 21:14:49', '2017-01-16 09:03:26'),
(3900011, 1, NULL, NULL, 'Joshua', 'Esguerra', 'Tolentino', '', '1982-11-17', 1, 'Married', 'Katarungan Village Alabang, Muntinlupa City', 'JET', 'Oncologist', 0, '09092523364', '2584262', '', 'josh.tolentino@gmail.com', '021154', 'avatar/962b5e7c-dca6-42a1-96ba-45c6ffcee164.jpg', 'jpg', NULL, NULL, '2017-01-08 21:21:09', '2017-01-16 09:03:26'),
(11100000, 0, 0, 0, 'Alisa', 'Escudero', 'Rivera', '', '1982-02-28', 0, 'Single', 'Southern Heights 1 San Pedro Laguna', 'AER', 'Oncologist', 0, '09124557645', '5142197', '', 'alisa.rivera@gmail.com', '029913', 'avatar/1488247213749-2338-252e-e946-fdb413d8a8e6.jpeg', 'jpeg', 0, NULL, '2017-02-28 01:53:37', '2017-06-14 05:53:37'),
(11900000, 0, 0, 0, 'Jerome', 'Santos', 'Reyes', '', '1981-05-21', 1, 'Single', '2nd flr. Molino Doctors Cavite', 'null', 'Pulmonologist', 0, '09219332199', '8442143', '', 'jerome.sreyes21@gmail.com', '183328', 'avatar/1497496783887-c1df-e050-c735-25354073e415.jpeg', 'jpeg', 0, NULL, '2017-06-15 02:39:14', '2017-06-15 03:18:26');

-- --------------------------------------------------------

--
-- Table structure for table `followup`
--

CREATE TABLE `followup` (
  `id` int(10) UNSIGNED NOT NULL,
  `diagnosisID` varchar(255) COLLATE utf8_unicode_ci DEFAULT NULL,
  `date` date DEFAULT NULL,
  `time` time DEFAULT NULL,
  `findings` text COLLATE utf8_unicode_ci,
  `implants` text COLLATE utf8_unicode_ci,
  `antibiotics` text COLLATE utf8_unicode_ci,
  `transfusion` varchar(32) COLLATE utf8_unicode_ci DEFAULT NULL,
  `description` text COLLATE utf8_unicode_ci,
  `name` text COLLATE utf8_unicode_ci,
  `emergencyOrElective` enum('emergency','elective') COLLATE utf8_unicode_ci DEFAULT 'elective',
  `pay` enum('charity','company','hmo','insurance','personal') COLLATE utf8_unicode_ci DEFAULT 'personal',
  `leadSurgeon` tinyint(4) DEFAULT NULL,
  `otherDoctors` varchar(255) COLLATE utf8_unicode_ci DEFAULT NULL,
  `labs` text COLLATE utf8_unicode_ci,
  `xrays` text COLLATE utf8_unicode_ci,
  `deleted_at` timestamp NULL DEFAULT NULL,
  `created_at` timestamp NOT NULL DEFAULT '0000-00-00 00:00:00',
  `updated_at` timestamp NOT NULL DEFAULT '0000-00-00 00:00:00'
) ENGINE=InnoDB DEFAULT CHARSET=utf8 COLLATE=utf8_unicode_ci;

--
-- Dumping data for table `followup`
--

INSERT INTO `followup` (`id`, `diagnosisID`, `date`, `time`, `findings`, `implants`, `antibiotics`, `transfusion`, `description`, `name`, `emergencyOrElective`, `pay`, `leadSurgeon`, `otherDoctors`, `labs`, `xrays`, `deleted_at`, `created_at`, `updated_at`) VALUES
(2, '2', '2016-03-31', '09:45:00', NULL, NULL, NULL, NULL, '<p><br></p>', 'gastroenteritis bacterial in origin', 'elective', 'hmo', 1, NULL, '', '', NULL, '2016-03-28 01:49:08', '2016-03-28 01:49:08'),
(3, '3', '2016-03-31', '13:45:00', NULL, NULL, NULL, NULL, '<p><br></p>', 'bronchial asthma', 'elective', 'insurance', 3, NULL, '', '', NULL, '2016-03-28 17:39:51', '2016-03-28 17:39:51'),
(4, '4', '2016-03-29', '02:45:00', 'null', 'null', 'null', 'null', '<p><br></p>', 'hypertension', 'elective', 'personal', 2, 'null', '', '', '2017-01-05 08:22:48', '2016-03-28 18:50:37', '2017-01-05 08:22:48'),
(5, '5', '2016-04-11', '02:30:00', NULL, NULL, NULL, NULL, 'test', 'test', 'elective', 'company', 1, NULL, '', '', NULL, '2016-04-03 18:33:59', '2016-04-03 18:34:11'),
(6, '10', '2016-05-31', '01:15:00', NULL, NULL, NULL, NULL, '<p><br></p>', 'test', 'elective', 'charity', 1, NULL, '', '', NULL, '2016-05-30 17:16:14', '2016-05-30 17:16:14'),
(200000, '200000', '2016-12-07', '15:00:00', 'null', 'null', 'null', 'null', '', 'najsj', 'elective', 'personal', 2, 'null', 'null', 'null', NULL, '2016-12-07 08:00:27', '2016-12-07 08:00:27'),
(200001, '200001', '2016-12-07', '16:00:00', 'null', 'null', 'null', 'null', '', 'jhnj', 'elective', 'personal', 2, 'null', 'null', 'null', NULL, '2016-12-07 08:17:58', '2016-12-07 08:17:58'),
(5100000, '5100000', '2017-01-07', '08:00:00', 'null', 'null', 'null', 'null', 'Testyhfucyuvjv', 'Come Immediately', 'elective', 'personal', 2, 'null', 'null', 'null', NULL, '2017-01-05 07:57:14', '2017-01-05 07:59:16'),
(5100001, '5100000', '2017-01-06', '08:00:00', 'null', 'null', 'null', 'null', '', 'Test', 'elective', 'personal', 2, 'null', 'null', 'null', NULL, '2017-01-05 07:59:39', '2017-01-05 07:59:39'),
(5200000, '3500002', '2017-01-06', '11:00:00', 'null', 'null', 'null', 'null', '', 'Come Immediately', 'emergency', 'personal', 2, 'null', 'null', 'null', NULL, '2017-01-05 08:26:27', '2017-01-05 08:26:27'),
(5200001, '4800001', '2017-01-10', '08:00:00', 'null', 'null', 'null', 'null', '', 'test', 'elective', 'personal', 2, 'null', 'null', 'null', '2017-01-05 08:34:37', '2017-01-05 08:31:52', '2017-01-05 08:34:37'),
(5200002, '4800001', '2017-01-24', '08:00:00', 'null', 'null', 'null', 'null', '', 'adasd', 'elective', 'personal', 2, 'null', 'null', 'null', '2017-01-05 08:36:25', '2017-01-05 08:35:40', '2017-01-05 08:36:25'),
(5200003, '4800001', '2017-01-05', '09:00:00', 'null', 'null', 'null', 'null', '', '231231dasda', 'elective', 'personal', 2, 'null', 'null', 'null', '2017-01-05 08:42:23', '2017-01-05 08:41:18', '2017-01-05 08:42:23'),
(5200004, '4800001', '2017-01-05', '09:00:00', 'null', 'null', 'null', 'null', '', '1231', 'elective', 'personal', 2, 'null', 'null', 'null', '2017-01-05 08:44:22', '2017-01-05 08:43:29', '2017-01-05 08:44:22'),
(5200005, '4800001', '2017-01-05', '09:00:00', 'null', 'null', 'null', 'null', '', '123', 'elective', 'personal', 2, 'null', 'null', 'null', '2017-01-05 08:46:43', '2017-01-05 08:45:41', '2017-01-05 08:46:43'),
(5200006, '4800001', '2017-01-05', '09:00:00', 'null', 'null', 'null', 'null', '', '1231', 'elective', 'personal', 2, 'null', 'null', 'null', '2017-01-05 08:49:53', '2017-01-05 08:48:24', '2017-01-05 08:49:53'),
(5200007, '4800001', '2017-01-05', '09:00:00', 'null', 'null', 'null', 'null', '', '1231', 'elective', 'personal', 2, 'null', 'null', 'null', NULL, '2017-01-05 08:52:56', '2017-01-05 08:52:56'),
(5200008, '4800001', '2017-01-06', '15:00:00', 'null', 'null', 'null', 'null', '', 'test', 'elective', 'personal', 2, 'null', 'null', 'null', NULL, '2017-01-05 09:15:27', '2017-01-05 09:15:27'),
(5300000, '5300001', '2017-01-07', '11:15:00', 'null', 'null', 'null', 'null', 'hello', 'come to papa', 'elective', 'personal', 2, 'null', 'null', 'null', NULL, '2017-01-05 09:30:18', '2017-01-05 09:31:00');

-- --------------------------------------------------------

--
-- Table structure for table `followupIcds`
--

CREATE TABLE `followupIcds` (
  `id` int(10) UNSIGNED NOT NULL,
  `followupID` int(11) DEFAULT NULL,
  `icdID` int(11) DEFAULT NULL,
  `deleted_at` timestamp NULL DEFAULT NULL,
  `created_at` timestamp NOT NULL DEFAULT '0000-00-00 00:00:00',
  `updated_at` timestamp NOT NULL DEFAULT '0000-00-00 00:00:00'
) ENGINE=InnoDB DEFAULT CHARSET=utf8 COLLATE=utf8_unicode_ci;

-- --------------------------------------------------------

--
-- Table structure for table `genericMedicine`
--

CREATE TABLE `genericMedicine` (
  `id` int(10) UNSIGNED NOT NULL,
  `name` varchar(255) COLLATE utf8_unicode_ci DEFAULT NULL,
  `deleted_at` timestamp NULL DEFAULT NULL,
  `created_at` timestamp NOT NULL DEFAULT '0000-00-00 00:00:00',
  `updated_at` timestamp NOT NULL DEFAULT '0000-00-00 00:00:00'
) ENGINE=InnoDB DEFAULT CHARSET=utf8 COLLATE=utf8_unicode_ci;

--
-- Dumping data for table `genericMedicine`
--

INSERT INTO `genericMedicine` (`id`, `name`, `deleted_at`, `created_at`, `updated_at`) VALUES
(1, 'Biogesic', NULL, '2016-05-30 17:22:12', '2016-05-30 17:22:12'),
(2, 'Paracetamol', NULL, '2016-05-30 17:22:49', '2016-05-30 17:22:49'),
(3, 'amoxicillin', NULL, '2016-05-31 00:18:07', '2016-05-31 00:18:07');

-- --------------------------------------------------------

--
-- Table structure for table `groupMembers`
--

CREATE TABLE `groupMembers` (
  `id` int(10) UNSIGNED NOT NULL,
  `groupID` int(11) DEFAULT NULL,
  `memberID` int(11) DEFAULT NULL,
  `memberType` enum('staff','doctor','nurse') COLLATE utf8_unicode_ci DEFAULT 'doctor',
  `deleted_at` timestamp NULL DEFAULT NULL,
  `created_at` timestamp NOT NULL DEFAULT '0000-00-00 00:00:00',
  `updated_at` timestamp NOT NULL DEFAULT '0000-00-00 00:00:00'
) ENGINE=InnoDB DEFAULT CHARSET=utf8 COLLATE=utf8_unicode_ci;

-- --------------------------------------------------------

--
-- Table structure for table `groups`
--

CREATE TABLE `groups` (
  `id` int(10) UNSIGNED NOT NULL,
  `name` varchar(100) COLLATE utf8_unicode_ci DEFAULT NULL,
  `address` text COLLATE utf8_unicode_ci,
  `owner` varchar(100) COLLATE utf8_unicode_ci DEFAULT NULL,
  `licenseNum` varchar(100) COLLATE utf8_unicode_ci DEFAULT NULL,
  `status` tinyint(4) NOT NULL DEFAULT '0',
  `established` varchar(4) COLLATE utf8_unicode_ci DEFAULT NULL,
  `deleted_at` timestamp NULL DEFAULT NULL,
  `created_at` timestamp NOT NULL DEFAULT '0000-00-00 00:00:00',
  `updated_at` timestamp NOT NULL DEFAULT '0000-00-00 00:00:00',
  `logo` longblob
) ENGINE=InnoDB DEFAULT CHARSET=utf8 COLLATE=utf8_unicode_ci;

--
-- Dumping data for table `groups`
--

INSERT INTO `groups` (`id`, `name`, `address`, `owner`, `licenseNum`, `status`, `established`, `deleted_at`, `created_at`, `updated_at`, `logo`) VALUES
(1, 'ConciergeMed', 'Discovery Primea', 'Joel Garcia', '', 1, '2014', NULL, '2016-03-22 21:05:04', '2016-03-22 21:05:04', NULL);

-- --------------------------------------------------------

--
-- Table structure for table `hospitalAffiliatedFacility`
--

CREATE TABLE `hospitalAffiliatedFacility` (
  `id` int(10) UNSIGNED NOT NULL,
  `hospitalID` int(11) DEFAULT NULL,
  `name` varchar(30) COLLATE utf8_unicode_ci DEFAULT NULL,
  `address` text COLLATE utf8_unicode_ci,
  `deleted_at` timestamp NULL DEFAULT NULL,
  `created_at` timestamp NOT NULL DEFAULT '0000-00-00 00:00:00',
  `updated_at` timestamp NOT NULL DEFAULT '0000-00-00 00:00:00'
) ENGINE=InnoDB DEFAULT CHARSET=utf8 COLLATE=utf8_unicode_ci;

-- --------------------------------------------------------

--
-- Table structure for table `hospitals`
--

CREATE TABLE `hospitals` (
  `id` int(10) UNSIGNED NOT NULL,
  `name` varchar(50) COLLATE utf8_unicode_ci DEFAULT NULL,
  `initial` varchar(5) COLLATE utf8_unicode_ci DEFAULT NULL,
  `address` text COLLATE utf8_unicode_ci,
  `email` varchar(100) COLLATE utf8_unicode_ci DEFAULT NULL,
  `website` varchar(100) COLLATE utf8_unicode_ci DEFAULT NULL,
  `trunkLine` varchar(32) COLLATE utf8_unicode_ci DEFAULT NULL,
  `admittingTelNum` varchar(32) COLLATE utf8_unicode_ci DEFAULT NULL,
  `admittingCoordinator` text COLLATE utf8_unicode_ci,
  `billingTelNum` varchar(32) COLLATE utf8_unicode_ci DEFAULT NULL,
  `billingCoordinator` text COLLATE utf8_unicode_ci,
  `patientRelationsTelNum` varchar(32) COLLATE utf8_unicode_ci DEFAULT NULL,
  `patientRelationsCoordinator` text COLLATE utf8_unicode_ci,
  `socialWelfareTelNum` varchar(32) COLLATE utf8_unicode_ci DEFAULT NULL,
  `socialWelfareCoordinator` text COLLATE utf8_unicode_ci,
  `deleted_at` timestamp NULL DEFAULT NULL,
  `created_at` timestamp NOT NULL DEFAULT '0000-00-00 00:00:00',
  `updated_at` timestamp NOT NULL DEFAULT '0000-00-00 00:00:00'
) ENGINE=InnoDB DEFAULT CHARSET=utf8 COLLATE=utf8_unicode_ci;

--
-- Dumping data for table `hospitals`
--

INSERT INTO `hospitals` (`id`, `name`, `initial`, `address`, `email`, `website`, `trunkLine`, `admittingTelNum`, `admittingCoordinator`, `billingTelNum`, `billingCoordinator`, `patientRelationsTelNum`, `patientRelationsCoordinator`, `socialWelfareTelNum`, `socialWelfareCoordinator`, `deleted_at`, `created_at`, `updated_at`) VALUES
(1, 'Test', 'MDH', 'test', '', '', '', '', '', '', '', '', '', '', '', NULL, '2016-08-30 22:14:28', '2016-08-30 22:14:28');

-- --------------------------------------------------------

--
-- Table structure for table `icdCategories`
--

CREATE TABLE `icdCategories` (
  `id` int(10) UNSIGNED NOT NULL,
  `value` varchar(255) COLLATE utf8_unicode_ci DEFAULT NULL,
  `deleted_at` timestamp NULL DEFAULT NULL,
  `created_at` timestamp NOT NULL DEFAULT '0000-00-00 00:00:00',
  `updated_at` timestamp NOT NULL DEFAULT '0000-00-00 00:00:00'
) ENGINE=InnoDB DEFAULT CHARSET=utf8 COLLATE=utf8_unicode_ci;

--
-- Dumping data for table `icdCategories`
--

INSERT INTO `icdCategories` (`id`, `value`, `deleted_at`, `created_at`, `updated_at`) VALUES
(1, 'Amino-acids', NULL, '2016-12-19 02:33:40', '2016-12-19 02:33:40'),
(2, 'Arthropathies', NULL, '2016-12-19 02:33:40', '2016-12-19 02:33:40'),
(3, 'Benign Neoplasm', NULL, '2016-12-19 02:33:40', '2016-12-19 02:33:40'),
(4, 'Benign neoplasms', NULL, '2016-12-19 02:33:40', '2016-12-19 02:33:40'),
(5, 'Bullous disorders', NULL, '2016-12-19 02:33:40', '2016-12-19 02:33:40'),
(6, 'Burns and corrosions', NULL, '2016-12-19 02:33:40', '2016-12-19 02:33:40'),
(7, 'Burns and corrosions of external body surface , specified by site', NULL, '2016-12-19 02:33:40', '2016-12-19 02:33:40'),
(8, 'Cerebral palsy and other paralytic syndrome', NULL, '2016-12-19 02:33:40', '2016-12-19 02:33:40'),
(9, 'Cerebral palsy and other paralytic syndromes', NULL, '2016-12-19 02:33:40', '2016-12-19 02:33:40'),
(10, 'Certain early complications of trauma', NULL, '2016-12-19 02:33:40', '2016-12-19 02:33:40'),
(11, 'Certain infectious and parasitic disease', NULL, '2016-12-19 02:33:40', '2016-12-19 02:33:40'),
(12, 'Chondropathies', NULL, '2016-12-19 02:33:40', '2016-12-19 02:33:40'),
(13, 'Complications of surgical and medical care, not elsewhere classified', NULL, '2016-12-19 02:33:40', '2016-12-19 02:33:40'),
(14, 'Congenital malformations and deformations of the musculoskeletal system', NULL, '2016-12-19 02:33:40', '2016-12-19 02:33:40'),
(15, 'Congenital malformations of the nervous system', NULL, '2016-12-19 02:33:40', '2016-12-19 02:33:40'),
(16, 'Congenital malformations, deformations and chromosonal abnormalities', NULL, '2016-12-19 02:33:40', '2016-12-19 02:33:40'),
(17, 'Dermatitis and eczema', NULL, '2016-12-19 02:33:40', '2016-12-19 02:33:40'),
(18, 'Diseases of myoneural junction and muscle', NULL, '2016-12-19 02:33:40', '2016-12-19 02:33:40'),
(19, 'Diseases of the muscoloskeletal system and connective tissue', NULL, '2016-12-19 02:33:40', '2016-12-19 02:33:40'),
(20, 'Diseases of the nervous system', NULL, '2016-12-19 02:33:40', '2016-12-19 02:33:40'),
(21, 'Diseases of the skin and subcutaneous tissue', NULL, '2016-12-19 02:33:40', '2016-12-19 02:33:40'),
(22, 'Disorders of skin appendages', NULL, '2016-12-19 02:33:40', '2016-12-19 02:33:40'),
(23, 'Dorsopathies', NULL, '2016-12-19 02:33:40', '2016-12-19 02:33:40'),
(24, 'Factors influencing health status and contract with health services', NULL, '2016-12-19 02:33:40', '2016-12-19 02:33:40'),
(25, 'In situ neoplasms', NULL, '2016-12-19 02:33:40', '2016-12-19 02:33:40'),
(26, 'In-situ Neoplasm', NULL, '2016-12-19 02:33:40', '2016-12-19 02:33:40'),
(27, 'Infections of the skin and subcutaneous tissue', NULL, '2016-12-19 02:33:40', '2016-12-19 02:33:40'),
(28, 'Injuries involving multiple body regions', NULL, '2016-12-19 02:33:40', '2016-12-19 02:33:40'),
(29, 'Injuries to the abdomen, lower back, lumbar spine and pelvis', NULL, '2016-12-19 02:33:40', '2016-12-19 02:33:40'),
(30, 'Injuries to the ankle and foot', NULL, '2016-12-19 02:33:40', '2016-12-19 02:33:40'),
(31, 'Injuries to the elbow and forearm', NULL, '2016-12-19 02:33:40', '2016-12-19 02:33:40'),
(32, 'Injuries to the hip and thigh', NULL, '2016-12-19 02:33:40', '2016-12-19 02:33:40'),
(33, 'Injuries to the knee and lower leg', NULL, '2016-12-19 02:33:40', '2016-12-19 02:33:40'),
(34, 'Injuries to the neck', NULL, '2016-12-19 02:33:40', '2016-12-19 02:33:40'),
(35, 'Injuries to the shoulder and upper arm', NULL, '2016-12-19 02:33:40', '2016-12-19 02:33:40'),
(36, 'Injuries to the thorax', NULL, '2016-12-19 02:33:40', '2016-12-19 02:33:40'),
(37, 'Injuries to the wrist and hand', NULL, '2016-12-19 02:33:40', '2016-12-19 02:33:40'),
(38, 'Injuries to unspecified part of trunk, limb or body region', NULL, '2016-12-19 02:33:40', '2016-12-19 02:33:40'),
(39, 'Injury, poisoning and certain other consequences of external cause', NULL, '2016-12-19 02:33:40', '2016-12-19 02:33:40'),
(40, 'Injury, poisoning and certain other consequences of external causes', NULL, '2016-12-19 02:33:40', '2016-12-19 02:33:40'),
(41, 'Malignant Neoplasm', NULL, '2016-12-19 02:33:40', '2016-12-19 02:33:40'),
(42, 'Malignant Neoplasms', NULL, '2016-12-19 02:33:40', '2016-12-19 02:33:40'),
(43, 'Mood (affective) disorders', NULL, '2016-12-19 02:33:40', '2016-12-19 02:33:40'),
(44, 'Neoplasm', NULL, '2016-12-19 02:33:40', '2016-12-19 02:33:40'),
(45, 'Neoplasm of uncertain or unknown behaviour', NULL, '2016-12-19 02:33:40', '2016-12-19 02:33:40'),
(46, 'Neoplasms', NULL, '2016-12-19 02:33:40', '2016-12-19 02:33:40'),
(47, 'Nerve, nerve root and plexus disorders', NULL, '2016-12-19 02:33:40', '2016-12-19 02:33:40'),
(48, 'Nerve,nerve root & plexus disorder', NULL, '2016-12-19 02:33:40', '2016-12-19 02:33:40'),
(49, 'Nutritional diseases', NULL, '2016-12-19 02:33:40', '2016-12-19 02:33:40'),
(50, 'Obesity and other hyperalimentation', NULL, '2016-12-19 02:33:40', '2016-12-19 02:33:40'),
(51, 'Osteopathies and chondropathies', NULL, '2016-12-19 02:33:40', '2016-12-19 02:33:40'),
(52, 'Other congenital malformations', NULL, '2016-12-19 02:33:40', '2016-12-19 02:33:40'),
(53, 'Other Disorder of the muskuloskeletal system and connective', NULL, '2016-12-19 02:33:40', '2016-12-19 02:33:40'),
(54, 'Other Disorders of the muskuloskeletal system and connective tissue', NULL, '2016-12-19 02:33:40', '2016-12-19 02:33:40'),
(55, 'Other nutritional deficiencies', NULL, '2016-12-19 02:33:40', '2016-12-19 02:33:40'),
(56, 'Persons encountering health services for specific procedures and health care', NULL, '2016-12-19 02:33:40', '2016-12-19 02:33:40'),
(57, 'Persons with potential health hazard related to family and personal history and certain conditions influencing health status', NULL, '2016-12-19 02:33:40', '2016-12-19 02:33:40'),
(58, 'Radiation-related disorders of the skin and subcutaneous tissue', NULL, '2016-12-19 02:33:40', '2016-12-19 02:33:40'),
(59, 'Sequelae of injuries, of poisoning and of other consequences of external causes', NULL, '2016-12-19 02:33:40', '2016-12-19 02:33:40'),
(60, 'Soft tissue disorders', NULL, '2016-12-19 02:33:40', '2016-12-19 02:33:40'),
(61, 'Systemic connective tissue disorder', NULL, '2016-12-19 02:33:40', '2016-12-19 02:33:40'),
(62, 'Systemic connective tissue disorders', NULL, '2016-12-19 02:33:40', '2016-12-19 02:33:40'),
(63, 'Tuberculosis', NULL, '2016-12-19 02:33:40', '2016-12-19 02:33:40'),
(64, 'Urticaria and erythema', NULL, '2016-12-19 02:33:40', '2016-12-19 02:33:40'),
(65, 'Malnutrition', NULL, '2016-12-19 02:33:40', '2016-12-19 02:33:40'),
(66, 'Other disorder of the nervous system', NULL, '2016-12-19 02:33:40', '2016-12-19 02:33:40');

-- --------------------------------------------------------

--
-- Table structure for table `icds`
--

CREATE TABLE `icds` (
  `id` int(10) UNSIGNED NOT NULL,
  `icdCategoriesID` int(11) DEFAULT NULL,
  `code` varchar(32) COLLATE utf8_unicode_ci DEFAULT NULL,
  `description` text COLLATE utf8_unicode_ci,
  `version` varchar(32) COLLATE utf8_unicode_ci DEFAULT NULL,
  `subIcdCategories1ID` varchar(255) COLLATE utf8_unicode_ci DEFAULT NULL,
  `subIcdCategories2ID` varchar(255) COLLATE utf8_unicode_ci DEFAULT NULL,
  `subIcdCategories3ID` varchar(255) COLLATE utf8_unicode_ci DEFAULT NULL,
  `subIcdCategories4ID` varchar(255) COLLATE utf8_unicode_ci DEFAULT NULL,
  `deleted_at` timestamp NULL DEFAULT NULL,
  `created_at` timestamp NOT NULL DEFAULT '0000-00-00 00:00:00',
  `updated_at` timestamp NOT NULL DEFAULT '0000-00-00 00:00:00'
) ENGINE=InnoDB DEFAULT CHARSET=utf8 COLLATE=utf8_unicode_ci;

--
-- Dumping data for table `icds`
--

INSERT INTO `icds` (`id`, `icdCategoriesID`, `code`, `description`, `version`, `subIcdCategories1ID`, `subIcdCategories2ID`, `subIcdCategories3ID`, `subIcdCategories4ID`, `deleted_at`, `created_at`, `updated_at`) VALUES
(1, 19, 'M00.0', 'Staphylococcal arthritis and polyarthritis', '1', '2', NULL, NULL, NULL, NULL, '2016-12-19 02:33:40', '2016-12-19 02:33:40'),
(2, 19, 'M00.1', 'Pneumococcal arthritis and polyarthritis', '1', '2', NULL, NULL, NULL, NULL, '2016-12-19 02:33:40', '2016-12-19 02:33:40'),
(3, 19, 'M00.2', 'Other streptococcal arthritis and polyarthritis', '1', '2', NULL, NULL, NULL, NULL, '2016-12-19 02:33:40', '2016-12-19 02:33:40'),
(4, 19, 'M00.8', 'Arthritis and polyarthritis due to other specified bacterial agents', '1', '2', NULL, NULL, NULL, NULL, '2016-12-19 02:33:40', '2016-12-19 02:33:40'),
(5, 19, 'M00.9', 'Pyogenic arthritis, unspecified', '1', '2', NULL, NULL, NULL, NULL, '2016-12-19 02:33:40', '2016-12-19 02:33:40'),
(6, 19, 'M01.0*', 'Meningococcal arthritis (A39.8+)', '1', '2', NULL, NULL, NULL, NULL, '2016-12-19 02:33:40', '2016-12-19 02:33:40'),
(7, 19, 'M01.1*', 'Tuberculous arthritis (A18.0+)', '1', '2', NULL, NULL, NULL, NULL, '2016-12-19 02:33:40', '2016-12-19 02:33:40'),
(8, 19, 'M01.2*', 'Arthritis in Lyme disease (A69.2+)', '1', '2', NULL, NULL, NULL, NULL, '2016-12-19 02:33:40', '2016-12-19 02:33:40'),
(9, 19, 'M01.3*', 'Arthritis in other bacterial diseases classified elsewhere', '1', '2', NULL, NULL, NULL, NULL, '2016-12-19 02:33:40', '2016-12-19 02:33:40'),
(10, 19, 'M01.4*', 'Rubella arthritis (B06.8+)', '1', '2', NULL, NULL, NULL, NULL, '2016-12-19 02:33:40', '2016-12-19 02:33:40'),
(11, 19, 'M01.5*', 'Arthritis in other viral diseases classified elsewhere', '1', '2', NULL, NULL, NULL, NULL, '2016-12-19 02:33:40', '2016-12-19 02:33:40'),
(12, 19, 'M01.6*', 'Arthritis in mycoses (B35-B49+)', '1', '2', NULL, NULL, NULL, NULL, '2016-12-19 02:33:40', '2016-12-19 02:33:40'),
(13, 19, 'M01.8*', 'Arthritis in other infectious and parasitic diseases classified elsewhere', '1', '2', NULL, NULL, NULL, NULL, '2016-12-19 02:33:40', '2016-12-19 02:33:40'),
(14, 19, 'M02.0', 'Arthropathy following intestinal bypass', '1', '2', NULL, NULL, NULL, NULL, '2016-12-19 02:33:40', '2016-12-19 02:33:40'),
(15, 19, 'M02.1', 'Post dysenteric arthropathy', '1', '2', NULL, NULL, NULL, NULL, '2016-12-19 02:33:40', '2016-12-19 02:33:40'),
(16, 19, 'M02.2', 'Post immunization arthropathy', '1', '2', NULL, NULL, NULL, NULL, '2016-12-19 02:33:40', '2016-12-19 02:33:40'),
(17, 19, 'M02.3', 'Reiter\'s disease', '1', '2', NULL, NULL, NULL, NULL, '2016-12-19 02:33:40', '2016-12-19 02:33:40'),
(18, 19, 'M02.8', 'Other reactive arthropathies', '1', '2', NULL, NULL, NULL, NULL, '2016-12-19 02:33:40', '2016-12-19 02:33:40'),
(19, 19, 'M02.9', 'Reactive arthropathy, unspecified', '1', '2', NULL, NULL, NULL, NULL, '2016-12-19 02:33:40', '2016-12-19 02:33:40'),
(20, 19, 'M03.0*', 'Postmeningococcal arthritis (A39.8+)', '1', '2', NULL, NULL, NULL, NULL, '2016-12-19 02:33:40', '2016-12-19 02:33:40'),
(21, 19, 'M03.1*', 'Postinfective arthropathy in syphilis', '1', '2', NULL, NULL, NULL, NULL, '2016-12-19 02:33:40', '2016-12-19 02:33:40'),
(22, 19, 'M03.2*', 'Other postinfectious arthropathies in diseases classified elsewhere', '1', '2', NULL, NULL, NULL, NULL, '2016-12-19 02:33:40', '2016-12-19 02:33:40'),
(23, 19, 'M03.6*', 'Reactive arthropathy in other diseases classified elsewhere', '1', '2', NULL, NULL, NULL, NULL, '2016-12-19 02:33:40', '2016-12-19 02:33:40'),
(24, 19, 'M05.0', 'Felty\'s syndrome', '1', '2', NULL, NULL, NULL, NULL, '2016-12-19 02:33:40', '2016-12-19 02:33:40'),
(25, 19, 'M05.1+', 'Rheumatoid lung disease (J99.0*)', '1', '2', NULL, NULL, NULL, NULL, '2016-12-19 02:33:40', '2016-12-19 02:33:40'),
(26, 19, 'M05.2', 'Rheumatoid vasculitis', '1', '2', NULL, NULL, NULL, NULL, '2016-12-19 02:33:40', '2016-12-19 02:33:40'),
(27, 19, 'M05.3+', 'Rheumatoid arthritis with involvement of other organs and systems', '1', '2', NULL, NULL, NULL, NULL, '2016-12-19 02:33:40', '2016-12-19 02:33:40'),
(28, 19, 'M05.8', 'Other seropositive rheumatoid arthritis', '1', '2', NULL, NULL, NULL, NULL, '2016-12-19 02:33:40', '2016-12-19 02:33:40'),
(29, 19, 'M05.9', 'Seropositive rheumatoid arthritis, unspecified', '1', '2', NULL, NULL, NULL, NULL, '2016-12-19 02:33:40', '2016-12-19 02:33:40'),
(30, 19, 'M06.0', 'Seronegative rheumatoid arthritis', '1', '2', NULL, NULL, NULL, NULL, '2016-12-19 02:33:40', '2016-12-19 02:33:40'),
(31, 19, 'M06.1', 'Adult-onset Still\'s disease', '1', '2', NULL, NULL, NULL, NULL, '2016-12-19 02:33:40', '2016-12-19 02:33:40'),
(32, 19, 'M06.2', 'Rheumatoid bursitis', '1', '2', NULL, NULL, NULL, NULL, '2016-12-19 02:33:40', '2016-12-19 02:33:40'),
(33, 19, 'M06.3', 'Rheumatoid nodule', '1', '2', NULL, NULL, NULL, NULL, '2016-12-19 02:33:40', '2016-12-19 02:33:40'),
(34, 19, 'M06.4', 'Inflammatory polyarthropathy', '1', '2', NULL, NULL, NULL, NULL, '2016-12-19 02:33:40', '2016-12-19 02:33:40'),
(35, 19, 'M06.8', 'Other specified rheumatoid arthritis', '1', '2', NULL, NULL, NULL, NULL, '2016-12-19 02:33:40', '2016-12-19 02:33:40'),
(36, 19, 'M06.9', 'Rheumatoid arthritis, unspecified', '1', '2', NULL, NULL, NULL, NULL, '2016-12-19 02:33:40', '2016-12-19 02:33:40'),
(37, 19, 'M07.0*', 'Distal interphalangeal psoriatic arthropathy (L40.5+)', '1', '2', NULL, NULL, NULL, NULL, '2016-12-19 02:33:40', '2016-12-19 02:33:40'),
(38, 19, 'M07.1*', 'Arthritis mutilans (L40.5+)', '1', '2', NULL, NULL, NULL, NULL, '2016-12-19 02:33:40', '2016-12-19 02:33:40'),
(39, 19, 'M07.2*', 'Psoriatic spondylitis (L40.5+)', '1', '2', NULL, NULL, NULL, NULL, '2016-12-19 02:33:40', '2016-12-19 02:33:40'),
(40, 19, 'M07.3*', 'Other psoriatic arthropathies (L40.5+)', '1', '2', NULL, NULL, NULL, NULL, '2016-12-19 02:33:40', '2016-12-19 02:33:40'),
(41, 19, 'M07.4*', 'Arthropathy in Crohn\'s disease [regional enteritis] (K50.-+)', '1', '2', NULL, NULL, NULL, NULL, '2016-12-19 02:33:40', '2016-12-19 02:33:40'),
(42, 19, 'M07.5*', 'Arthropathy in ulcerative colitis (K51.-+)', '1', '2', NULL, NULL, NULL, NULL, '2016-12-19 02:33:40', '2016-12-19 02:33:40'),
(43, 19, 'M07.6*', 'Other enteropathic arthropathies', '1', '2', NULL, NULL, NULL, NULL, '2016-12-19 02:33:40', '2016-12-19 02:33:40'),
(44, 19, 'M08.0', 'Juvenile rheumatoid arthritis', '1', '2', NULL, NULL, NULL, NULL, '2016-12-19 02:33:40', '2016-12-19 02:33:40'),
(45, 19, 'M08.1', 'Juvenile ankylosing spondylitis', '1', '2', NULL, NULL, NULL, NULL, '2016-12-19 02:33:40', '2016-12-19 02:33:40'),
(46, 19, 'M08.2', 'Juvenile arthritis with systemic onset', '1', '2', NULL, NULL, NULL, NULL, '2016-12-19 02:33:40', '2016-12-19 02:33:40'),
(47, 19, 'M08.3', 'Juvenile polyarthritis (seronegative)', '1', '2', NULL, NULL, NULL, NULL, '2016-12-19 02:33:40', '2016-12-19 02:33:40'),
(48, 19, 'M08.4', 'Pauciarticular juvenile arthritis', '1', '2', NULL, NULL, NULL, NULL, '2016-12-19 02:33:40', '2016-12-19 02:33:40'),
(49, 19, 'M08.8', 'Other juvenile arthritis', '1', '2', NULL, NULL, NULL, NULL, '2016-12-19 02:33:40', '2016-12-19 02:33:40'),
(50, 19, 'M08.9', 'Juvenile arthritis, unspecified', '1', '2', NULL, NULL, NULL, NULL, '2016-12-19 02:33:40', '2016-12-19 02:33:40'),
(51, 19, 'M09.0*', 'Juvenile arthritis in psoriasis (L40.5+)', '1', '2', NULL, NULL, NULL, NULL, '2016-12-19 02:33:40', '2016-12-19 02:33:40'),
(52, 19, 'M09.1*', 'Juvenile arthritis in Crohn\'s disease [regional enteritis] (K50.-+)', '1', '2', NULL, NULL, NULL, NULL, '2016-12-19 02:33:40', '2016-12-19 02:33:40'),
(53, 19, 'M09.2*', 'Juvenile arthritis in ulcerative colitis (K51.-+)', '1', '2', NULL, NULL, NULL, NULL, '2016-12-19 02:33:40', '2016-12-19 02:33:40'),
(54, 19, 'M09.8*', 'Juvenile arthritis in other diseases classified elsewhere', '1', '2', NULL, NULL, NULL, NULL, '2016-12-19 02:33:40', '2016-12-19 02:33:40'),
(55, 19, 'M10.0', 'Idiopathic gout', '1', '2', NULL, NULL, NULL, NULL, '2016-12-19 02:33:40', '2016-12-19 02:33:40'),
(56, 19, 'M10.1', 'Lead-induced gout', '1', '2', NULL, NULL, NULL, NULL, '2016-12-19 02:33:40', '2016-12-19 02:33:40'),
(57, 19, 'M10.2', 'Drug-induced gout', '1', '2', NULL, NULL, NULL, NULL, '2016-12-19 02:33:40', '2016-12-19 02:33:40'),
(58, 19, 'M10.3', 'Gout due to impairment of renal function', '1', '2', NULL, NULL, NULL, NULL, '2016-12-19 02:33:40', '2016-12-19 02:33:40'),
(59, 19, 'M10.4', 'Other secondary gout', '1', '2', NULL, NULL, NULL, NULL, '2016-12-19 02:33:40', '2016-12-19 02:33:40'),
(60, 19, 'M10.9', 'Gout, unspecified', '1', '2', NULL, NULL, NULL, NULL, '2016-12-19 02:33:40', '2016-12-19 02:33:40'),
(61, 19, 'M11.0', 'Hydroxyapatite deposition disease', '1', '2', NULL, NULL, NULL, NULL, '2016-12-19 02:33:40', '2016-12-19 02:33:40'),
(62, 19, 'M11.1', 'Familial chondrocalcinosis', '1', '2', NULL, NULL, NULL, NULL, '2016-12-19 02:33:40', '2016-12-19 02:33:40'),
(63, 19, 'M11.2', 'Other chondrocalcinosis', '1', '2', NULL, NULL, NULL, NULL, '2016-12-19 02:33:40', '2016-12-19 02:33:40'),
(64, 19, 'M11.8', 'Other specified crystal arthropathies', '1', '2', NULL, NULL, NULL, NULL, '2016-12-19 02:33:40', '2016-12-19 02:33:40'),
(65, 19, 'M11.9', 'Crystal arthropathy, unspecified', '1', '2', NULL, NULL, NULL, NULL, '2016-12-19 02:33:40', '2016-12-19 02:33:40'),
(66, 19, 'M12.0', 'Chronic postrheumatic arthropathy [Jaccoud]', '1', '2', NULL, NULL, NULL, NULL, '2016-12-19 02:33:40', '2016-12-19 02:33:40'),
(67, 19, 'M12.1', 'Kaschin-Beck disease', '1', '2', NULL, NULL, NULL, NULL, '2016-12-19 02:33:40', '2016-12-19 02:33:40'),
(68, 19, 'M12.2', 'Villonodular synovitis (pigmented)', '1', '2', NULL, NULL, NULL, NULL, '2016-12-19 02:33:40', '2016-12-19 02:33:40'),
(69, 19, 'M12.3', 'Palindromic rheumatism', '1', '2', NULL, NULL, NULL, NULL, '2016-12-19 02:33:40', '2016-12-19 02:33:40'),
(70, 19, 'M12.4', 'Intermittent hydrarthrosis', '1', '2', NULL, NULL, NULL, NULL, '2016-12-19 02:33:40', '2016-12-19 02:33:40'),
(71, 19, 'M12.5', 'Traumatic arthropathy', '1', '2', NULL, NULL, NULL, NULL, '2016-12-19 02:33:40', '2016-12-19 02:33:40'),
(72, 19, 'M12.8', 'Other specific arthropathies, not elsewhere classified', '1', '2', NULL, NULL, NULL, NULL, '2016-12-19 02:33:40', '2016-12-19 02:33:40'),
(73, 19, 'M13.0', 'Polyarthritis, unspecified', '1', '2', NULL, NULL, NULL, NULL, '2016-12-19 02:33:40', '2016-12-19 02:33:40'),
(74, 19, 'M13.1', 'Monoarthritis, not elsewhere classified', '1', '2', NULL, NULL, NULL, NULL, '2016-12-19 02:33:40', '2016-12-19 02:33:40'),
(75, 19, 'M13.8', 'Other specified arthritis', '1', '2', NULL, NULL, NULL, NULL, '2016-12-19 02:33:40', '2016-12-19 02:33:40'),
(76, 19, 'M13.9', 'Arthritis, unspecified', '1', '2', NULL, NULL, NULL, NULL, '2016-12-19 02:33:40', '2016-12-19 02:33:40'),
(77, 19, 'M14.0*', 'Gouty arthropathy due to enzyme defects and other inherited disorders', '1', '2', NULL, NULL, NULL, NULL, '2016-12-19 02:33:40', '2016-12-19 02:33:40'),
(78, 19, 'M14.1*', 'Crystal arthropathy in other metabolic disorders', '1', '2', NULL, NULL, NULL, NULL, '2016-12-19 02:33:40', '2016-12-19 02:33:40'),
(79, 19, 'M14.2*', 'Diabetic arthropathy (E10-E14+ with common fourth character .6)', '1', '2', NULL, NULL, NULL, NULL, '2016-12-19 02:33:40', '2016-12-19 02:33:40'),
(80, 19, 'M14.3*', 'Lipoid dermatoarthritis (E78.8+)', '1', '2', NULL, NULL, NULL, NULL, '2016-12-19 02:33:40', '2016-12-19 02:33:40'),
(81, 19, 'M14.4*', 'Arthropathy in amyloidosis (E85.-+)', '1', '2', NULL, NULL, NULL, NULL, '2016-12-19 02:33:40', '2016-12-19 02:33:40'),
(82, 19, 'M14.5*', 'Arthropathies in other endocrine, nutritional and metabolic disorders', '1', '2', NULL, NULL, NULL, NULL, '2016-12-19 02:33:40', '2016-12-19 02:33:40'),
(83, 19, 'M14.6*', 'Naturopathic arthropathy', '1', '2', NULL, NULL, NULL, NULL, '2016-12-19 02:33:40', '2016-12-19 02:33:40'),
(84, 19, 'M14.8*', 'Arthropathies in other specified diseases classified elsewhere', '1', '2', NULL, NULL, NULL, NULL, '2016-12-19 02:33:40', '2016-12-19 02:33:40'),
(85, 19, 'M15.0', 'Primary generalized (osteo)arthrosis', '1', '2', NULL, NULL, NULL, NULL, '2016-12-19 02:33:40', '2016-12-19 02:33:40'),
(86, 19, 'M15.1', 'Heberden\'s nodes (with arthropathy)', '1', '2', NULL, NULL, NULL, NULL, '2016-12-19 02:33:40', '2016-12-19 02:33:40'),
(87, 19, 'M15.2', 'Bouchard\'s nodes (with arthropathy)', '1', '2', NULL, NULL, NULL, NULL, '2016-12-19 02:33:40', '2016-12-19 02:33:40'),
(88, 19, 'M15.3', 'Secondary multiple arthrosis', '1', '2', NULL, NULL, NULL, NULL, '2016-12-19 02:33:40', '2016-12-19 02:33:40'),
(89, 19, 'M15.4', 'Erosive (osteo)arthrosis', '1', '2', NULL, NULL, NULL, NULL, '2016-12-19 02:33:40', '2016-12-19 02:33:40'),
(90, 19, 'M15.8', 'Other polyarthrosis', '1', '2', NULL, NULL, NULL, NULL, '2016-12-19 02:33:40', '2016-12-19 02:33:40'),
(91, 19, 'M15.9', 'Polyarthrosis, unspecified', '1', '2', NULL, NULL, NULL, NULL, '2016-12-19 02:33:40', '2016-12-19 02:33:40'),
(92, 19, 'M16.0', 'Primary coxarthrosis, bilateral', '1', '2', NULL, NULL, NULL, NULL, '2016-12-19 02:33:40', '2016-12-19 02:33:40'),
(93, 19, 'M16.1', 'Other primary coxarthrosis', '1', '2', NULL, NULL, NULL, NULL, '2016-12-19 02:33:40', '2016-12-19 02:33:40'),
(94, 19, 'M16.2', 'Coxarthrosis resulting from dysplasia, bilateral', '1', '2', NULL, NULL, NULL, NULL, '2016-12-19 02:33:40', '2016-12-19 02:33:40'),
(95, 19, 'M16.3', 'Other dysplastic coxarthrosis', '1', '2', NULL, NULL, NULL, NULL, '2016-12-19 02:33:40', '2016-12-19 02:33:40'),
(96, 19, 'M16.4', 'Post-traumatic coxarthrosis, bilateral', '1', '2', NULL, NULL, NULL, NULL, '2016-12-19 02:33:40', '2016-12-19 02:33:40'),
(97, 19, 'M16.5', 'Other post-traumatic coxarthrosis', '1', '2', NULL, NULL, NULL, NULL, '2016-12-19 02:33:40', '2016-12-19 02:33:40'),
(98, 19, 'M16.6', 'Other secondary coxarthrosis, bilateral', '1', '2', NULL, NULL, NULL, NULL, '2016-12-19 02:33:40', '2016-12-19 02:33:40'),
(99, 19, 'M16.7', 'Other secondary coxarthrosis', '1', '2', NULL, NULL, NULL, NULL, '2016-12-19 02:33:40', '2016-12-19 02:33:40'),
(100, 19, 'M00.0', 'Staphylococcal arthritis and polyarthritis', '1', '2', NULL, NULL, NULL, NULL, '2016-12-19 02:33:40', '2016-12-19 02:33:40'),
(101, 19, 'M00.1', 'Pneumococcal arthritis and polyarthritis', '1', '2', NULL, NULL, NULL, NULL, '2016-12-19 02:33:40', '2016-12-19 02:33:40'),
(102, 19, 'M00.2', 'Other streptococcal arthritis and polyarthritis', '1', '2', NULL, NULL, NULL, NULL, '2016-12-19 02:33:40', '2016-12-19 02:33:40'),
(103, 19, 'M00.8', 'Arthritis and polyarthritis due to other specified bacterial agents', '1', '2', NULL, NULL, NULL, NULL, '2016-12-19 02:33:40', '2016-12-19 02:33:40'),
(104, 19, 'M00.9', 'Pyogenic arthritis, unspecified', '1', '2', NULL, NULL, NULL, NULL, '2016-12-19 02:33:40', '2016-12-19 02:33:40'),
(105, 19, 'M01.0*', 'Meningococcal arthritis (A39.8+)', '1', '2', NULL, NULL, NULL, NULL, '2016-12-19 02:33:40', '2016-12-19 02:33:40'),
(106, 19, 'M01.1*', 'Tuberculous arthritis (A18.0+)', '1', '2', NULL, NULL, NULL, NULL, '2016-12-19 02:33:40', '2016-12-19 02:33:40'),
(107, 19, 'M01.2*', 'Arthritis in Lyme disease (A69.2+)', '1', '2', NULL, NULL, NULL, NULL, '2016-12-19 02:33:40', '2016-12-19 02:33:40'),
(108, 19, 'M01.3*', 'Arthritis in other bacterial diseases classified elsewhere', '1', '2', NULL, NULL, NULL, NULL, '2016-12-19 02:33:40', '2016-12-19 02:33:40'),
(109, 19, 'M01.4*', 'Rubella arthritis (B06.8+)', '1', '2', NULL, NULL, NULL, NULL, '2016-12-19 02:33:40', '2016-12-19 02:33:40'),
(110, 19, 'M01.5*', 'Arthritis in other viral diseases classified elsewhere', '1', '2', NULL, NULL, NULL, NULL, '2016-12-19 02:33:40', '2016-12-19 02:33:40'),
(111, 19, 'M01.6*', 'Arthritis in mycoses (B35-B49+)', '1', '2', NULL, NULL, NULL, NULL, '2016-12-19 02:33:40', '2016-12-19 02:33:40'),
(112, 19, 'M01.8*', 'Arthritis in other infectious and parasitic diseases classified elsewhere', '1', '2', NULL, NULL, NULL, NULL, '2016-12-19 02:33:40', '2016-12-19 02:33:40'),
(113, 19, 'M02.0', 'Arthropathy following intestinal bypass', '1', '2', NULL, NULL, NULL, NULL, '2016-12-19 02:33:40', '2016-12-19 02:33:40'),
(114, 19, 'M02.1', 'Post dysenteric arthropathy', '1', '2', NULL, NULL, NULL, NULL, '2016-12-19 02:33:40', '2016-12-19 02:33:40'),
(115, 19, 'M02.2', 'Post immunization arthropathy', '1', '2', NULL, NULL, NULL, NULL, '2016-12-19 02:33:40', '2016-12-19 02:33:40'),
(116, 19, 'M02.3', 'Reiter\'s disease', '1', '2', NULL, NULL, NULL, NULL, '2016-12-19 02:33:40', '2016-12-19 02:33:40'),
(117, 19, 'M02.8', 'Other reactive arthropathies', '1', '2', NULL, NULL, NULL, NULL, '2016-12-19 02:33:40', '2016-12-19 02:33:40'),
(118, 19, 'M02.9', 'Reactive arthropathy, unspecified', '1', '2', NULL, NULL, NULL, NULL, '2016-12-19 02:33:40', '2016-12-19 02:33:40'),
(119, 19, 'M03.0*', 'Postmeningococcal arthritis (A39.8+)', '1', '2', NULL, NULL, NULL, NULL, '2016-12-19 02:33:40', '2016-12-19 02:33:40'),
(120, 19, 'M03.1*', 'Postinfective arthropathy in syphilis', '1', '2', NULL, NULL, NULL, NULL, '2016-12-19 02:33:40', '2016-12-19 02:33:40'),
(121, 19, 'M03.2*', 'Other postinfectious arthropathies in diseases classified elsewhere', '1', '2', NULL, NULL, NULL, NULL, '2016-12-19 02:33:40', '2016-12-19 02:33:40'),
(122, 19, 'M03.6*', 'Reactive arthropathy in other diseases classified elsewhere', '1', '2', NULL, NULL, NULL, NULL, '2016-12-19 02:33:40', '2016-12-19 02:33:40'),
(123, 19, 'M05.0', 'Felty\'s syndrome', '1', '2', NULL, NULL, NULL, NULL, '2016-12-19 02:33:40', '2016-12-19 02:33:40'),
(124, 19, 'M05.1+', 'Rheumatoid lung disease (J99.0*)', '1', '2', NULL, NULL, NULL, NULL, '2016-12-19 02:33:40', '2016-12-19 02:33:40'),
(125, 19, 'M05.2', 'Rheumatoid vasculitis', '1', '2', NULL, NULL, NULL, NULL, '2016-12-19 02:33:40', '2016-12-19 02:33:40'),
(126, 19, 'M05.3+', 'Rheumatoid arthritis with involvement of other organs and systems', '1', '2', NULL, NULL, NULL, NULL, '2016-12-19 02:33:40', '2016-12-19 02:33:40'),
(127, 19, 'M05.8', 'Other seropositive rheumatoid arthritis', '1', '2', NULL, NULL, NULL, NULL, '2016-12-19 02:33:40', '2016-12-19 02:33:40'),
(128, 19, 'M05.9', 'Seropositive rheumatoid arthritis, unspecified', '1', '2', NULL, NULL, NULL, NULL, '2016-12-19 02:33:40', '2016-12-19 02:33:40'),
(129, 19, 'M06.0', 'Seronegative rheumatoid arthritis', '1', '2', NULL, NULL, NULL, NULL, '2016-12-19 02:33:40', '2016-12-19 02:33:40'),
(130, 19, 'M06.1', 'Adult-onset Still\'s disease', '1', '2', NULL, NULL, NULL, NULL, '2016-12-19 02:33:40', '2016-12-19 02:33:40'),
(131, 19, 'M06.2', 'Rheumatoid bursitis', '1', '2', NULL, NULL, NULL, NULL, '2016-12-19 02:33:40', '2016-12-19 02:33:40'),
(132, 19, 'M06.3', 'Rheumatoid nodule', '1', '2', NULL, NULL, NULL, NULL, '2016-12-19 02:33:40', '2016-12-19 02:33:40'),
(133, 19, 'M06.4', 'Inflammatory polyarthropathy', '1', '2', NULL, NULL, NULL, NULL, '2016-12-19 02:33:40', '2016-12-19 02:33:40'),
(134, 19, 'M06.8', 'Other specified rheumatoid arthritis', '1', '2', NULL, NULL, NULL, NULL, '2016-12-19 02:33:40', '2016-12-19 02:33:40'),
(135, 19, 'M06.9', 'Rheumatoid arthritis, unspecified', '1', '2', NULL, NULL, NULL, NULL, '2016-12-19 02:33:40', '2016-12-19 02:33:40'),
(136, 19, 'M07.0*', 'Distal interphalangeal psoriatic arthropathy (L40.5+)', '1', '2', NULL, NULL, NULL, NULL, '2016-12-19 02:33:40', '2016-12-19 02:33:40'),
(137, 19, 'M07.1*', 'Arthritis mutilans (L40.5+)', '1', '2', NULL, NULL, NULL, NULL, '2016-12-19 02:33:40', '2016-12-19 02:33:40'),
(138, 19, 'M07.2*', 'Psoriatic spondylitis (L40.5+)', '1', '2', NULL, NULL, NULL, NULL, '2016-12-19 02:33:40', '2016-12-19 02:33:40'),
(139, 19, 'M07.3*', 'Other psoriatic arthropathies (L40.5+)', '1', '2', NULL, NULL, NULL, NULL, '2016-12-19 02:33:40', '2016-12-19 02:33:40'),
(140, 19, 'M07.4*', 'Arthropathy in Crohn\'s disease [regional enteritis] (K50.-+)', '1', '2', NULL, NULL, NULL, NULL, '2016-12-19 02:33:40', '2016-12-19 02:33:40'),
(141, 19, 'M07.5*', 'Arthropathy in ulcerative colitis (K51.-+)', '1', '2', NULL, NULL, NULL, NULL, '2016-12-19 02:33:40', '2016-12-19 02:33:40'),
(142, 19, 'M07.6*', 'Other enteropathic arthropathies', '1', '2', NULL, NULL, NULL, NULL, '2016-12-19 02:33:40', '2016-12-19 02:33:40'),
(143, 19, 'M08.0', 'Juvenile rheumatoid arthritis', '1', '2', NULL, NULL, NULL, NULL, '2016-12-19 02:33:40', '2016-12-19 02:33:40'),
(144, 19, 'M08.1', 'Juvenile ankylosing spondylitis', '1', '2', NULL, NULL, NULL, NULL, '2016-12-19 02:33:40', '2016-12-19 02:33:40'),
(145, 19, 'M08.2', 'Juvenile arthritis with systemic onset', '1', '2', NULL, NULL, NULL, NULL, '2016-12-19 02:33:40', '2016-12-19 02:33:40'),
(146, 19, 'M08.3', 'Juvenile polyarthritis (seronegative)', '1', '2', NULL, NULL, NULL, NULL, '2016-12-19 02:33:40', '2016-12-19 02:33:40'),
(147, 19, 'M08.4', 'Pauciarticular juvenile arthritis', '1', '2', NULL, NULL, NULL, NULL, '2016-12-19 02:33:40', '2016-12-19 02:33:40'),
(148, 19, 'M08.8', 'Other juvenile arthritis', '1', '2', NULL, NULL, NULL, NULL, '2016-12-19 02:33:40', '2016-12-19 02:33:40'),
(149, 19, 'M08.9', 'Juvenile arthritis, unspecified', '1', '2', NULL, NULL, NULL, NULL, '2016-12-19 02:33:40', '2016-12-19 02:33:40'),
(150, 19, 'M09.0*', 'Juvenile arthritis in psoriasis (L40.5+)', '1', '2', NULL, NULL, NULL, NULL, '2016-12-19 02:33:40', '2016-12-19 02:33:40'),
(151, 19, 'M09.1*', 'Juvenile arthritis in Crohn\'s disease [regional enteritis] (K50.-+)', '1', '2', NULL, NULL, NULL, NULL, '2016-12-19 02:33:40', '2016-12-19 02:33:40'),
(152, 19, 'M09.2*', 'Juvenile arthritis in ulcerative colitis (K51.-+)', '1', '2', NULL, NULL, NULL, NULL, '2016-12-19 02:33:40', '2016-12-19 02:33:40'),
(153, 19, 'M09.8*', 'Juvenile arthritis in other diseases classified elsewhere', '1', '2', NULL, NULL, NULL, NULL, '2016-12-19 02:33:40', '2016-12-19 02:33:40'),
(154, 19, 'M10.0', 'Idiopathic gout', '1', '2', NULL, NULL, NULL, NULL, '2016-12-19 02:33:40', '2016-12-19 02:33:40'),
(155, 19, 'M10.1', 'Lead-induced gout', '1', '2', NULL, NULL, NULL, NULL, '2016-12-19 02:33:40', '2016-12-19 02:33:40'),
(156, 19, 'M10.2', 'Drug-induced gout', '1', '2', NULL, NULL, NULL, NULL, '2016-12-19 02:33:40', '2016-12-19 02:33:40'),
(157, 19, 'M10.3', 'Gout due to impairment of renal function', '1', '2', NULL, NULL, NULL, NULL, '2016-12-19 02:33:40', '2016-12-19 02:33:40'),
(158, 19, 'M10.4', 'Other secondary gout', '1', '2', NULL, NULL, NULL, NULL, '2016-12-19 02:33:40', '2016-12-19 02:33:40'),
(159, 19, 'M10.9', 'Gout, unspecified', '1', '2', NULL, NULL, NULL, NULL, '2016-12-19 02:33:40', '2016-12-19 02:33:40'),
(160, 19, 'M11.0', 'Hydroxyapatite deposition disease', '1', '2', NULL, NULL, NULL, NULL, '2016-12-19 02:33:40', '2016-12-19 02:33:40'),
(161, 19, 'M11.1', 'Familial chondrocalcinosis', '1', '2', NULL, NULL, NULL, NULL, '2016-12-19 02:33:40', '2016-12-19 02:33:40'),
(162, 19, 'M11.2', 'Other chondrocalcinosis', '1', '2', NULL, NULL, NULL, NULL, '2016-12-19 02:33:40', '2016-12-19 02:33:40'),
(163, 19, 'M11.8', 'Other specified crystal arthropathies', '1', '2', NULL, NULL, NULL, NULL, '2016-12-19 02:33:40', '2016-12-19 02:33:40'),
(164, 19, 'M11.9', 'Crystal arthropathy, unspecified', '1', '2', NULL, NULL, NULL, NULL, '2016-12-19 02:33:40', '2016-12-19 02:33:40'),
(165, 19, 'M12.0', 'Chronic postrheumatic arthropathy [Jaccoud]', '1', '2', NULL, NULL, NULL, NULL, '2016-12-19 02:33:40', '2016-12-19 02:33:40'),
(166, 19, 'M12.1', 'Kaschin-Beck disease', '1', '2', NULL, NULL, NULL, NULL, '2016-12-19 02:33:40', '2016-12-19 02:33:40'),
(167, 19, 'M12.2', 'Villonodular synovitis (pigmented)', '1', '2', NULL, NULL, NULL, NULL, '2016-12-19 02:33:40', '2016-12-19 02:33:40'),
(168, 19, 'M12.3', 'Palindromic rheumatism', '1', '2', NULL, NULL, NULL, NULL, '2016-12-19 02:33:40', '2016-12-19 02:33:40'),
(169, 19, 'M12.4', 'Intermittent hydrarthrosis', '1', '2', NULL, NULL, NULL, NULL, '2016-12-19 02:33:40', '2016-12-19 02:33:40'),
(170, 19, 'M12.5', 'Traumatic arthropathy', '1', '2', NULL, NULL, NULL, NULL, '2016-12-19 02:33:40', '2016-12-19 02:33:40'),
(171, 19, 'M12.8', 'Other specific arthropathies, not elsewhere classified', '1', '2', NULL, NULL, NULL, NULL, '2016-12-19 02:33:40', '2016-12-19 02:33:40'),
(172, 19, 'M13.0', 'Polyarthritis, unspecified', '1', '2', NULL, NULL, NULL, NULL, '2016-12-19 02:33:40', '2016-12-19 02:33:40'),
(173, 19, 'M13.1', 'Monoarthritis, not elsewhere classified', '1', '2', NULL, NULL, NULL, NULL, '2016-12-19 02:33:40', '2016-12-19 02:33:40'),
(174, 19, 'M13.8', 'Other specified arthritis', '1', '2', NULL, NULL, NULL, NULL, '2016-12-19 02:33:40', '2016-12-19 02:33:40'),
(175, 19, 'M13.9', 'Arthritis, unspecified', '1', '2', NULL, NULL, NULL, NULL, '2016-12-19 02:33:40', '2016-12-19 02:33:40'),
(176, 19, 'M14.0*', 'Gouty arthropathy due to enzyme defects and other inherited disorders', '1', '2', NULL, NULL, NULL, NULL, '2016-12-19 02:33:40', '2016-12-19 02:33:40'),
(177, 19, 'M14.1*', 'Crystal arthropathy in other metabolic disorders', '1', '2', NULL, NULL, NULL, NULL, '2016-12-19 02:33:40', '2016-12-19 02:33:40'),
(178, 19, 'M14.2*', 'Diabetic arthropathy (E10-E14+ with common fourth character .6)', '1', '2', NULL, NULL, NULL, NULL, '2016-12-19 02:33:40', '2016-12-19 02:33:40'),
(179, 19, 'M14.3*', 'Lipoid dermatoarthritis (E78.8+)', '1', '2', NULL, NULL, NULL, NULL, '2016-12-19 02:33:40', '2016-12-19 02:33:40'),
(180, 19, 'M14.4*', 'Arthropathy in amyloidosis (E85.-+)', '1', '2', NULL, NULL, NULL, NULL, '2016-12-19 02:33:40', '2016-12-19 02:33:40'),
(181, 19, 'M14.5*', 'Arthropathies in other endocrine, nutritional and metabolic disorders', '1', '2', NULL, NULL, NULL, NULL, '2016-12-19 02:33:40', '2016-12-19 02:33:40'),
(182, 19, 'M14.6*', 'Naturopathic arthropathy', '1', '2', NULL, NULL, NULL, NULL, '2016-12-19 02:33:40', '2016-12-19 02:33:40'),
(183, 19, 'M14.8*', 'Arthropathies in other specified diseases classified elsewhere', '1', '2', NULL, NULL, NULL, NULL, '2016-12-19 02:33:40', '2016-12-19 02:33:40'),
(184, 19, 'M15.0', 'Primary generalized (osteo)arthrosis', '1', '2', NULL, NULL, NULL, NULL, '2016-12-19 02:33:40', '2016-12-19 02:33:40'),
(185, 19, 'M15.1', 'Heberden\'s nodes (with arthropathy)', '1', '2', NULL, NULL, NULL, NULL, '2016-12-19 02:33:40', '2016-12-19 02:33:40'),
(186, 19, 'M15.2', 'Bouchard\'s nodes (with arthropathy)', '1', '2', NULL, NULL, NULL, NULL, '2016-12-19 02:33:40', '2016-12-19 02:33:40'),
(187, 19, 'M15.3', 'Secondary multiple arthrosis', '1', '2', NULL, NULL, NULL, NULL, '2016-12-19 02:33:40', '2016-12-19 02:33:40'),
(188, 19, 'M15.4', 'Erosive (osteo)arthrosis', '1', '2', NULL, NULL, NULL, NULL, '2016-12-19 02:33:40', '2016-12-19 02:33:40'),
(189, 19, 'M15.8', 'Other polyarthrosis', '1', '2', NULL, NULL, NULL, NULL, '2016-12-19 02:33:40', '2016-12-19 02:33:40'),
(190, 19, 'M15.9', 'Polyarthrosis, unspecified', '1', '2', NULL, NULL, NULL, NULL, '2016-12-19 02:33:40', '2016-12-19 02:33:40'),
(191, 19, 'M16.0', 'Primary coxarthrosis, bilateral', '1', '2', NULL, NULL, NULL, NULL, '2016-12-19 02:33:40', '2016-12-19 02:33:40'),
(192, 19, 'M16.1', 'Other primary coxarthrosis', '1', '2', NULL, NULL, NULL, NULL, '2016-12-19 02:33:40', '2016-12-19 02:33:40'),
(193, 19, 'M16.2', 'Coxarthrosis resulting from dysplasia, bilateral', '1', '2', NULL, NULL, NULL, NULL, '2016-12-19 02:33:40', '2016-12-19 02:33:40'),
(194, 19, 'M16.3', 'Other dysplastic coxarthrosis', '1', '2', NULL, NULL, NULL, NULL, '2016-12-19 02:33:40', '2016-12-19 02:33:40'),
(195, 19, 'M16.4', 'Post-traumatic coxarthrosis, bilateral', '1', '2', NULL, NULL, NULL, NULL, '2016-12-19 02:33:40', '2016-12-19 02:33:40'),
(196, 19, 'M16.5', 'Other post-traumatic coxarthrosis', '1', '2', NULL, NULL, NULL, NULL, '2016-12-19 02:33:40', '2016-12-19 02:33:40'),
(197, 19, 'M16.6', 'Other secondary coxarthrosis, bilateral', '1', '2', NULL, NULL, NULL, NULL, '2016-12-19 02:33:40', '2016-12-19 02:33:40'),
(198, 19, 'M16.7', 'Other secondary coxarthrosis', '1', '2', NULL, NULL, NULL, NULL, '2016-12-19 02:33:40', '2016-12-19 02:33:40'),
(199, 19, 'M16.9', 'Coxarthrosis, unspecified', '1', '2', NULL, NULL, NULL, NULL, '2016-12-19 02:33:40', '2016-12-19 02:33:40'),
(200, 19, 'M17.0', 'Primary gonarthrosis, bilateral', '1', '2', NULL, NULL, NULL, NULL, '2016-12-19 02:33:40', '2016-12-19 02:33:40'),
(201, 19, 'M17.1', 'Other primary gonarthrosis', '1', '2', NULL, NULL, NULL, NULL, '2016-12-19 02:33:40', '2016-12-19 02:33:40'),
(202, 19, 'M17.2', 'Post-traumatic gonarthrosis, bilateral', '1', '2', NULL, NULL, NULL, NULL, '2016-12-19 02:33:40', '2016-12-19 02:33:40'),
(203, 19, 'M17.3', 'Other post-traumatic gonarthrosis', '1', '2', NULL, NULL, NULL, NULL, '2016-12-19 02:33:40', '2016-12-19 02:33:40'),
(204, 19, 'M17.4', 'Other secondary gonarthrosis, bilateral', '1', '2', NULL, NULL, NULL, NULL, '2016-12-19 02:33:40', '2016-12-19 02:33:40'),
(205, 19, 'M17.5', 'Other secondary gonarthrosis', '1', '2', NULL, NULL, NULL, NULL, '2016-12-19 02:33:40', '2016-12-19 02:33:40'),
(206, 19, 'M17.9', 'Gonarthrosis, unspecified', '1', '2', NULL, NULL, NULL, NULL, '2016-12-19 02:33:40', '2016-12-19 02:33:40'),
(207, 19, 'M18.0', 'Primary arthrosis of first carpometacarpal joints, bilateral', '1', '2', NULL, NULL, NULL, NULL, '2016-12-19 02:33:40', '2016-12-19 02:33:40'),
(208, 19, 'M18.1', 'Other primary arthrosis of first carpometacarpal joint', '1', '2', NULL, NULL, NULL, NULL, '2016-12-19 02:33:40', '2016-12-19 02:33:40'),
(209, 19, 'M18.2', 'Post-traumatic arthrosis of first carpometacarpal joints, bilateral', '1', '2', NULL, NULL, NULL, NULL, '2016-12-19 02:33:40', '2016-12-19 02:33:40'),
(210, 19, 'M18.3', 'Other post-traumatic arthrosis of first carpometacarpal joint', '1', '2', NULL, NULL, NULL, NULL, '2016-12-19 02:33:40', '2016-12-19 02:33:40'),
(211, 19, 'M18.4', 'Other secondary arthrosis of first carpometacarpal joints, bilateral', '1', '2', NULL, NULL, NULL, NULL, '2016-12-19 02:33:40', '2016-12-19 02:33:40'),
(212, 19, 'M18.5', 'Other secondary arthrosis of first carpometacarpal joint', '1', '2', NULL, NULL, NULL, NULL, '2016-12-19 02:33:40', '2016-12-19 02:33:40'),
(213, 19, 'M18.9', 'Arthrosis of first carpometacarpal joint, unspecified', '1', '2', NULL, NULL, NULL, NULL, '2016-12-19 02:33:40', '2016-12-19 02:33:40'),
(214, 19, 'M19.0', 'Primary arthrosis of other joints', '1', '2', NULL, NULL, NULL, NULL, '2016-12-19 02:33:40', '2016-12-19 02:33:40'),
(215, 19, 'M19.1', 'Post-traumatic arthrosis of other joints', '1', '2', NULL, NULL, NULL, NULL, '2016-12-19 02:33:40', '2016-12-19 02:33:40'),
(216, 19, 'M19.2', 'Other secondary arthrosis', '1', '2', NULL, NULL, NULL, NULL, '2016-12-19 02:33:40', '2016-12-19 02:33:40'),
(217, 19, 'M19.8', 'Other specified arthrosis', '1', '2', NULL, NULL, NULL, NULL, '2016-12-19 02:33:40', '2016-12-19 02:33:40'),
(218, 19, 'M19.9', 'Arthrosis, unspecified', '1', '2', NULL, NULL, NULL, NULL, '2016-12-19 02:33:40', '2016-12-19 02:33:40'),
(219, 19, 'M20.0', 'Deformity of finger(s)', '1', '2', NULL, NULL, NULL, NULL, '2016-12-19 02:33:40', '2016-12-19 02:33:40'),
(220, 19, 'M20.1', 'Hallux valgus (acquired)', '1', '2', NULL, NULL, NULL, NULL, '2016-12-19 02:33:40', '2016-12-19 02:33:40'),
(221, 19, 'M20.2', 'Hallux rigidus', '1', '2', NULL, NULL, NULL, NULL, '2016-12-19 02:33:40', '2016-12-19 02:33:40'),
(222, 19, 'M20.3', 'Other deformity of hallux (acquired)', '1', '2', NULL, NULL, NULL, NULL, '2016-12-19 02:33:40', '2016-12-19 02:33:40'),
(223, 19, 'M20.4', 'Other hammer toe(s) (acquired)', '1', '2', NULL, NULL, NULL, NULL, '2016-12-19 02:33:40', '2016-12-19 02:33:40'),
(224, 19, 'M20.5', 'Other deformities of toe(s) (acquired)', '1', '2', NULL, NULL, NULL, NULL, '2016-12-19 02:33:40', '2016-12-19 02:33:40'),
(225, 19, 'M20.6', 'Acquired deformity of toe(s), unspecified', '1', '2', NULL, NULL, NULL, NULL, '2016-12-19 02:33:40', '2016-12-19 02:33:40'),
(226, 19, 'M21.0', 'Valgus deformity, not elsewhere classified', '1', '2', NULL, NULL, NULL, NULL, '2016-12-19 02:33:40', '2016-12-19 02:33:40'),
(227, 19, 'M21.1', 'Varus deformity, not elsewhere classified', '1', '2', NULL, NULL, NULL, NULL, '2016-12-19 02:33:40', '2016-12-19 02:33:40'),
(228, 19, 'M21.2', 'Flexion deformity', '1', '2', NULL, NULL, NULL, NULL, '2016-12-19 02:33:40', '2016-12-19 02:33:40'),
(229, 19, 'M21.3', 'Wrist or foot drop (acquired)', '1', '2', NULL, NULL, NULL, NULL, '2016-12-19 02:33:40', '2016-12-19 02:33:40'),
(230, 19, 'M21.4', 'Flat foot [pes planus] (acquired)', '1', '2', NULL, NULL, NULL, NULL, '2016-12-19 02:33:40', '2016-12-19 02:33:40'),
(231, 19, 'M21.5', 'Acquired clawhand, clubhand, clawfoot and clubfoot', '1', '2', NULL, NULL, NULL, NULL, '2016-12-19 02:33:40', '2016-12-19 02:33:40'),
(232, 19, 'M21.6', 'Other acquired deformities of ankle and foot', '1', '2', NULL, NULL, NULL, NULL, '2016-12-19 02:33:40', '2016-12-19 02:33:40'),
(233, 19, 'M21.7', 'Unequal limb length (acquired)', '1', '2', NULL, NULL, NULL, NULL, '2016-12-19 02:33:40', '2016-12-19 02:33:40'),
(234, 19, 'M21.8', 'Other specified acquired deformities of limbs', '1', '2', NULL, NULL, NULL, NULL, '2016-12-19 02:33:40', '2016-12-19 02:33:40'),
(235, 19, 'M21.9', 'Acquired deformity of limb, unspecified', '1', '2', NULL, NULL, NULL, NULL, '2016-12-19 02:33:40', '2016-12-19 02:33:40'),
(236, 19, 'M22.0', 'Recurrent dislocation of patella', '1', '2', NULL, NULL, NULL, NULL, '2016-12-19 02:33:40', '2016-12-19 02:33:40'),
(237, 19, 'M22.1', 'Recurrent subluxation of patella\\r\\n', '1', '2', NULL, NULL, NULL, NULL, '2016-12-19 02:33:40', '2016-12-19 02:33:40'),
(238, 19, 'M22.2', 'Patellofemoral disorders', '1', '2', NULL, NULL, NULL, NULL, '2016-12-19 02:33:40', '2016-12-19 02:33:40'),
(239, 19, 'M22.3', 'Other derangements of patella', '1', '2', NULL, NULL, NULL, NULL, '2016-12-19 02:33:40', '2016-12-19 02:33:40'),
(240, 19, 'M22.4', 'Chondromalacia patellae', '1', '2', NULL, NULL, NULL, NULL, '2016-12-19 02:33:40', '2016-12-19 02:33:40'),
(241, 19, 'M22.8', 'Other disorders of patella', '1', '2', NULL, NULL, NULL, NULL, '2016-12-19 02:33:40', '2016-12-19 02:33:40'),
(242, 19, 'M22.9', 'Disorder of patella, unspecified', '1', '2', NULL, NULL, NULL, NULL, '2016-12-19 02:33:40', '2016-12-19 02:33:40'),
(243, 19, 'M23.0', 'Cystic meniscus', '1', '2', NULL, NULL, NULL, NULL, '2016-12-19 02:33:40', '2016-12-19 02:33:40'),
(244, 19, 'M23.1', 'Discoid meniscus (congenital)', '1', '2', NULL, NULL, NULL, NULL, '2016-12-19 02:33:40', '2016-12-19 02:33:40'),
(245, 19, 'M23.2', 'Derangement of meniscus due to old tear or injury', '1', '2', NULL, NULL, NULL, NULL, '2016-12-19 02:33:40', '2016-12-19 02:33:40'),
(246, 19, 'M23.3', 'Other meniscus derangements', '1', '2', NULL, NULL, NULL, NULL, '2016-12-19 02:33:40', '2016-12-19 02:33:40'),
(247, 19, 'M23.4', 'Loose body in knee', '1', '2', NULL, NULL, NULL, NULL, '2016-12-19 02:33:40', '2016-12-19 02:33:40'),
(248, 19, 'M23.5', 'Chronic instability of knee', '1', '2', NULL, NULL, NULL, NULL, '2016-12-19 02:33:40', '2016-12-19 02:33:40'),
(249, 19, 'M23.6', 'Other spontaneous disruption of ligament(s) of knee', '1', '2', NULL, NULL, NULL, NULL, '2016-12-19 02:33:40', '2016-12-19 02:33:40'),
(250, 19, 'M23.8', 'Other internal derangements of knee', '1', '2', NULL, NULL, NULL, NULL, '2016-12-19 02:33:40', '2016-12-19 02:33:40'),
(251, 19, 'M23.9', 'Internal derangement of knee, unspecified', '1', '2', NULL, NULL, NULL, NULL, '2016-12-19 02:33:40', '2016-12-19 02:33:40'),
(252, 19, 'M24.0', 'Loose body in joint', '1', '2', NULL, NULL, NULL, NULL, '2016-12-19 02:33:40', '2016-12-19 02:33:40'),
(253, 19, 'M24.1', 'Other articular cartilage disorders', '1', '2', NULL, NULL, NULL, NULL, '2016-12-19 02:33:40', '2016-12-19 02:33:40'),
(254, 19, 'M24.2', 'Disorder of ligament', '1', '2', NULL, NULL, NULL, NULL, '2016-12-19 02:33:40', '2016-12-19 02:33:40'),
(255, 19, 'M24.3', 'Pathological dislocation and subluxation of joint, not elsewhere classified', '1', '2', NULL, NULL, NULL, NULL, '2016-12-19 02:33:40', '2016-12-19 02:33:40'),
(256, 19, 'M24.4', 'Recurrent dislocation and subluxation of joint', '1', '2', NULL, NULL, NULL, NULL, '2016-12-19 02:33:40', '2016-12-19 02:33:40'),
(257, 19, 'M24.5', 'Contracture of joint', '1', '2', NULL, NULL, NULL, NULL, '2016-12-19 02:33:40', '2016-12-19 02:33:40'),
(258, 19, 'M24.6', 'Ankylosis of joint', '1', '2', NULL, NULL, NULL, NULL, '2016-12-19 02:33:40', '2016-12-19 02:33:40'),
(259, 19, 'M24.7', 'Protrusio acetabuli', '1', '2', NULL, NULL, NULL, NULL, '2016-12-19 02:33:40', '2016-12-19 02:33:40'),
(260, 19, 'M24.8', 'Other specific joint derangements, not elsewhere classified', '1', '2', NULL, NULL, NULL, NULL, '2016-12-19 02:33:40', '2016-12-19 02:33:40'),
(261, 19, 'M24.9', 'Joint derangement, unspecified', '1', '2', NULL, NULL, NULL, NULL, '2016-12-19 02:33:40', '2016-12-19 02:33:40'),
(262, 19, 'M25.0', 'Haemarthrosis', '1', '2', NULL, NULL, NULL, NULL, '2016-12-19 02:33:40', '2016-12-19 02:33:40'),
(263, 19, 'M25.1', 'Fistula of joint', '1', '2', NULL, NULL, NULL, NULL, '2016-12-19 02:33:40', '2016-12-19 02:33:40'),
(264, 19, 'M25.2', 'Flail joint', '1', '2', NULL, NULL, NULL, NULL, '2016-12-19 02:33:40', '2016-12-19 02:33:40'),
(265, 19, 'M25.3', 'Other instability of joint', '1', '2', NULL, NULL, NULL, NULL, '2016-12-19 02:33:40', '2016-12-19 02:33:40'),
(266, 19, 'M25.4', 'Effusion of joint', '1', '2', NULL, NULL, NULL, NULL, '2016-12-19 02:33:40', '2016-12-19 02:33:40'),
(267, 19, 'M25.5', 'Pain in joint', '1', '2', NULL, NULL, NULL, NULL, '2016-12-19 02:33:40', '2016-12-19 02:33:40'),
(268, 19, 'M25.6', 'Stiffness of joint, not elsewhere classified', '1', '2', NULL, NULL, NULL, NULL, '2016-12-19 02:33:40', '2016-12-19 02:33:40'),
(269, 19, 'M25.7', 'Osteophyte', '1', '2', NULL, NULL, NULL, NULL, '2016-12-19 02:33:40', '2016-12-19 02:33:40'),
(270, 19, 'M25.8', 'Other specified joint disorders', '1', '2', NULL, NULL, NULL, NULL, '2016-12-19 02:33:40', '2016-12-19 02:33:40'),
(271, 19, 'M25.9', 'Joint disorder, unspecified', '1', '2', NULL, NULL, NULL, NULL, '2016-12-19 02:33:40', '2016-12-19 02:33:40'),
(272, 19, 'M30.0', 'Polyarteritis nodosa', '1', '62', NULL, NULL, NULL, NULL, '2016-12-19 02:33:40', '2016-12-19 02:33:40'),
(273, 19, 'M30.1', 'Polyarteritis with lung involvement [Churg-Strauss]', '1', '62', NULL, NULL, NULL, NULL, '2016-12-19 02:33:40', '2016-12-19 02:33:40'),
(274, 19, 'M30.2', 'Juvenile polyarteritis', '1', '62', NULL, NULL, NULL, NULL, '2016-12-19 02:33:40', '2016-12-19 02:33:40'),
(275, 19, 'M30.3', 'Mucocutaneous lymph node syndrome [Kawasaki', '1', '62', NULL, NULL, NULL, NULL, '2016-12-19 02:33:40', '2016-12-19 02:33:40'),
(276, 19, 'M30.8', 'Other conditions related to polyarteritis nodosa', '1', '62', NULL, NULL, NULL, NULL, '2016-12-19 02:33:40', '2016-12-19 02:33:40'),
(277, 61, 'M31.0', 'Hypersensitivity angiitis', '1', '62', NULL, NULL, NULL, NULL, '2016-12-19 02:33:40', '2016-12-19 02:33:40'),
(278, 19, 'M31.1', 'Thrombotic microangiopathy', '1', '62', NULL, NULL, NULL, NULL, '2016-12-19 02:33:40', '2016-12-19 02:33:40'),
(279, 19, 'M31.2', 'Lethal midline granuloma', '1', '62', NULL, NULL, NULL, NULL, '2016-12-19 02:33:40', '2016-12-19 02:33:40'),
(280, 19, 'M31.3', 'Wegener\'s granulomatosis', '1', '62', NULL, NULL, NULL, NULL, '2016-12-19 02:33:40', '2016-12-19 02:33:40'),
(281, 19, 'M31.4', 'Aortic arch syndrome [Takayasu]', '1', '62', NULL, NULL, NULL, NULL, '2016-12-19 02:33:40', '2016-12-19 02:33:40'),
(282, 19, 'M31.5', 'Giant cell arteritis with polymyalgia rheumatica', '1', '62', NULL, NULL, NULL, NULL, '2016-12-19 02:33:40', '2016-12-19 02:33:40'),
(283, 19, 'M31.6', 'Other giant cell arteritis', '1', '62', NULL, NULL, NULL, NULL, '2016-12-19 02:33:40', '2016-12-19 02:33:40'),
(284, 19, 'M31.8', 'Other specified necrotizing vasculopathies', '1', '62', NULL, NULL, NULL, NULL, '2016-12-19 02:33:40', '2016-12-19 02:33:40'),
(285, 19, 'M31.9', 'Necrotizing vasculopathy, unspecified', '1', '62', NULL, NULL, NULL, NULL, '2016-12-19 02:33:40', '2016-12-19 02:33:40'),
(286, 19, 'M32.0', 'Drug-induced systemic lupus erythematosus', '1', '62', NULL, NULL, NULL, NULL, '2016-12-19 02:33:40', '2016-12-19 02:33:40'),
(287, 19, 'M32.1+', 'Systemic lupus erythematosus with organ or system involvement', '1', '62', NULL, NULL, NULL, NULL, '2016-12-19 02:33:40', '2016-12-19 02:33:40'),
(288, 19, 'M32.8', 'Other forms of systemic lupus erythematosus', '1', '62', NULL, NULL, NULL, NULL, '2016-12-19 02:33:40', '2016-12-19 02:33:40'),
(289, 19, 'M32.9', 'Systemic lupus erythematosus, unspecified', '1', '62', NULL, NULL, NULL, NULL, '2016-12-19 02:33:40', '2016-12-19 02:33:40'),
(290, 19, 'M33.0', 'Juvenile dermatomyositis', '1', '62', NULL, NULL, NULL, NULL, '2016-12-19 02:33:40', '2016-12-19 02:33:40'),
(291, 19, 'M33.1', 'Other dermatomyositis', '1', '62', NULL, NULL, NULL, NULL, '2016-12-19 02:33:40', '2016-12-19 02:33:40'),
(292, 19, 'M33.2', 'Polymyositis', '1', '62', NULL, NULL, NULL, NULL, '2016-12-19 02:33:40', '2016-12-19 02:33:40'),
(293, 19, 'M33.9', 'Dermatopolymyositis, unspecified', '1', '62', NULL, NULL, NULL, NULL, '2016-12-19 02:33:40', '2016-12-19 02:33:40'),
(294, 19, 'M34.0', 'Progressive systemic sclerosis', '1', '62', NULL, NULL, NULL, NULL, '2016-12-19 02:33:40', '2016-12-19 02:33:40'),
(295, 19, 'M34.1', 'CR(E)ST syndrome', '1', '62', NULL, NULL, NULL, NULL, '2016-12-19 02:33:40', '2016-12-19 02:33:40'),
(296, 19, 'M34.2', 'Systemic sclerosis induced by drugs and chemicals', '1', '62', NULL, NULL, NULL, NULL, '2016-12-19 02:33:40', '2016-12-19 02:33:40'),
(297, 19, 'M34.8', 'Other forms of systemic sclerosis', '1', '62', NULL, NULL, NULL, NULL, '2016-12-19 02:33:40', '2016-12-19 02:33:40'),
(298, 19, 'M34.9', 'Systemic sclerosis, unspecified', '1', '62', NULL, NULL, NULL, NULL, '2016-12-19 02:33:40', '2016-12-19 02:33:40'),
(299, 19, 'M35.0', 'Sicca syndrome [Sjgren]', '1', '62', NULL, NULL, NULL, NULL, '2016-12-19 02:33:40', '2016-12-19 02:33:40'),
(300, 19, 'M35.1', 'Other overlap syndromes', '1', '62', NULL, NULL, NULL, NULL, '2016-12-19 02:33:40', '2016-12-19 02:33:40'),
(301, 19, 'M35.2', 'Behet\'s disease', '1', '62', NULL, NULL, NULL, NULL, '2016-12-19 02:33:40', '2016-12-19 02:33:40'),
(302, 19, 'M35.3', 'Polymyalgia rheumatica', '1', '62', NULL, NULL, NULL, NULL, '2016-12-19 02:33:40', '2016-12-19 02:33:40'),
(303, 19, 'M35.4', 'Diffuse (eosinophilic) fasciitis', '1', '62', NULL, NULL, NULL, NULL, '2016-12-19 02:33:40', '2016-12-19 02:33:40'),
(304, 19, 'M35.5', 'Multifocal fibrosclerosis', '1', '62', NULL, NULL, NULL, NULL, '2016-12-19 02:33:40', '2016-12-19 02:33:40'),
(305, 19, 'M35.6', 'Relapsing panniculitis [Weber-Christian]', '1', '62', NULL, NULL, NULL, NULL, '2016-12-19 02:33:40', '2016-12-19 02:33:40'),
(306, 19, 'M35.7', 'Hypermobility syndrome', '1', '62', NULL, NULL, NULL, NULL, '2016-12-19 02:33:40', '2016-12-19 02:33:40'),
(307, 19, 'M35.8', 'Other specified systemic involvement of connective tissue', '1', '62', NULL, NULL, NULL, NULL, '2016-12-19 02:33:40', '2016-12-19 02:33:40'),
(308, 19, 'M35.9', 'Systemic involvement of connective tissue, unspecified', '1', '62', NULL, NULL, NULL, NULL, '2016-12-19 02:33:40', '2016-12-19 02:33:40'),
(309, 19, 'M36.0*', 'Dermato(poly)myositis in neoplastic disease (C00-D48+)', '1', '62', NULL, NULL, NULL, NULL, '2016-12-19 02:33:40', '2016-12-19 02:33:40'),
(310, 19, 'M36.1*', 'Arthropathy in neoplastic disease (C00-D48+)', '1', '62', NULL, NULL, NULL, NULL, '2016-12-19 02:33:40', '2016-12-19 02:33:40'),
(311, 19, 'M36.2*', 'Haemophilic arthropathy (D66-D68+)', '1', '62', NULL, NULL, NULL, NULL, '2016-12-19 02:33:40', '2016-12-19 02:33:40'),
(312, 19, 'M36.3*', 'Arthropathy in other blood disorders (D50-D76+)', '1', '62', NULL, NULL, NULL, NULL, '2016-12-19 02:33:40', '2016-12-19 02:33:40'),
(313, 19, 'M36.4*', 'Arthropathy in hypersensitivity reactions classified elsewhere', '1', '62', NULL, NULL, NULL, NULL, '2016-12-19 02:33:40', '2016-12-19 02:33:40'),
(314, 19, 'M36.8*', 'Systemic disorders of connective tissue in other diseases classified elsewhere', '1', '62', NULL, NULL, NULL, NULL, '2016-12-19 02:33:40', '2016-12-19 02:33:40'),
(315, 19, 'M40.0', 'Postural kyphosis', '1', '23', NULL, NULL, NULL, NULL, '2016-12-19 02:33:40', '2016-12-19 02:33:40'),
(316, 19, 'M40.1', 'Other secondary kyphosis', '1', '23', NULL, NULL, NULL, NULL, '2016-12-19 02:33:40', '2016-12-19 02:33:40'),
(317, 19, 'M40.2', 'Other and unspecified kyphosis', '1', '23', NULL, NULL, NULL, NULL, '2016-12-19 02:33:40', '2016-12-19 02:33:40'),
(318, 19, 'M40.3', 'Flatback syndrome', '1', '23', NULL, NULL, NULL, NULL, '2016-12-19 02:33:40', '2016-12-19 02:33:40'),
(319, 19, 'M40.4', 'Other lordosis', '1', '23', NULL, NULL, NULL, NULL, '2016-12-19 02:33:40', '2016-12-19 02:33:40'),
(320, 19, 'M40.5', 'Lordosis, unspecified', '1', '23', NULL, NULL, NULL, NULL, '2016-12-19 02:33:40', '2016-12-19 02:33:40'),
(321, 19, 'M41.0', 'Infantile idiopathic scoliosis', '1', '23', NULL, NULL, NULL, NULL, '2016-12-19 02:33:40', '2016-12-19 02:33:40'),
(322, 19, 'M41.1', 'Juvenile idiopathic scoliosis', '1', '23', NULL, NULL, NULL, NULL, '2016-12-19 02:33:40', '2016-12-19 02:33:40'),
(323, 19, 'M41.2', 'Other idiopathic scoliosis', '1', '23', NULL, NULL, NULL, NULL, '2016-12-19 02:33:40', '2016-12-19 02:33:40'),
(324, 19, 'M41.3', 'Thoracogenic scoliosis', '1', '23', NULL, NULL, NULL, NULL, '2016-12-19 02:33:40', '2016-12-19 02:33:40'),
(325, 19, 'M41.4', 'Neuromuscular scoliosis', '1', '23', NULL, NULL, NULL, NULL, '2016-12-19 02:33:40', '2016-12-19 02:33:40'),
(326, 19, 'M41.5', 'Other secondary scoliosis', '1', '23', NULL, NULL, NULL, NULL, '2016-12-19 02:33:40', '2016-12-19 02:33:40'),
(327, 19, 'M41.8', 'Other forms of scoliosis', '1', '23', NULL, NULL, NULL, NULL, '2016-12-19 02:33:40', '2016-12-19 02:33:40'),
(328, 19, 'M41.9', 'Scoliosis, unspecified', '1', '23', NULL, NULL, NULL, NULL, '2016-12-19 02:33:40', '2016-12-19 02:33:40'),
(329, 19, 'M42.0', 'Juvenile osteochondrosis of spine', '1', '23', NULL, NULL, NULL, NULL, '2016-12-19 02:33:40', '2016-12-19 02:33:40'),
(330, 19, 'M42.1', 'Adult osteochondrosis of spine', '1', '23', NULL, NULL, NULL, NULL, '2016-12-19 02:33:40', '2016-12-19 02:33:40'),
(331, 19, 'M42.9', 'Spinal osteochondrosis, unspecified', '1', '23', NULL, NULL, NULL, NULL, '2016-12-19 02:33:40', '2016-12-19 02:33:40'),
(332, 19, 'M43.0', 'Spondylolysis', '1', '23', NULL, NULL, NULL, NULL, '2016-12-19 02:33:40', '2016-12-19 02:33:40'),
(333, 19, 'M43.1', 'Spondylolisthesis', '1', '23', NULL, NULL, NULL, NULL, '2016-12-19 02:33:40', '2016-12-19 02:33:40'),
(334, 19, 'M43.2', 'Other fusion of spine', '1', '23', NULL, NULL, NULL, NULL, '2016-12-19 02:33:40', '2016-12-19 02:33:40'),
(335, 19, 'M43.3', 'Recurrent atlantoaxial subluxation with myelopathy', '1', '23', NULL, NULL, NULL, NULL, '2016-12-19 02:33:40', '2016-12-19 02:33:40'),
(336, 19, 'M43.4', 'Other recurrent atlantoaxial subluxation', '1', '23', NULL, NULL, NULL, NULL, '2016-12-19 02:33:40', '2016-12-19 02:33:40'),
(337, 19, 'M43.5', 'Other recurrent vertebral subluxation', '1', '23', NULL, NULL, NULL, NULL, '2016-12-19 02:33:40', '2016-12-19 02:33:40'),
(338, 19, 'M43.6', 'Torticollis', '1', '23', NULL, NULL, NULL, NULL, '2016-12-19 02:33:40', '2016-12-19 02:33:40'),
(339, 19, 'M43.8', 'Other specified deforming dorsopathies', '1', '23', NULL, NULL, NULL, NULL, '2016-12-19 02:33:40', '2016-12-19 02:33:40'),
(340, 19, 'M43.9', 'Deforming dorsopathy, unspecified', '1', '23', NULL, NULL, NULL, NULL, '2016-12-19 02:33:40', '2016-12-19 02:33:40'),
(341, 19, 'M46.0', 'Spinal enthesopathy', '1', '23', NULL, NULL, NULL, NULL, '2016-12-19 02:33:40', '2016-12-19 02:33:40'),
(342, 19, 'M46.1', 'Sacroiliitis, not elsewhere classified', '1', '23', NULL, NULL, NULL, NULL, '2016-12-19 02:33:40', '2016-12-19 02:33:40'),
(343, 19, 'M46.2', 'Osteomyelitis of vertebra', '1', '23', NULL, NULL, NULL, NULL, '2016-12-19 02:33:40', '2016-12-19 02:33:40'),
(344, 19, 'M46.3', 'Infection of intervertebral disc (pyogenic', '1', '23', NULL, NULL, NULL, NULL, '2016-12-19 02:33:40', '2016-12-19 02:33:40'),
(345, 19, 'M46.4', 'Discitis, unspecified', '1', '23', NULL, NULL, NULL, NULL, '2016-12-19 02:33:40', '2016-12-19 02:33:40'),
(346, 19, 'M46.5', 'Other infective spondylopathies', '1', '23', NULL, NULL, NULL, NULL, '2016-12-19 02:33:40', '2016-12-19 02:33:40'),
(347, 19, 'M46.8', 'Other specified inflammatory spondylopathies', '1', '23', NULL, NULL, NULL, NULL, '2016-12-19 02:33:40', '2016-12-19 02:33:40'),
(348, 19, 'M46.9', 'Inflammatory spondylopathy, unspecified', '1', '23', NULL, NULL, NULL, NULL, '2016-12-19 02:33:40', '2016-12-19 02:33:40'),
(349, 19, 'M47.0+', 'Anterior spinal and vertebral artery compression syndromes (G99.2*)', '1', '23', NULL, NULL, NULL, NULL, '2016-12-19 02:33:40', '2016-12-19 02:33:40'),
(350, 19, 'M47.1', 'Other spondylosis with myelopathy', '1', '23', NULL, NULL, NULL, NULL, '2016-12-19 02:33:40', '2016-12-19 02:33:40'),
(351, 19, 'M47.2', 'Other spondylosis with radiculopathy', '1', '23', NULL, NULL, NULL, NULL, '2016-12-19 02:33:40', '2016-12-19 02:33:40'),
(352, 19, 'M47.8', 'Other spondylosis', '1', '23', NULL, NULL, NULL, NULL, '2016-12-19 02:33:40', '2016-12-19 02:33:40'),
(353, 19, 'M47.9', 'Spondylosis, unspecifie', '1', '23', NULL, NULL, NULL, NULL, '2016-12-19 02:33:40', '2016-12-19 02:33:40'),
(354, 19, 'M48.0', 'Spinal stenosis', '1', '23', NULL, NULL, NULL, NULL, '2016-12-19 02:33:40', '2016-12-19 02:33:40'),
(355, 19, 'M48.1', 'Ankylosing hyperostosis [Forestier]', '1', '23', NULL, NULL, NULL, NULL, '2016-12-19 02:33:40', '2016-12-19 02:33:40'),
(356, 19, 'M48.2', 'Kissing spine', '1', '23', NULL, NULL, NULL, NULL, '2016-12-19 02:33:40', '2016-12-19 02:33:40'),
(357, 19, 'M48.3', 'Traumatic spondylopathy', '1', '23', NULL, NULL, NULL, NULL, '2016-12-19 02:33:40', '2016-12-19 02:33:40'),
(358, 19, 'M48.4', 'Fatigue fracture of vertebra', '1', '23', NULL, NULL, NULL, NULL, '2016-12-19 02:33:40', '2016-12-19 02:33:40'),
(359, 19, 'M48.5', 'Collapsed vertebra, not elsewhere classified', '1', '23', NULL, NULL, NULL, NULL, '2016-12-19 02:33:40', '2016-12-19 02:33:40'),
(360, 19, 'M48.8', 'Other specified spondylopathies', '1', '23', NULL, NULL, NULL, NULL, '2016-12-19 02:33:40', '2016-12-19 02:33:40'),
(361, 19, 'M48.9', 'Spondylopathy, unspecified', '1', '23', NULL, NULL, NULL, NULL, '2016-12-19 02:33:40', '2016-12-19 02:33:40'),
(362, 19, 'M49.0*', 'Tuberculosis of spine (A18.0+)', '1', '23', NULL, NULL, NULL, NULL, '2016-12-19 02:33:40', '2016-12-19 02:33:40'),
(363, 19, 'M49.1*', 'Brucella spondylitis (A23.-+)', '1', '23', NULL, NULL, NULL, NULL, '2016-12-19 02:33:40', '2016-12-19 02:33:40'),
(364, 19, 'M49.2*', 'Enterobacterial spondylitis (A01-A04+)', '1', '23', NULL, NULL, NULL, NULL, '2016-12-19 02:33:40', '2016-12-19 02:33:40');
INSERT INTO `icds` (`id`, `icdCategoriesID`, `code`, `description`, `version`, `subIcdCategories1ID`, `subIcdCategories2ID`, `subIcdCategories3ID`, `subIcdCategories4ID`, `deleted_at`, `created_at`, `updated_at`) VALUES
(365, 19, 'M49.3*', 'Spondylopathy in other infectious and parasitic diseases classified elsewhere', '1', '23', NULL, NULL, NULL, NULL, '2016-12-19 02:33:40', '2016-12-19 02:33:40'),
(366, 19, 'M49.4*', 'Neuropathic spondylopathy', '1', '23', NULL, NULL, NULL, NULL, '2016-12-19 02:33:40', '2016-12-19 02:33:40'),
(367, 19, 'M49.5*', 'Collapsed vertebra in diseases classified elsewhere', '1', '23', NULL, NULL, NULL, NULL, '2016-12-19 02:33:40', '2016-12-19 02:33:40'),
(368, 19, 'M49.8*', 'Spondylopathy in other diseases classified elsewhere', '1', '23', NULL, NULL, NULL, NULL, '2016-12-19 02:33:40', '2016-12-19 02:33:40'),
(369, 19, 'M50.0+', 'Cervical disc disorder with myelopathy (G99.2*)', '1', '23', NULL, NULL, NULL, NULL, '2016-12-19 02:33:40', '2016-12-19 02:33:40'),
(370, 19, 'M50.1', 'Cervical disc disorder with radiculopathy', '1', '23', NULL, NULL, NULL, NULL, '2016-12-19 02:33:40', '2016-12-19 02:33:40'),
(371, 19, 'M50.2', 'Other cervical disc displacement', '1', '23', NULL, NULL, NULL, NULL, '2016-12-19 02:33:40', '2016-12-19 02:33:40'),
(372, 19, 'M50.3', 'Other cervical disc degeneration', '1', '23', NULL, NULL, NULL, NULL, '2016-12-19 02:33:40', '2016-12-19 02:33:40'),
(373, 19, 'M50.8', 'Other cervical disc disorders\\r\\n', '1', '23', NULL, NULL, NULL, NULL, '2016-12-19 02:33:40', '2016-12-19 02:33:40'),
(374, 19, 'M50.9', 'Cervical disc disorder, unspecified', '1', '23', NULL, NULL, NULL, NULL, '2016-12-19 02:33:40', '2016-12-19 02:33:40'),
(375, 19, 'M51.0+', 'Lumbar and other intervertebral disc disorders with myelopathy (G99.2*)', '1', '23', NULL, NULL, NULL, NULL, '2016-12-19 02:33:40', '2016-12-19 02:33:40'),
(376, 19, 'M51.1', 'Lumbar and other intervertebral disc disorders with radiculopathy', '1', '23', NULL, NULL, NULL, NULL, '2016-12-19 02:33:40', '2016-12-19 02:33:40'),
(377, 19, 'M51.2', 'Other specified intervertebral disc displacement', '1', '23', NULL, NULL, NULL, NULL, '2016-12-19 02:33:40', '2016-12-19 02:33:40'),
(378, 19, 'M51.3', 'Other specified intervertebral disc degeneration', '1', '23', NULL, NULL, NULL, NULL, '2016-12-19 02:33:40', '2016-12-19 02:33:40'),
(379, 19, 'M51.4', 'Schmorl\'s nodes', '1', '23', NULL, NULL, NULL, NULL, '2016-12-19 02:33:40', '2016-12-19 02:33:40'),
(380, 19, 'M51.8', 'Other specified intervertebral disc disorders', '1', '23', NULL, NULL, NULL, NULL, '2016-12-19 02:33:40', '2016-12-19 02:33:40'),
(381, 19, 'M51.9', 'Intervertebral disc disorder, unspecified', '1', '23', NULL, NULL, NULL, NULL, '2016-12-19 02:33:40', '2016-12-19 02:33:40'),
(382, 19, 'M53.0', 'Cervicocranial syndrome', '1', '23', NULL, NULL, NULL, NULL, '2016-12-19 02:33:40', '2016-12-19 02:33:40'),
(383, 19, 'M53.1', 'Cervicobrachial syndrome', '1', '23', NULL, NULL, NULL, NULL, '2016-12-19 02:33:40', '2016-12-19 02:33:40'),
(384, 19, 'M53.2', 'Spinal instabilities', '1', '23', NULL, NULL, NULL, NULL, '2016-12-19 02:33:40', '2016-12-19 02:33:40'),
(385, 19, 'M53.3', 'Sacrococcygeal disorders, not elsewhere classified', '1', '23', NULL, NULL, NULL, NULL, '2016-12-19 02:33:40', '2016-12-19 02:33:40'),
(386, 19, 'M53.8', 'Other specified dorsopathies', '1', '23', NULL, NULL, NULL, NULL, '2016-12-19 02:33:40', '2016-12-19 02:33:40'),
(387, 19, 'M53.9', 'Dorsopathy, unspecified', '1', '23', NULL, NULL, NULL, NULL, '2016-12-19 02:33:40', '2016-12-19 02:33:40'),
(388, 19, 'M54.0', 'Panniculitis affecting regions of neck and back', '1', '23', NULL, NULL, NULL, NULL, '2016-12-19 02:33:40', '2016-12-19 02:33:40'),
(389, 19, 'M54.1', 'Radiculopathy', '1', '23', NULL, NULL, NULL, NULL, '2016-12-19 02:33:40', '2016-12-19 02:33:40'),
(390, 19, 'M54.2', 'Cervicalgia', '1', '23', NULL, NULL, NULL, NULL, '2016-12-19 02:33:40', '2016-12-19 02:33:40'),
(391, 19, 'M54.3', 'Sciatica', '1', '23', NULL, NULL, NULL, NULL, '2016-12-19 02:33:40', '2016-12-19 02:33:40'),
(392, 19, 'M54.4', 'Lumbago with sciatica', '1', '23', NULL, NULL, NULL, NULL, '2016-12-19 02:33:40', '2016-12-19 02:33:40'),
(393, 19, 'M54.5', 'Low back pain', '1', '23', NULL, NULL, NULL, NULL, '2016-12-19 02:33:40', '2016-12-19 02:33:40'),
(394, 19, 'M54.6', 'Pain in thoracic spine', '1', '23', NULL, NULL, NULL, NULL, '2016-12-19 02:33:40', '2016-12-19 02:33:40'),
(395, 19, 'M54.8', 'Other dorsalgia', '1', '23', NULL, NULL, NULL, NULL, '2016-12-19 02:33:40', '2016-12-19 02:33:40'),
(396, 19, 'M54.9', 'Dorsalgia, unspecified', '1', '23', NULL, NULL, NULL, NULL, '2016-12-19 02:33:40', '2016-12-19 02:33:40'),
(397, 19, 'M60.0', 'Infective myositis', '1', '60', NULL, NULL, NULL, NULL, '2016-12-19 02:33:40', '2016-12-19 02:33:40'),
(398, 19, 'M60.1', 'Interstitial myositis', '1', '60', NULL, NULL, NULL, NULL, '2016-12-19 02:33:40', '2016-12-19 02:33:40'),
(399, 19, 'M60.2', 'Foreign body granuloma of soft tissue, not elsewhere classified', '1', '60', NULL, NULL, NULL, NULL, '2016-12-19 02:33:40', '2016-12-19 02:33:40'),
(400, 19, 'M60.8', 'Other myositis', '1', '60', NULL, NULL, NULL, NULL, '2016-12-19 02:33:40', '2016-12-19 02:33:40'),
(401, 19, 'M60.9', 'Myositis, unspecified', '1', '60', NULL, NULL, NULL, NULL, '2016-12-19 02:33:40', '2016-12-19 02:33:40'),
(402, 19, 'M61.0', 'Myositis ossificans traumatica', '1', '23', NULL, NULL, NULL, NULL, '2016-12-19 02:33:40', '2016-12-19 02:33:40'),
(403, 19, 'M61.1', 'Myositis ossificans progressiva', '1', '23', NULL, NULL, NULL, NULL, '2016-12-19 02:33:40', '2016-12-19 02:33:40'),
(404, 19, 'M61.2', 'Paralytic calcification and ossification of muscle', '1', '60', NULL, NULL, NULL, NULL, '2016-12-19 02:33:40', '2016-12-19 02:33:40'),
(405, 19, 'M61.3', 'Calcification and ossification of muscles associated with burns', '1', '60', NULL, NULL, NULL, NULL, '2016-12-19 02:33:40', '2016-12-19 02:33:40'),
(406, 19, 'M61.4', 'Other calcification of muscle', '1', '60', NULL, NULL, NULL, NULL, '2016-12-19 02:33:40', '2016-12-19 02:33:40'),
(407, 19, 'M61.5', 'Other ossification of muscle', '1', '60', NULL, NULL, NULL, NULL, '2016-12-19 02:33:40', '2016-12-19 02:33:40'),
(408, 19, 'M61.9', 'Calcification and ossification of muscle, unspecified', '1', '60', NULL, NULL, NULL, NULL, '2016-12-19 02:33:40', '2016-12-19 02:33:40'),
(409, 19, 'M62.0', 'Diastasis of muscle', '1', '60', NULL, NULL, NULL, NULL, '2016-12-19 02:33:40', '2016-12-19 02:33:40'),
(410, 19, 'M62.1', 'Other rupture of muscle (nontraumatic)q', '1', '60', NULL, NULL, NULL, NULL, '2016-12-19 02:33:40', '2016-12-19 02:33:40'),
(411, 19, 'M62.2', 'Ischaemic infarction of muscle', '1', '60', NULL, NULL, NULL, NULL, '2016-12-19 02:33:40', '2016-12-19 02:33:40'),
(412, 19, 'M62.3', 'Immobility syndrome (paraplegic)', '1', '60', NULL, NULL, NULL, NULL, '2016-12-19 02:33:40', '2016-12-19 02:33:40'),
(413, 19, 'M62.4', 'Contracture of muscle', '1', '60', NULL, NULL, NULL, NULL, '2016-12-19 02:33:40', '2016-12-19 02:33:40'),
(414, 19, 'M62.5', 'Muscle wasting and atrophy, not elsewhere classified', '1', '60', NULL, NULL, NULL, NULL, '2016-12-19 02:33:40', '2016-12-19 02:33:40'),
(415, 19, 'M62.6', 'Muscle strain', '1', '60', NULL, NULL, NULL, NULL, '2016-12-19 02:33:40', '2016-12-19 02:33:40'),
(416, 19, 'M62.8', 'Other specified disorders of muscle', '1', '60', NULL, NULL, NULL, NULL, '2016-12-19 02:33:40', '2016-12-19 02:33:40'),
(417, 19, 'M62.9', 'Disorder of muscle, unspecified', '1', '60', NULL, NULL, NULL, NULL, '2016-12-19 02:33:40', '2016-12-19 02:33:40'),
(418, 19, 'M63.0*', 'Myositis in bacterial diseases classified elsewhere', '1', '60', NULL, NULL, NULL, NULL, '2016-12-19 02:33:40', '2016-12-19 02:33:40'),
(419, 19, 'M63.1*', 'Myositis in protozoal and parasitic infections classified elsewhere', '1', '60', NULL, NULL, NULL, NULL, '2016-12-19 02:33:40', '2016-12-19 02:33:40'),
(420, 19, 'M63.2*', 'Myositis in other infectious diseases classified elsewhere', '1', '60', NULL, NULL, NULL, NULL, '2016-12-19 02:33:40', '2016-12-19 02:33:40'),
(421, 19, 'M63.3*', 'Myositis in sarcoidosis (D86.8+)', '1', '60', NULL, NULL, NULL, NULL, '2016-12-19 02:33:40', '2016-12-19 02:33:40'),
(422, 19, 'M63.8*', 'Other disorders of muscle in diseases classified elsewhere', '1', '60', NULL, NULL, NULL, NULL, '2016-12-19 02:33:40', '2016-12-19 02:33:40'),
(423, 19, 'M65.0', 'Abscess of tendon sheath', '1', '60', NULL, NULL, NULL, NULL, '2016-12-19 02:33:40', '2016-12-19 02:33:40'),
(424, 19, 'M65.1', 'Other infective (teno)synovitis', '1', '60', NULL, NULL, NULL, NULL, '2016-12-19 02:33:40', '2016-12-19 02:33:40'),
(425, 19, 'M65.2', 'Calcific tendinitis', '1', '60', NULL, NULL, NULL, NULL, '2016-12-19 02:33:40', '2016-12-19 02:33:40'),
(426, 19, 'M65.3', 'Trigger finger', '1', '60', NULL, NULL, NULL, NULL, '2016-12-19 02:33:40', '2016-12-19 02:33:40'),
(427, 19, 'M65.4', 'Radial styloid tenosynovitis [de Quervain]', '1', '60', NULL, NULL, NULL, NULL, '2016-12-19 02:33:40', '2016-12-19 02:33:40'),
(428, 19, 'M65.8', 'Other synovitis and tenosynovitis', '1', '60', NULL, NULL, NULL, NULL, '2016-12-19 02:33:40', '2016-12-19 02:33:40'),
(429, 19, 'M65.9', 'Synovitis and tenosynovitis, unspecified', '1', '60', NULL, NULL, NULL, NULL, '2016-12-19 02:33:40', '2016-12-19 02:33:40'),
(430, 19, 'M66.0', 'Rupture of popliteal cyst', '1', '60', NULL, NULL, NULL, NULL, '2016-12-19 02:33:40', '2016-12-19 02:33:40'),
(431, 19, 'M66.1', 'Rupture of synovium', '1', '60', NULL, NULL, NULL, NULL, '2016-12-19 02:33:40', '2016-12-19 02:33:40'),
(432, 19, 'M66.2', 'Spontaneous rupture of extensor tendons', '1', '60', NULL, NULL, NULL, NULL, '2016-12-19 02:33:40', '2016-12-19 02:33:40'),
(433, 19, 'M66.3', 'Spontaneous rupture of flexor tendons', '1', '60', NULL, NULL, NULL, NULL, '2016-12-19 02:33:40', '2016-12-19 02:33:40'),
(434, 19, 'M66.4', 'Spontaneous rupture of other tendons', '1', '60', NULL, NULL, NULL, NULL, '2016-12-19 02:33:40', '2016-12-19 02:33:40'),
(435, 19, 'M66.5', 'Spontaneous rupture of unspecified tendon', '1', '60', NULL, NULL, NULL, NULL, '2016-12-19 02:33:40', '2016-12-19 02:33:40'),
(436, 19, 'M67.0', 'Short Achilles tendon (acquired)', '1', '60', NULL, NULL, NULL, NULL, '2016-12-19 02:33:40', '2016-12-19 02:33:40'),
(437, 19, 'M67.1', 'Other contracture of tendon (sheath)', '1', '60', NULL, NULL, NULL, NULL, '2016-12-19 02:33:40', '2016-12-19 02:33:40'),
(438, 19, 'M67.2', 'Synovial hypertrophy, not elsewhere classified', '1', '60', NULL, NULL, NULL, NULL, '2016-12-19 02:33:40', '2016-12-19 02:33:40'),
(439, 19, 'M67.3', 'Transient synovitis', '1', '60', NULL, NULL, NULL, NULL, '2016-12-19 02:33:40', '2016-12-19 02:33:40'),
(440, 19, 'M67.4', 'Ganglion', '1', '60', NULL, NULL, NULL, NULL, '2016-12-19 02:33:40', '2016-12-19 02:33:40'),
(441, 19, 'M67.8', 'Other specified disorders of synovium and tendon', '1', '60', NULL, NULL, NULL, NULL, '2016-12-19 02:33:40', '2016-12-19 02:33:40'),
(442, 19, 'M67.9', 'Disorder of synovium and tendon, unspecified', '1', '60', NULL, NULL, NULL, NULL, '2016-12-19 02:33:40', '2016-12-19 02:33:40'),
(443, 19, 'M68.0*', 'Synovitis and tenosynovitis in bacterial diseases classified elsewhere', '1', '60', NULL, NULL, NULL, NULL, '2016-12-19 02:33:40', '2016-12-19 02:33:40'),
(444, 19, 'M68.8*', 'Other disorders of synovium and tendon in diseases classified elsewhere', '1', '60', NULL, NULL, NULL, NULL, '2016-12-19 02:33:40', '2016-12-19 02:33:40'),
(445, 19, 'M70.0', 'Chronic crepitant synovitis of hand and wrist', '1', '60', NULL, NULL, NULL, NULL, '2016-12-19 02:33:40', '2016-12-19 02:33:40'),
(446, 19, 'M70.1', 'Bursitis of hand', '1', '60', NULL, NULL, NULL, NULL, '2016-12-19 02:33:40', '2016-12-19 02:33:40'),
(447, 19, 'M70.2', 'Olecranon bursitis', '1', '60', NULL, NULL, NULL, NULL, '2016-12-19 02:33:40', '2016-12-19 02:33:40'),
(448, 19, 'M70.3', 'Other bursitis of elbow', '1', '60', NULL, NULL, NULL, NULL, '2016-12-19 02:33:40', '2016-12-19 02:33:40'),
(449, 19, 'M70.4', 'Prepatellar bursitis', '1', '60', NULL, NULL, NULL, NULL, '2016-12-19 02:33:40', '2016-12-19 02:33:40'),
(450, 19, 'M70.5', 'Other bursitis of knee', '1', '60', NULL, NULL, NULL, NULL, '2016-12-19 02:33:40', '2016-12-19 02:33:40'),
(451, 19, 'M70.6', 'Trochanteric bursitis', '1', '60', NULL, NULL, NULL, NULL, '2016-12-19 02:33:40', '2016-12-19 02:33:40'),
(452, 19, 'M70.7', 'Other bursitis of hip', '1', '60', NULL, NULL, NULL, NULL, '2016-12-19 02:33:40', '2016-12-19 02:33:40'),
(453, 19, 'M70.8', 'Other soft tissue disorders related to use, overuse and pressure', '1', '60', NULL, NULL, NULL, NULL, '2016-12-19 02:33:40', '2016-12-19 02:33:40'),
(454, 19, 'M70.9', 'Unspecified soft tissue disorder related to use, overuse and pressure', '1', '60', NULL, NULL, NULL, NULL, '2016-12-19 02:33:40', '2016-12-19 02:33:40'),
(455, 19, 'M71.0', 'Abscess of bursa', '1', '60', NULL, NULL, NULL, NULL, '2016-12-19 02:33:40', '2016-12-19 02:33:40'),
(456, 19, 'M71.1', 'Other infective bursitis', '1', '60', NULL, NULL, NULL, NULL, '2016-12-19 02:33:40', '2016-12-19 02:33:40'),
(457, 19, 'M71.2', 'Synovial cyst of popliteal space [Baker]', '1', '60', NULL, NULL, NULL, NULL, '2016-12-19 02:33:40', '2016-12-19 02:33:40'),
(458, 19, 'M71.3', 'Other bursal cyst', '1', '60', NULL, NULL, NULL, NULL, '2016-12-19 02:33:40', '2016-12-19 02:33:40'),
(459, 19, 'M71.4', 'Calcium deposit in bursa', '1', '60', NULL, NULL, NULL, NULL, '2016-12-19 02:33:40', '2016-12-19 02:33:40'),
(460, 19, 'M71.5', 'Other bursitis, not elsewhere classified', '1', '60', NULL, NULL, NULL, NULL, '2016-12-19 02:33:40', '2016-12-19 02:33:40'),
(461, 19, 'M71.8', 'Other specified bursopathies', '1', '60', NULL, NULL, NULL, NULL, '2016-12-19 02:33:40', '2016-12-19 02:33:40'),
(462, 19, 'M71.9', 'Bursopathy, unspecified', '1', '60', NULL, NULL, NULL, NULL, '2016-12-19 02:33:40', '2016-12-19 02:33:40'),
(463, 19, 'M72.0', 'Palmar fascial fibromatosis [Dupuytren]', '1', '60', NULL, NULL, NULL, NULL, '2016-12-19 02:33:40', '2016-12-19 02:33:40'),
(464, 19, 'M72.1', 'Knuckle pads', '1', '60', NULL, NULL, NULL, NULL, '2016-12-19 02:33:40', '2016-12-19 02:33:40'),
(465, 19, 'M72.2', 'Plantar fascial fibromatosis', '1', '60', NULL, NULL, NULL, NULL, '2016-12-19 02:33:40', '2016-12-19 02:33:40'),
(466, 19, 'M72.3', 'Nodular fasciitis', '1', '60', NULL, NULL, NULL, NULL, '2016-12-19 02:33:40', '2016-12-19 02:33:40'),
(467, 19, 'M72.4', 'Pseudosarcomatous fibromatosis', '1', '60', NULL, NULL, NULL, NULL, '2016-12-19 02:33:40', '2016-12-19 02:33:40'),
(468, 19, 'M72.5', 'Fasciitis, not elsewhere classified', '1', '60', NULL, NULL, NULL, NULL, '2016-12-19 02:33:40', '2016-12-19 02:33:40'),
(469, 19, 'M72.8', 'Other fibroblastic disorders', '1', '60', NULL, NULL, NULL, NULL, '2016-12-19 02:33:40', '2016-12-19 02:33:40'),
(470, 19, 'M72.9', 'Fibroblastic disorder, unspecified', '1', '60', NULL, NULL, NULL, NULL, '2016-12-19 02:33:40', '2016-12-19 02:33:40'),
(471, 19, 'M73.0*', 'Gonococcal bursitis (A54.4+)', '1', '60', NULL, NULL, NULL, NULL, '2016-12-19 02:33:40', '2016-12-19 02:33:40'),
(472, 19, 'M73.1*', 'Syphilitic bursitis (A52.7+)', '1', '60', NULL, NULL, NULL, NULL, '2016-12-19 02:33:40', '2016-12-19 02:33:40'),
(473, 19, 'M73.8*', 'Other soft tissue disorders in diseases classified elsewhere', '1', '60', NULL, NULL, NULL, NULL, '2016-12-19 02:33:40', '2016-12-19 02:33:40'),
(474, 19, 'M75.0', 'Adhesive capsulitis of shoulder', '1', '60', NULL, NULL, NULL, NULL, '2016-12-19 02:33:40', '2016-12-19 02:33:40'),
(475, 19, 'M75.1', 'Rotator cuff syndrome', '1', '60', NULL, NULL, NULL, NULL, '2016-12-19 02:33:40', '2016-12-19 02:33:40'),
(476, 19, 'M75.2', 'Bicipital tendinitis', '1', '60', NULL, NULL, NULL, NULL, '2016-12-19 02:33:40', '2016-12-19 02:33:40'),
(477, 19, 'M75.3', 'Calcific tendinitis of shoulder', '1', '60', NULL, NULL, NULL, NULL, '2016-12-19 02:33:40', '2016-12-19 02:33:40'),
(478, 19, 'M75.4', 'Impingement syndrome of shoulder', '1', '60', NULL, NULL, NULL, NULL, '2016-12-19 02:33:40', '2016-12-19 02:33:40'),
(479, 19, 'M75.5', 'Bursitis of shoulder', '1', '60', NULL, NULL, NULL, NULL, '2016-12-19 02:33:40', '2016-12-19 02:33:40'),
(480, 19, 'M75.8', 'Other shoulder lesions', '1', '60', NULL, NULL, NULL, NULL, '2016-12-19 02:33:40', '2016-12-19 02:33:40'),
(481, 19, 'M75.9', 'Shoulder lesion, unspecified', '1', '60', NULL, NULL, NULL, NULL, '2016-12-19 02:33:40', '2016-12-19 02:33:40'),
(482, 19, 'M76.0', 'Gluteal tendinitis', '1', '60', NULL, NULL, NULL, NULL, '2016-12-19 02:33:40', '2016-12-19 02:33:40'),
(483, 19, 'M76.1', 'Psoas tendinitis', '1', '60', NULL, NULL, NULL, NULL, '2016-12-19 02:33:40', '2016-12-19 02:33:40'),
(484, 19, 'M76.2', 'Iliac crest spur', '1', '60', NULL, NULL, NULL, NULL, '2016-12-19 02:33:40', '2016-12-19 02:33:40'),
(485, 19, 'M76.3', 'Iliotibial band syndrome', '1', '60', NULL, NULL, NULL, NULL, '2016-12-19 02:33:40', '2016-12-19 02:33:40'),
(486, 19, 'M76.4', 'Tibial collateral bursitis [Pellegrini-Stieda]', '1', '60', NULL, NULL, NULL, NULL, '2016-12-19 02:33:40', '2016-12-19 02:33:40'),
(487, 19, 'M76.5', 'Patellar tendinitis', '1', '60', NULL, NULL, NULL, NULL, '2016-12-19 02:33:40', '2016-12-19 02:33:40'),
(488, 19, 'M76.6', 'Achilles tendinitis', '1', '60', NULL, NULL, NULL, NULL, '2016-12-19 02:33:40', '2016-12-19 02:33:40'),
(489, 19, 'M76.7', 'Peroneal tendinitis', '1', '60', NULL, NULL, NULL, NULL, '2016-12-19 02:33:40', '2016-12-19 02:33:40'),
(490, 19, 'M76.8', 'Other enthesopathies of lower limb, excluding foot', '1', '60', NULL, NULL, NULL, NULL, '2016-12-19 02:33:40', '2016-12-19 02:33:40'),
(491, 19, 'M76.9', 'Enthesopathy of lower limb, unspecified', '1', '60', NULL, NULL, NULL, NULL, '2016-12-19 02:33:40', '2016-12-19 02:33:40'),
(492, 19, 'M77.0', 'Medial epicondylitis', '1', '60', NULL, NULL, NULL, NULL, '2016-12-19 02:33:40', '2016-12-19 02:33:40'),
(493, 19, 'M77.1', 'Lateral epicondylitis', '1', '60', NULL, NULL, NULL, NULL, '2016-12-19 02:33:40', '2016-12-19 02:33:40'),
(494, 19, 'M77.2', 'Periarthritis of wrist', '1', '60', NULL, NULL, NULL, NULL, '2016-12-19 02:33:40', '2016-12-19 02:33:40'),
(495, 19, 'M77.3', 'Calcaneal spur', '1', '60', NULL, NULL, NULL, NULL, '2016-12-19 02:33:40', '2016-12-19 02:33:40'),
(496, 19, 'M77.4', 'Metatarsalgia', '1', '60', NULL, NULL, NULL, NULL, '2016-12-19 02:33:40', '2016-12-19 02:33:40'),
(497, 19, 'M77.5', 'Other enthesopathy of foot', '1', '60', NULL, NULL, NULL, NULL, '2016-12-19 02:33:40', '2016-12-19 02:33:40'),
(498, 19, 'M77.8', 'Other enthesopathies, not elsewhere classified', '1', '60', NULL, NULL, NULL, NULL, '2016-12-19 02:33:40', '2016-12-19 02:33:40'),
(499, 19, 'M77.9', 'Enthesopathy, unspecified', '1', '60', NULL, NULL, NULL, NULL, '2016-12-19 02:33:40', '2016-12-19 02:33:40'),
(500, 19, 'M79.0', 'Rheumatism, unspecified', '1', '60', NULL, NULL, NULL, NULL, '2016-12-19 02:33:40', '2016-12-19 02:33:40'),
(501, 19, 'M79.1', 'Myalgia', '1', '60', NULL, NULL, NULL, NULL, '2016-12-19 02:33:40', '2016-12-19 02:33:40'),
(502, 19, 'M79.2', 'Neuralgia and neuritis, unspecified', '1', '60', NULL, NULL, NULL, NULL, '2016-12-19 02:33:40', '2016-12-19 02:33:40'),
(503, 19, 'M79.3', 'Panniculitis, unspecified', '1', '60', NULL, NULL, NULL, NULL, '2016-12-19 02:33:40', '2016-12-19 02:33:40'),
(504, 19, 'M79.4', 'Hypertrophy of (infrapatellar) fat pad', '1', '60', NULL, NULL, NULL, NULL, '2016-12-19 02:33:40', '2016-12-19 02:33:40'),
(505, 19, 'M79.5', 'Residual foreign body in soft tissue', '1', '60', NULL, NULL, NULL, NULL, '2016-12-19 02:33:40', '2016-12-19 02:33:40'),
(506, 19, 'M79.6', 'Pain in limb', '1', '60', NULL, NULL, NULL, NULL, '2016-12-19 02:33:40', '2016-12-19 02:33:40'),
(507, 19, 'M79.8', 'Other specified soft tissue disorders', '1', '60', NULL, NULL, NULL, NULL, '2016-12-19 02:33:40', '2016-12-19 02:33:40'),
(508, 19, 'M79.9', 'Soft tissue disorder, unspecified', '1', '60', NULL, NULL, NULL, NULL, '2016-12-19 02:33:40', '2016-12-19 02:33:40'),
(509, 19, 'M80.0', 'Postmenopausal osteoporosis with pathological fracture', '1', '51', NULL, NULL, NULL, NULL, '2016-12-19 02:33:40', '2016-12-19 02:33:40'),
(510, 19, 'M80.1', 'Postoophorectomy osteoporosis with pathological fracture', '1', '51', NULL, NULL, NULL, NULL, '2016-12-19 02:33:40', '2016-12-19 02:33:40'),
(511, 19, 'M80.2', 'Osteoporosis of disuse with pathological fracture', '1', '51', NULL, NULL, NULL, NULL, '2016-12-19 02:33:40', '2016-12-19 02:33:40'),
(512, 19, 'M80.3', 'Postsurgical malabsorption osteoporosis with pathological fracture', '1', '51', NULL, NULL, NULL, NULL, '2016-12-19 02:33:40', '2016-12-19 02:33:40'),
(513, 19, 'M80.4', 'Drug-induced osteoporosis with pathological fracture', '1', '51', NULL, NULL, NULL, NULL, '2016-12-19 02:33:40', '2016-12-19 02:33:40'),
(514, 19, 'M80.5', 'Idiopathic osteoporosis with pathological fracture', '1', '51', NULL, NULL, NULL, NULL, '2016-12-19 02:33:40', '2016-12-19 02:33:40'),
(515, 19, 'M80.8', 'Other osteoporosis with pathological fracture', '1', '51', NULL, NULL, NULL, NULL, '2016-12-19 02:33:40', '2016-12-19 02:33:40'),
(516, 19, 'M80.9', 'Unspecified osteoporosis with pathological fracture', '1', '51', NULL, NULL, NULL, NULL, '2016-12-19 02:33:40', '2016-12-19 02:33:40'),
(517, 19, 'M81.0', 'Postmenopausal osteoporosis', '1', '51', NULL, NULL, NULL, NULL, '2016-12-19 02:33:40', '2016-12-19 02:33:40'),
(518, 19, 'M81.1', 'Postoophorectomy osteoporosis', '1', '51', NULL, NULL, NULL, NULL, '2016-12-19 02:33:40', '2016-12-19 02:33:40'),
(519, 19, 'M81.2', 'Osteoporosis of disuse', '1', '51', NULL, NULL, NULL, NULL, '2016-12-19 02:33:40', '2016-12-19 02:33:40'),
(520, 19, 'M81.3', 'Postsurgical malabsorption osteoporosis', '1', '51', NULL, NULL, NULL, NULL, '2016-12-19 02:33:40', '2016-12-19 02:33:40'),
(521, 19, 'M81.4', 'Drug-induced osteoporosis', '1', '51', NULL, NULL, NULL, NULL, '2016-12-19 02:33:40', '2016-12-19 02:33:40'),
(522, 19, 'M81.5', 'Idiopathic osteoporosis', '1', '51', NULL, NULL, NULL, NULL, '2016-12-19 02:33:40', '2016-12-19 02:33:40'),
(523, 19, 'M81.6', 'Localized osteoporosis [Lequesne]', '1', '51', NULL, NULL, NULL, NULL, '2016-12-19 02:33:40', '2016-12-19 02:33:40'),
(524, 19, 'M81.8', 'Other osteoporosis', '1', '51', NULL, NULL, NULL, NULL, '2016-12-19 02:33:40', '2016-12-19 02:33:40'),
(525, 19, 'M81.9', 'Osteoporosis, unspecified', '1', '51', NULL, NULL, NULL, NULL, '2016-12-19 02:33:40', '2016-12-19 02:33:40'),
(526, 19, 'M82.0*', 'Osteoporosis in multiple myelomatosis (C90.0+)', '1', '51', NULL, NULL, NULL, NULL, '2016-12-19 02:33:40', '2016-12-19 02:33:40'),
(527, 19, 'M82.1*', 'Osteoporosis in endocrine disorders (E00-E34+)', '1', '51', NULL, NULL, NULL, NULL, '2016-12-19 02:33:40', '2016-12-19 02:33:40'),
(528, 19, 'M82.8*', 'Osteoporosis in other diseases classified elsewhere', '1', '51', NULL, NULL, NULL, NULL, '2016-12-19 02:33:40', '2016-12-19 02:33:40'),
(529, 19, 'M83.0', 'Puerperal osteomalacia', '1', '51', NULL, NULL, NULL, NULL, '2016-12-19 02:33:40', '2016-12-19 02:33:40'),
(530, 19, 'M83.1', 'Senile osteomalacia', '1', '51', NULL, NULL, NULL, NULL, '2016-12-19 02:33:40', '2016-12-19 02:33:40'),
(531, 19, 'M83.2', 'Adult osteomalacia due to malabsorption', '1', '51', NULL, NULL, NULL, NULL, '2016-12-19 02:33:40', '2016-12-19 02:33:40'),
(532, 19, 'M83.3', 'Adult osteomalacia due to malnutrition', '1', '51', NULL, NULL, NULL, NULL, '2016-12-19 02:33:40', '2016-12-19 02:33:40'),
(533, 19, 'M83.4', 'Aluminium bone disease', '1', '51', NULL, NULL, NULL, NULL, '2016-12-19 02:33:40', '2016-12-19 02:33:40'),
(534, 19, 'M83.5', 'Other drug-induced osteomalacia in adults', '1', '51', NULL, NULL, NULL, NULL, '2016-12-19 02:33:40', '2016-12-19 02:33:40'),
(535, 19, 'M83.8', 'Other adult osteomalacia', '1', '51', NULL, NULL, NULL, NULL, '2016-12-19 02:33:40', '2016-12-19 02:33:40'),
(536, 19, 'M83.9', 'Adult osteomalacia, unspecified', '1', '51', NULL, NULL, NULL, NULL, '2016-12-19 02:33:40', '2016-12-19 02:33:40'),
(537, 19, 'M84.0', 'Malunion of fracture', '1', '51', NULL, NULL, NULL, NULL, '2016-12-19 02:33:40', '2016-12-19 02:33:40'),
(538, 19, 'M84.1', 'Nonunion of fracture [pseudarthrosis]', '1', '51', NULL, NULL, NULL, NULL, '2016-12-19 02:33:40', '2016-12-19 02:33:40'),
(539, 19, 'M84.2', 'Delayed union of fracture', '1', '51', NULL, NULL, NULL, NULL, '2016-12-19 02:33:40', '2016-12-19 02:33:40'),
(540, 19, 'M84.3', 'Stress fracture, not elsewhere classified', '1', '51', NULL, NULL, NULL, NULL, '2016-12-19 02:33:40', '2016-12-19 02:33:40'),
(541, 19, 'M84.4', 'Pathological fracture, not elsewhere classified', '1', '51', NULL, NULL, NULL, NULL, '2016-12-19 02:33:40', '2016-12-19 02:33:40'),
(542, 19, 'M84.8', 'Other disorders of continuity of bone', '1', '51', NULL, NULL, NULL, NULL, '2016-12-19 02:33:40', '2016-12-19 02:33:40'),
(543, 19, 'M84.9', 'Disorder of continuity of bone, unspecified', '1', '51', NULL, NULL, NULL, NULL, '2016-12-19 02:33:40', '2016-12-19 02:33:40'),
(544, 19, 'M85.0', 'Fibrous dysplasia (monostotic', '1', '51', NULL, NULL, NULL, NULL, '2016-12-19 02:33:40', '2016-12-19 02:33:40'),
(545, 19, 'M85.1', 'Skeletal fluorosis', '1', '51', NULL, NULL, NULL, NULL, '2016-12-19 02:33:40', '2016-12-19 02:33:40'),
(546, 19, 'M85.2', 'Hyperostosis of skull', '1', '51', NULL, NULL, NULL, NULL, '2016-12-19 02:33:40', '2016-12-19 02:33:40'),
(547, 19, 'M85.3', 'Osteitis condensans', '1', '51', NULL, NULL, NULL, NULL, '2016-12-19 02:33:40', '2016-12-19 02:33:40'),
(548, 19, 'M85.4', 'Solitary bone cyst', '1', '51', NULL, NULL, NULL, NULL, '2016-12-19 02:33:40', '2016-12-19 02:33:40'),
(549, 19, 'M85.5', 'Aneurysmal bone cyst', '1', '51', NULL, NULL, NULL, NULL, '2016-12-19 02:33:40', '2016-12-19 02:33:40'),
(550, 19, 'M85.6', 'Other cyst of bone', '1', '51', NULL, NULL, NULL, NULL, '2016-12-19 02:33:40', '2016-12-19 02:33:40'),
(551, 19, 'M85.8', 'Other specified disorders of bone density and structure', '1', '51', NULL, NULL, NULL, NULL, '2016-12-19 02:33:40', '2016-12-19 02:33:40'),
(552, 19, 'M85.9', 'Disorder of bone density and structure, unspecified', '1', '51', NULL, NULL, NULL, NULL, '2016-12-19 02:33:40', '2016-12-19 02:33:40'),
(553, 19, 'M86.0', 'Acute haematogenous osteomyelitis', '1', '51', NULL, NULL, NULL, NULL, '2016-12-19 02:33:40', '2016-12-19 02:33:40'),
(554, 19, 'M86.1', 'Other acute osteomyelitis', '1', '51', NULL, NULL, NULL, NULL, '2016-12-19 02:33:40', '2016-12-19 02:33:40'),
(555, 19, 'M86.2', 'Subacute osteomyelitis', '1', '51', NULL, NULL, NULL, NULL, '2016-12-19 02:33:40', '2016-12-19 02:33:40'),
(556, 19, 'M86.3', 'Chronic multifocal osteomyelitis', '1', '51', NULL, NULL, NULL, NULL, '2016-12-19 02:33:40', '2016-12-19 02:33:40'),
(557, 19, 'M86.4', 'Chronic osteomyelitis with draining sinus', '1', '51', NULL, NULL, NULL, NULL, '2016-12-19 02:33:40', '2016-12-19 02:33:40'),
(558, 19, 'M86.5', 'Other chronic haematogenous osteomyelitis', '1', '51', NULL, NULL, NULL, NULL, '2016-12-19 02:33:40', '2016-12-19 02:33:40'),
(559, 19, 'M86.6', 'Other chronic osteomyelitis', '1', '51', NULL, NULL, NULL, NULL, '2016-12-19 02:33:40', '2016-12-19 02:33:40'),
(560, 19, 'M86.8', 'Other osteomyelitis', '1', '51', NULL, NULL, NULL, NULL, '2016-12-19 02:33:40', '2016-12-19 02:33:40'),
(561, 19, 'M86.9', 'Osteomyelitis, unspecified', '1', '51', NULL, NULL, NULL, NULL, '2016-12-19 02:33:40', '2016-12-19 02:33:40'),
(562, 19, 'M87.0', 'Idiopathic aseptic necrosis of bone', '1', '51', NULL, NULL, NULL, NULL, '2016-12-19 02:33:40', '2016-12-19 02:33:40'),
(563, 19, 'M87.1', 'Osteonecrosis due to drugs', '1', '51', NULL, NULL, NULL, NULL, '2016-12-19 02:33:40', '2016-12-19 02:33:40'),
(564, 19, 'M87.2', 'Osteonecrosis due to previous trauma', '1', '51', NULL, NULL, NULL, NULL, '2016-12-19 02:33:40', '2016-12-19 02:33:40'),
(565, 0, 'M87.3', 'Other secondary osteonecrosis', '1', '51', NULL, NULL, NULL, NULL, '2016-12-19 02:33:40', '2016-12-19 02:33:40'),
(566, 19, 'M87.8', 'Other osteonecrosis', '1', '51', NULL, NULL, NULL, NULL, '2016-12-19 02:33:40', '2016-12-19 02:33:40'),
(567, 19, 'M87.9', 'Osteonecrosis, unspecified', '1', '51', NULL, NULL, NULL, NULL, '2016-12-19 02:33:40', '2016-12-19 02:33:40'),
(568, 19, 'M88.0', 'Paget\'s disease of skull', '1', '51', NULL, NULL, NULL, NULL, '2016-12-19 02:33:40', '2016-12-19 02:33:40'),
(569, 19, 'M88.8', 'Paget\'s disease of other bones', '1', '51', NULL, NULL, NULL, NULL, '2016-12-19 02:33:40', '2016-12-19 02:33:40'),
(570, 19, 'M88.9', 'Paget\'s disease of bone, unspecified', '1', '51', NULL, NULL, NULL, NULL, '2016-12-19 02:33:40', '2016-12-19 02:33:40'),
(571, 19, 'M89.0', 'Algoneurodystrophy', '1', '51', NULL, NULL, NULL, NULL, '2016-12-19 02:33:40', '2016-12-19 02:33:40'),
(572, 19, 'M89.1', 'Epiphyseal arrest', '1', '51', NULL, NULL, NULL, NULL, '2016-12-19 02:33:40', '2016-12-19 02:33:40'),
(573, 19, 'M89.2', 'Other disorders of bone development and growth', '1', '51', NULL, NULL, NULL, NULL, '2016-12-19 02:33:40', '2016-12-19 02:33:40'),
(574, 19, 'M89.3', 'Hypertrophy of bone', '1', '51', NULL, NULL, NULL, NULL, '2016-12-19 02:33:40', '2016-12-19 02:33:40'),
(575, 19, 'M89.4', 'Other hypertrophic osteoarthropathy', '1', '51', NULL, NULL, NULL, NULL, '2016-12-19 02:33:40', '2016-12-19 02:33:40'),
(576, 19, 'M89.5', 'Osteolysis', '1', '51', NULL, NULL, NULL, NULL, '2016-12-19 02:33:40', '2016-12-19 02:33:40'),
(577, 19, 'M89.6', 'Osteopathy after poliomyelitis', '1', '51', NULL, NULL, NULL, NULL, '2016-12-19 02:33:40', '2016-12-19 02:33:40'),
(578, 19, 'M89.8', 'Other specified disorders of bone', '1', '51', NULL, NULL, NULL, NULL, '2016-12-19 02:33:40', '2016-12-19 02:33:40'),
(579, 19, 'M89.9', 'Disorder of bone, unspecified', '1', '51', NULL, NULL, NULL, NULL, '2016-12-19 02:33:40', '2016-12-19 02:33:40'),
(580, 19, 'M90.0*', 'Tuberculosis of bone (A18.0+)', '1', '51', NULL, NULL, NULL, NULL, '2016-12-19 02:33:40', '2016-12-19 02:33:40'),
(581, 19, 'M90.1*', 'Periostitis in other infectious diseases classified elsewhere', '1', '51', NULL, NULL, NULL, NULL, '2016-12-19 02:33:40', '2016-12-19 02:33:40'),
(582, 19, 'M90.2*', 'Osteopathy in other infectious diseases classified elsewhere', '1', '51', NULL, NULL, NULL, NULL, '2016-12-19 02:33:40', '2016-12-19 02:33:40'),
(583, 19, 'M90.3*', 'Osteonecrosis in caisson disease (T70.3+)', '1', '51', NULL, NULL, NULL, NULL, '2016-12-19 02:33:40', '2016-12-19 02:33:40'),
(584, 19, 'M90.4*', 'Osteonecrosis due to haemoglobinopathy (D50-D64+)', '1', '51', NULL, NULL, NULL, NULL, '2016-12-19 02:33:40', '2016-12-19 02:33:40'),
(585, 19, 'M90.5*', 'Osteonecrosis in other diseases classified elsewhere', '1', '51', NULL, NULL, NULL, NULL, '2016-12-19 02:33:40', '2016-12-19 02:33:40'),
(586, 19, 'M90.6*', 'Osteitis deformans in neoplastic disease (C00-D48+)', '1', '51', NULL, NULL, NULL, NULL, '2016-12-19 02:33:40', '2016-12-19 02:33:40'),
(587, 19, 'M90.7*', 'Fracture of bone in neoplastic disease (C00-D48+)', '1', '51', NULL, NULL, NULL, NULL, '2016-12-19 02:33:40', '2016-12-19 02:33:40'),
(588, 19, 'M90.8*', 'Osteopathy in other diseases classified elsewhere', '1', '51', NULL, NULL, NULL, NULL, '2016-12-19 02:33:40', '2016-12-19 02:33:40'),
(589, 19, 'M91.0', 'Juvenile osteochondrosis of pelvis', '1', '51', NULL, NULL, NULL, NULL, '2016-12-19 02:33:40', '2016-12-19 02:33:40'),
(590, 19, 'M91.1', 'Juvenile osteochondrosis of head of femur [Legg-Calv-Perthes]', '1', '51', NULL, NULL, NULL, NULL, '2016-12-19 02:33:40', '2016-12-19 02:33:40'),
(591, 12, 'M91.2', 'Coxa plana', '1', '0', NULL, NULL, NULL, NULL, '2016-12-19 02:33:40', '2016-12-19 02:33:40'),
(592, 12, 'M91.3', 'Pseudocoxalgia', '1', '0', NULL, NULL, NULL, NULL, '2016-12-19 02:33:40', '2016-12-19 02:33:40'),
(593, 12, 'M91.8', 'Other juvenile osteochondrosis of hip and pelvis', '1', '0', NULL, NULL, NULL, NULL, '2016-12-19 02:33:40', '2016-12-19 02:33:40'),
(594, 12, 'M91.9', 'Juvenile osteochondrosis of hip and pelvis, unspecified', '1', '0', NULL, NULL, NULL, NULL, '2016-12-19 02:33:40', '2016-12-19 02:33:40'),
(595, 12, 'M92.0', 'Juvenile osteochondrosis of humerus', '1', '0', NULL, NULL, NULL, NULL, '2016-12-19 02:33:40', '2016-12-19 02:33:40'),
(596, 12, 'M92.1', 'Juvenile osteochondrosis of radius and ulna', '1', '0', NULL, NULL, NULL, NULL, '2016-12-19 02:33:40', '2016-12-19 02:33:40'),
(597, 12, 'M92.2', 'Juvenile osteochondrosis of hand', '1', '0', NULL, NULL, NULL, NULL, '2016-12-19 02:33:40', '2016-12-19 02:33:40'),
(598, 12, 'M92.3', 'Other juvenile osteochondrosis of upper limb', '1', '0', NULL, NULL, NULL, NULL, '2016-12-19 02:33:40', '2016-12-19 02:33:40'),
(599, 12, 'M92.4', 'Juvenile osteochondrosis of patella', '1', '0', NULL, NULL, NULL, NULL, '2016-12-19 02:33:40', '2016-12-19 02:33:40'),
(600, 12, 'M92.5', 'Juvenile osteochondrosis of tibia and fibula', '1', '0', NULL, NULL, NULL, NULL, '2016-12-19 02:33:40', '2016-12-19 02:33:40'),
(601, 12, 'M92.6', 'Juvenile osteochondrosis of tarsus', '1', '0', NULL, NULL, NULL, NULL, '2016-12-19 02:33:40', '2016-12-19 02:33:40'),
(602, 12, 'M92.7', 'Juvenile osteochondrosis of metatarsus', '1', '0', NULL, NULL, NULL, NULL, '2016-12-19 02:33:40', '2016-12-19 02:33:40'),
(603, 12, 'M92.8', 'Other specified juvenile osteochondrosis', '1', '0', NULL, NULL, NULL, NULL, '2016-12-19 02:33:40', '2016-12-19 02:33:40'),
(604, 12, 'M92.9', 'Juvenile osteochondrosis, unspecified', '1', '0', NULL, NULL, NULL, NULL, '2016-12-19 02:33:40', '2016-12-19 02:33:40'),
(605, 19, 'M93.0', 'Slipped upper femoral epiphysis (nontraumatic)', '1', '51', NULL, NULL, NULL, NULL, '2016-12-19 02:33:40', '2016-12-19 02:33:40'),
(606, 19, 'M93.1', 'Kienbck\'s disease of adults', '1', '51', NULL, NULL, NULL, NULL, '2016-12-19 02:33:40', '2016-12-19 02:33:40'),
(607, 19, 'M93.2', 'Osteochondritis dissecans', '1', '51', NULL, NULL, NULL, NULL, '2016-12-19 02:33:40', '2016-12-19 02:33:40'),
(608, 19, 'M93.8', 'Other specified osteochondropathies', '1', '51', NULL, NULL, NULL, NULL, '2016-12-19 02:33:40', '2016-12-19 02:33:40'),
(609, 19, 'M93.9', 'Osteochondropathy, unspecified', '1', '51', NULL, NULL, NULL, NULL, '2016-12-19 02:33:40', '2016-12-19 02:33:40'),
(610, 19, 'M94.0', 'Chondrocostal junction syndrome [Tietze]', '1', '51', NULL, NULL, NULL, NULL, '2016-12-19 02:33:40', '2016-12-19 02:33:40'),
(611, 19, 'M94.1', 'Relapsing polychondritis', '1', '51', NULL, NULL, NULL, NULL, '2016-12-19 02:33:40', '2016-12-19 02:33:40'),
(612, 19, 'M94.2', 'Chondromalacia', '1', '51', NULL, NULL, NULL, NULL, '2016-12-19 02:33:40', '2016-12-19 02:33:40'),
(613, 19, 'M94.3', 'Chondrolysis', '1', '51', NULL, NULL, NULL, NULL, '2016-12-19 02:33:40', '2016-12-19 02:33:40'),
(614, 19, 'M94.8', 'Other specified disorders of cartilage', '1', '51', NULL, NULL, NULL, NULL, '2016-12-19 02:33:40', '2016-12-19 02:33:40'),
(615, 19, 'M94.9', 'Disorder of cartilage, unspecified', '1', '51', NULL, NULL, NULL, NULL, '2016-12-19 02:33:40', '2016-12-19 02:33:40'),
(616, 53, 'M95.0', 'Acquired deformity of nose', '1', '0', NULL, NULL, NULL, NULL, '2016-12-19 02:33:40', '2016-12-19 02:33:40'),
(617, 53, 'M95.1', 'Cauliflower ear', '1', '0', NULL, NULL, NULL, NULL, '2016-12-19 02:33:40', '2016-12-19 02:33:40'),
(618, 0, 'M95.2', 'Other acquired deformity of head', '1', '0', NULL, NULL, NULL, NULL, '2016-12-19 02:33:40', '2016-12-19 02:33:40'),
(619, 53, 'M95.3', 'Acquired deformity of neck', '1', '0', NULL, NULL, NULL, NULL, '2016-12-19 02:33:40', '2016-12-19 02:33:40'),
(620, 19, 'M95.4', 'Acquired deformity of chest and rib', '1', '54', NULL, NULL, NULL, NULL, '2016-12-19 02:33:40', '2016-12-19 02:33:40'),
(621, 19, 'M95.5', 'Acquired deformity of pelvis', '1', '54', NULL, NULL, NULL, NULL, '2016-12-19 02:33:40', '2016-12-19 02:33:40'),
(622, 19, 'M95.8', 'Other specified acquired deformities of musculoskeletal system', '1', '54', NULL, NULL, NULL, NULL, '2016-12-19 02:33:40', '2016-12-19 02:33:40'),
(623, 19, 'M95.9', 'Acquired deformity of musculoskeletal system, unspecified', '1', '54', NULL, NULL, NULL, NULL, '2016-12-19 02:33:40', '2016-12-19 02:33:40'),
(624, 19, 'M96.0', 'Pseudarthrosis after fusion or arthrodesis', '1', '54', NULL, NULL, NULL, NULL, '2016-12-19 02:33:40', '2016-12-19 02:33:40'),
(625, 19, 'M96.1', 'Postlaminectomy syndrome, not elsewhere classified', '1', '54', NULL, NULL, NULL, NULL, '2016-12-19 02:33:40', '2016-12-19 02:33:40'),
(626, 19, 'M96.2', 'Postradiation kyphosis', '1', '54', NULL, NULL, NULL, NULL, '2016-12-19 02:33:40', '2016-12-19 02:33:40'),
(627, 19, 'M96.3', 'Postlaminectomy kyphosis', '1', '54', NULL, NULL, NULL, NULL, '2016-12-19 02:33:40', '2016-12-19 02:33:40'),
(628, 19, 'M96.4', 'Postsurgical lordosis', '1', '54', NULL, NULL, NULL, NULL, '2016-12-19 02:33:40', '2016-12-19 02:33:40'),
(629, 19, 'M96.5', 'Postradiation scoliosis', '1', '54', NULL, NULL, NULL, NULL, '2016-12-19 02:33:40', '2016-12-19 02:33:40'),
(630, 19, 'M96.6', 'Fracture of bone following insertion of orthopaedic implant, joint prosthesis, or bone plate', '1', '54', NULL, NULL, NULL, NULL, '2016-12-19 02:33:40', '2016-12-19 02:33:40'),
(631, 19, 'M96.8', 'Other postprocedural musculoskeletal disorders', '1', '54', NULL, NULL, NULL, NULL, '2016-12-19 02:33:40', '2016-12-19 02:33:40'),
(632, 19, 'M96.9', 'Postprocedural musculoskeletal disorder, unspecified', '1', '54', NULL, NULL, NULL, NULL, '2016-12-19 02:33:40', '2016-12-19 02:33:40'),
(633, 19, 'M99.0', 'Segmental and somatic dysfunction', '1', '54', NULL, NULL, NULL, NULL, '2016-12-19 02:33:40', '2016-12-19 02:33:40'),
(634, 19, 'M99.1', 'Subluxation complex (vertebral)', '1', '54', NULL, NULL, NULL, NULL, '2016-12-19 02:33:40', '2016-12-19 02:33:40'),
(635, 19, 'M99.2', 'Subluxation stenosis of neural canal', '1', '54', NULL, NULL, NULL, NULL, '2016-12-19 02:33:40', '2016-12-19 02:33:40'),
(636, 19, 'M99.3', 'Osseous stenosis of neural canal', '1', '54', NULL, NULL, NULL, NULL, '2016-12-19 02:33:40', '2016-12-19 02:33:40'),
(637, 19, 'M99.4', 'Connective tissue stenosis of neural canal', '1', '54', NULL, NULL, NULL, NULL, '2016-12-19 02:33:40', '2016-12-19 02:33:40'),
(638, 19, 'M99.5', 'Intervertebral disc stenosis of neural canal', '1', '54', NULL, NULL, NULL, NULL, '2016-12-19 02:33:40', '2016-12-19 02:33:40'),
(639, 19, 'M99.6', 'Osseous and subluxation stenosis of intervertebral foramina', '1', '54', NULL, NULL, NULL, NULL, '2016-12-19 02:33:40', '2016-12-19 02:33:40'),
(640, 19, 'M99.7', 'Connective tissue and disc stenosis of intervertebral foramina', '1', '54', NULL, NULL, NULL, NULL, '2016-12-19 02:33:40', '2016-12-19 02:33:40'),
(641, 19, 'M99.8', 'Other biomechanical lesions', '1', '54', NULL, NULL, NULL, NULL, '2016-12-19 02:33:40', '2016-12-19 02:33:40'),
(642, 19, 'M99.9', 'Biomechanical lesion, unspecified', '1', '54', NULL, NULL, NULL, NULL, '2016-12-19 02:33:40', '2016-12-19 02:33:40'),
(643, 20, 'G54.0', 'Brachial plexus disorders', '1', '47', NULL, NULL, NULL, NULL, '2016-12-19 02:33:40', '2016-12-19 02:33:40'),
(644, 20, 'G54.1', 'Lumbosacral plexus disorders', '1', '47', NULL, NULL, NULL, NULL, '2016-12-19 02:33:40', '2016-12-19 02:33:40'),
(645, 20, 'G54.2', 'Cervical root disorders, not elsewhere classified', '1', '47', NULL, NULL, NULL, NULL, '2016-12-19 02:33:40', '2016-12-19 02:33:40'),
(646, 20, 'G54.3', 'Thoracic root disorders, not elsewhere classified', '1', '47', NULL, NULL, NULL, NULL, '2016-12-19 02:33:40', '2016-12-19 02:33:40'),
(647, 20, 'G54.4', 'Lumbosacral root disorders, not elsewhere classified', '1', '47', NULL, NULL, NULL, NULL, '2016-12-19 02:33:40', '2016-12-19 02:33:40'),
(648, 20, 'G54.5', 'Neuralgic amyotrophy', '1', '47', NULL, NULL, NULL, NULL, '2016-12-19 02:33:40', '2016-12-19 02:33:40'),
(649, 20, 'G54.6', 'Phantom limb syndrome with pain', '1', '47', NULL, NULL, NULL, NULL, '2016-12-19 02:33:40', '2016-12-19 02:33:40'),
(650, 20, 'G54.7', 'Phantom limb syndrome without pain', '1', '47', NULL, NULL, NULL, NULL, '2016-12-19 02:33:40', '2016-12-19 02:33:40'),
(651, 20, 'G54.8', 'Other nerve root and plexus disorders', '1', '47', NULL, NULL, NULL, NULL, '2016-12-19 02:33:40', '2016-12-19 02:33:40'),
(652, 20, 'G54.9', 'Nerve root and plexus disorder, unspecified', '1', '47', NULL, NULL, NULL, NULL, '2016-12-19 02:33:40', '2016-12-19 02:33:40'),
(653, 20, 'G55.0*', 'Nerve root and plexus compressions in neoplastic disease (C00-D48+)', '1', '47', NULL, NULL, NULL, NULL, '2016-12-19 02:33:40', '2016-12-19 02:33:40'),
(654, 20, 'G55.1*', 'Nerve root and plexus compressions in intervertebral disc disorders (M50-M51+)', '1', '47', NULL, NULL, NULL, NULL, '2016-12-19 02:33:40', '2016-12-19 02:33:40'),
(655, 20, 'G55.2*', 'Nerve root and plexus compressions in spondylosis (M47.-+)', '1', '47', NULL, NULL, NULL, NULL, '2016-12-19 02:33:40', '2016-12-19 02:33:40'),
(656, 20, 'G55.3*', 'Nerve root and plexus compressions in other dorsopathies (M45-M46+, M48.-+, M53-M54+)', '1', '47', NULL, NULL, NULL, NULL, '2016-12-19 02:33:40', '2016-12-19 02:33:40'),
(657, 20, 'G55.8*', 'Nerve root and plexus compressions in other diseases classified elsewhere', '1', '47', NULL, NULL, NULL, NULL, '2016-12-19 02:33:40', '2016-12-19 02:33:40'),
(658, 20, 'G56.0', 'Carpal tunnel syndrome', '1', '47', NULL, NULL, NULL, NULL, '2016-12-19 02:33:40', '2016-12-19 02:33:40'),
(659, 20, 'G56.1', 'Other lesions of median nerve', '1', '47', NULL, NULL, NULL, NULL, '2016-12-19 02:33:40', '2016-12-19 02:33:40'),
(660, 20, 'G56.2', 'Lesion of ulnar nerve', '1', '47', NULL, NULL, NULL, NULL, '2016-12-19 02:33:40', '2016-12-19 02:33:40'),
(661, 20, 'G56.3', 'Lesion of radial nerve', '1', '47', NULL, NULL, NULL, NULL, '2016-12-19 02:33:40', '2016-12-19 02:33:40'),
(662, 20, 'G56.4', 'Causalgia', '1', '47', NULL, NULL, NULL, NULL, '2016-12-19 02:33:40', '2016-12-19 02:33:40'),
(663, 20, 'G56.8', 'Other mononeuropathies of upper limb', '1', '47', NULL, NULL, NULL, NULL, '2016-12-19 02:33:40', '2016-12-19 02:33:40'),
(664, 20, 'G56.9', 'Mononeuropathy of upper limb, unspecified', '1', '47', NULL, NULL, NULL, NULL, '2016-12-19 02:33:40', '2016-12-19 02:33:40'),
(665, 20, 'G57.0', 'Lesion of sciatic nerve', '1', '47', NULL, NULL, NULL, NULL, '2016-12-19 02:33:40', '2016-12-19 02:33:40'),
(666, 20, 'G57.1', 'Meralgia paraesthetica', '1', '47', NULL, NULL, NULL, NULL, '2016-12-19 02:33:40', '2016-12-19 02:33:40'),
(667, 20, 'G57.2', 'Lesion of femoral nerve', '1', '47', NULL, NULL, NULL, NULL, '2016-12-19 02:33:40', '2016-12-19 02:33:40'),
(668, 20, 'G57.3', 'Lesion of lateral popliteal nerve', '1', '47', NULL, NULL, NULL, NULL, '2016-12-19 02:33:40', '2016-12-19 02:33:40'),
(669, 20, 'G57.4', 'Lesion of medial popliteal nerve', '1', '47', NULL, NULL, NULL, NULL, '2016-12-19 02:33:40', '2016-12-19 02:33:40'),
(670, 20, 'G57.5', 'Tarsal tunnel syndrome', '1', '47', NULL, NULL, NULL, NULL, '2016-12-19 02:33:40', '2016-12-19 02:33:40'),
(671, 20, 'G57.6', 'Lesion of plantar nerve', '1', '47', NULL, NULL, NULL, NULL, '2016-12-19 02:33:40', '2016-12-19 02:33:40'),
(672, 20, 'G57.8', 'Other mononeuropathies of lower limb', '1', '47', NULL, NULL, NULL, NULL, '2016-12-19 02:33:40', '2016-12-19 02:33:40'),
(673, 20, 'G57.9', 'Mononeuropathy of lower limb, unspecified', '1', '47', NULL, NULL, NULL, NULL, '2016-12-19 02:33:40', '2016-12-19 02:33:40'),
(674, 20, 'G70.0', 'Myasthenia gravis', '1', '18', NULL, NULL, NULL, NULL, '2016-12-19 02:33:40', '2016-12-19 02:33:40'),
(675, 20, 'G70.1', 'Toxic myoneural disorders', '1', '18', NULL, NULL, NULL, NULL, '2016-12-19 02:33:40', '2016-12-19 02:33:40'),
(676, 20, 'G70.2', 'Congenital and developmental myasthenia', '1', '18', NULL, NULL, NULL, NULL, '2016-12-19 02:33:40', '2016-12-19 02:33:40'),
(677, 20, 'G70.8', 'Other specified myoneural disorders', '1', '18', NULL, NULL, NULL, NULL, '2016-12-19 02:33:40', '2016-12-19 02:33:40'),
(678, 20, 'G70.9', 'Myoneural disorder, unspecified', '1', '18', NULL, NULL, NULL, NULL, '2016-12-19 02:33:40', '2016-12-19 02:33:40'),
(679, 20, 'G71.0', 'Muscular dystrophy', '1', '18', NULL, NULL, NULL, NULL, '2016-12-19 02:33:40', '2016-12-19 02:33:40'),
(680, 20, 'G71.1', 'Myotonic disorders', '1', '18', NULL, NULL, NULL, NULL, '2016-12-19 02:33:40', '2016-12-19 02:33:40'),
(681, 20, 'G71.2', 'Congenital myopathies', '1', '18', NULL, NULL, NULL, NULL, '2016-12-19 02:33:40', '2016-12-19 02:33:40'),
(682, 20, 'G71.3', 'Mitochondrial myopathy, not elsewhere classified', '1', '18', NULL, NULL, NULL, NULL, '2016-12-19 02:33:40', '2016-12-19 02:33:40'),
(683, 20, 'G71.8', 'Other primary disorders of muscles', '1', '18', NULL, NULL, NULL, NULL, '2016-12-19 02:33:40', '2016-12-19 02:33:40'),
(684, 20, 'G71.9', 'Primary disorder of muscle, unspecified', '1', '18', NULL, NULL, NULL, NULL, '2016-12-19 02:33:40', '2016-12-19 02:33:40'),
(685, 20, 'G72.0', 'Drug-induced myopathy', '1', '18', NULL, NULL, NULL, NULL, '2016-12-19 02:33:40', '2016-12-19 02:33:40'),
(686, 20, 'G72.1', 'Alcoholic myopathy', '1', '18', NULL, NULL, NULL, NULL, '2016-12-19 02:33:40', '2016-12-19 02:33:40'),
(687, 20, 'G72.2', 'Myopathy due to other toxic agents', '1', '18', NULL, NULL, NULL, NULL, '2016-12-19 02:33:40', '2016-12-19 02:33:40'),
(688, 20, 'G72.3', 'Periodic paralysis', '1', '18', NULL, NULL, NULL, NULL, '2016-12-19 02:33:40', '2016-12-19 02:33:40'),
(689, 20, 'G72.4', 'Inflammatory myopathy, not elsewhere classified', '1', '18', NULL, NULL, NULL, NULL, '2016-12-19 02:33:40', '2016-12-19 02:33:40'),
(690, 20, 'G72.8', 'Other specified myopathies', '1', '18', NULL, NULL, NULL, NULL, '2016-12-19 02:33:40', '2016-12-19 02:33:40'),
(691, 20, 'G72.9', 'Myopathy, unspecified', '1', '18', NULL, NULL, NULL, NULL, '2016-12-19 02:33:40', '2016-12-19 02:33:40'),
(692, 20, 'G73.0*', 'Myasthenic syndromes in endocrine diseases', '1', '18', NULL, NULL, NULL, NULL, '2016-12-19 02:33:40', '2016-12-19 02:33:40'),
(693, 20, 'G73.1*', 'Eaton-Lambert syndrome (C80+)', '1', '18', NULL, NULL, NULL, NULL, '2016-12-19 02:33:40', '2016-12-19 02:33:40'),
(694, 20, 'G73.2*', 'Other myasthenic syndromes in neoplastic disease (C00-D48+)', '1', '18', NULL, NULL, NULL, NULL, '2016-12-19 02:33:40', '2016-12-19 02:33:40'),
(695, 20, 'G73.3*', 'Myasthenic syndromes in other diseases classified elsewhere', '1', '18', NULL, NULL, NULL, NULL, '2016-12-19 02:33:40', '2016-12-19 02:33:40'),
(696, 20, 'G73.4*', 'Myopathy in infectious and parasitic diseases classified elsewhere', '1', '18', NULL, NULL, NULL, NULL, '2016-12-19 02:33:40', '2016-12-19 02:33:40'),
(697, 20, 'G73.5*', 'Myopathy in endocrine diseases', '1', '18', NULL, NULL, NULL, NULL, '2016-12-19 02:33:40', '2016-12-19 02:33:40'),
(698, 20, 'G73.6*', 'Myopathy in metabolic diseases', '1', '18', NULL, NULL, NULL, NULL, '2016-12-19 02:33:40', '2016-12-19 02:33:40'),
(699, 20, 'G73.7*', 'Myopathy in other diseases classified elsewhere', '1', '18', NULL, NULL, NULL, NULL, '2016-12-19 02:33:40', '2016-12-19 02:33:40'),
(700, 20, 'G80.0', 'Spastic cerebral palsy', '1', '9', NULL, NULL, NULL, NULL, '2016-12-19 02:33:40', '2016-12-19 02:33:40'),
(701, 20, 'G80.1', 'Spastic diplegia', '1', '9', NULL, NULL, NULL, NULL, '2016-12-19 02:33:40', '2016-12-19 02:33:40'),
(702, 20, 'G80.2', 'Infantile hemiplegia', '1', '9', NULL, NULL, NULL, NULL, '2016-12-19 02:33:40', '2016-12-19 02:33:40'),
(703, 20, 'G80.3', 'Dyskinetic cerebral palsy', '1', '9', NULL, NULL, NULL, NULL, '2016-12-19 02:33:40', '2016-12-19 02:33:40'),
(704, 20, 'G80.4', 'Ataxic cerebral palsy', '1', '9', NULL, NULL, NULL, NULL, '2016-12-19 02:33:40', '2016-12-19 02:33:40'),
(705, 20, 'G80.8', 'Other infantile cerebral palsy', '1', '9', NULL, NULL, NULL, NULL, '2016-12-19 02:33:40', '2016-12-19 02:33:40'),
(706, 20, 'G80.9', 'Infantile cerebral palsy, unspecified', '1', '9', NULL, NULL, NULL, NULL, '2016-12-19 02:33:40', '2016-12-19 02:33:40'),
(707, 20, 'G81.0', 'Flaccid hemiplegia', '1', '9', NULL, NULL, NULL, NULL, '2016-12-19 02:33:40', '2016-12-19 02:33:40'),
(708, 20, 'G81.1', 'Spastic hemiplegia', '1', '9', NULL, NULL, NULL, NULL, '2016-12-19 02:33:40', '2016-12-19 02:33:40'),
(709, 20, 'G81.9', 'Hemiplegia, unspecified', '1', '9', NULL, NULL, NULL, NULL, '2016-12-19 02:33:40', '2016-12-19 02:33:40'),
(710, 20, 'G82.0', 'Flaccid paraplegia', '1', '9', NULL, NULL, NULL, NULL, '2016-12-19 02:33:40', '2016-12-19 02:33:40'),
(711, 20, 'G82.1', 'Spastic paraplegia', '1', '9', NULL, NULL, NULL, NULL, '2016-12-19 02:33:40', '2016-12-19 02:33:40'),
(712, 8, 'G82.2', 'Paraplegia, unspecified', '1', '0', NULL, NULL, NULL, NULL, '2016-12-19 02:33:40', '2016-12-19 02:33:40'),
(713, 20, 'G82.3', 'Flaccid tetraplegia', '1', '9', NULL, NULL, NULL, NULL, '2016-12-19 02:33:40', '2016-12-19 02:33:40'),
(714, 20, 'G82.4', 'Spastic tetraplegia', '1', '9', NULL, NULL, NULL, NULL, '2016-12-19 02:33:40', '2016-12-19 02:33:40'),
(715, 20, 'G82.5', 'Tetraplegia, unspecified', '1', '9', NULL, NULL, NULL, NULL, '2016-12-19 02:33:40', '2016-12-19 02:33:40'),
(716, 20, 'G83.0', 'Diplegia of upper limbs', '1', '9', NULL, NULL, NULL, NULL, '2016-12-19 02:33:40', '2016-12-19 02:33:40'),
(717, 20, 'G83.1', 'Monoplegia of lower limb', '1', '9', NULL, NULL, NULL, NULL, '2016-12-19 02:33:40', '2016-12-19 02:33:40'),
(718, 20, 'G83.2', 'Monoplegia of upper limb', '1', '9', NULL, NULL, NULL, NULL, '2016-12-19 02:33:40', '2016-12-19 02:33:40'),
(719, 20, 'G83.3', 'Monoplegia, unspecified', '1', '9', NULL, NULL, NULL, NULL, '2016-12-19 02:33:40', '2016-12-19 02:33:40'),
(720, 20, 'G83.4', 'Cauda equina syndrome', '1', '9', NULL, NULL, NULL, NULL, '2016-12-19 02:33:40', '2016-12-19 02:33:40'),
(721, 20, 'G83.8', 'Other specified paralytic syndromes', '1', '9', NULL, NULL, NULL, NULL, '2016-12-19 02:33:40', '2016-12-19 02:33:40'),
(722, 20, 'G83.9', 'Paralytic syndrome, unspecified', '1', '9', NULL, NULL, NULL, NULL, '2016-12-19 02:33:40', '2016-12-19 02:33:40'),
(723, 20, 'G95.0', 'Syringomyelia and syringobulbia', '1', '66', NULL, NULL, NULL, NULL, '2016-12-19 02:33:40', '2016-12-19 02:33:40'),
(724, 20, 'G95.1', 'Vascular myelopathies', '1', '66', NULL, NULL, NULL, NULL, '2016-12-19 02:33:40', '2016-12-19 02:33:40'),
(725, 20, 'G95.2', 'Cord compression, unspecified', '1', '66', NULL, NULL, NULL, NULL, '2016-12-19 02:33:40', '2016-12-19 02:33:40'),
(726, 20, 'G95.8', 'Other specified diseases of spinal cord', '1', '66', NULL, NULL, NULL, NULL, '2016-12-19 02:33:40', '2016-12-19 02:33:40'),
(727, 20, 'G95.9', 'Disease of spinal cord, unspecified', '1', '66', NULL, NULL, NULL, NULL, '2016-12-19 02:33:40', '2016-12-19 02:33:40'),
(728, 20, 'G96.0', 'Cerebrospinal fluid leak', '1', '66', NULL, NULL, NULL, NULL, '2016-12-19 02:33:40', '2016-12-19 02:33:40'),
(729, 20, 'G96.1', 'Disorders of meninges, not elsewhere classified', '1', '66', NULL, NULL, NULL, NULL, '2016-12-19 02:33:40', '2016-12-19 02:33:40');
INSERT INTO `icds` (`id`, `icdCategoriesID`, `code`, `description`, `version`, `subIcdCategories1ID`, `subIcdCategories2ID`, `subIcdCategories3ID`, `subIcdCategories4ID`, `deleted_at`, `created_at`, `updated_at`) VALUES
(730, 20, 'G96.8', 'Other specified disorders of central nervous system', '1', '66', NULL, NULL, NULL, NULL, '2016-12-19 02:33:40', '2016-12-19 02:33:40'),
(731, 20, 'G96.9', 'Disorder of central nervous system, unspecified', '1', '66', NULL, NULL, NULL, NULL, '2016-12-19 02:33:40', '2016-12-19 02:33:40'),
(732, 20, 'G97.0', 'Cerebrospinal fluid leak from spinal puncture', '1', '66', NULL, NULL, NULL, NULL, '2016-12-19 02:33:40', '2016-12-19 02:33:40'),
(733, 20, 'G97.1', 'Other reaction to spinal and lumbar puncture', '1', '66', NULL, NULL, NULL, NULL, '2016-12-19 02:33:40', '2016-12-19 02:33:40'),
(734, 20, 'G97.2', 'Intracranial hypotension following ventricular shunting', '1', '66', NULL, NULL, NULL, NULL, '2016-12-19 02:33:40', '2016-12-19 02:33:40'),
(735, 20, 'G97.8', 'Other postprocedural disorders of nervous system', '1', '66', NULL, NULL, NULL, NULL, '2016-12-19 02:33:40', '2016-12-19 02:33:40'),
(736, 20, 'G97.9', 'Postprocedural disorder of nervous system, unspecified', '1', '66', NULL, NULL, NULL, NULL, '2016-12-19 02:33:40', '2016-12-19 02:33:40'),
(737, 39, 'S12.0', 'Fracture of first cervical vertebra', '1', '34', NULL, NULL, NULL, NULL, '2016-12-19 02:33:40', '2016-12-19 02:33:40'),
(738, 40, 'S12.1', 'Fracture of second cervical vertebra', '1', '34', NULL, NULL, NULL, NULL, '2016-12-19 02:33:40', '2016-12-19 02:33:40'),
(739, 39, 'S12.2', 'Fracture of other specified cervical vertebra', '1', '34', NULL, NULL, NULL, NULL, '2016-12-19 02:33:40', '2016-12-19 02:33:40'),
(740, 39, 'S12.7', 'Multiple fractures of cervical spine', '1', '34', NULL, NULL, NULL, NULL, '2016-12-19 02:33:40', '2016-12-19 02:33:40'),
(741, 39, 'S12.8', 'Fracture of other parts of neck', '1', '34', NULL, NULL, NULL, NULL, '2016-12-19 02:33:40', '2016-12-19 02:33:40'),
(742, 39, 'S12.9', 'Fracture of neck, part unspecified', '1', '34', NULL, NULL, NULL, NULL, '2016-12-19 02:33:40', '2016-12-19 02:33:40'),
(743, 39, 'S13.0', 'Traumatic rupture of cervical intervertebral disc', '1', '34', NULL, NULL, NULL, NULL, '2016-12-19 02:33:40', '2016-12-19 02:33:40'),
(744, 39, 'S13.1', 'Dislocation of cervical vertebra', '1', '34', NULL, NULL, NULL, NULL, '2016-12-19 02:33:40', '2016-12-19 02:33:40'),
(745, 39, 'S13.2', 'Dislocation of other and unspecified parts of neck', '1', '34', NULL, NULL, NULL, NULL, '2016-12-19 02:33:40', '2016-12-19 02:33:40'),
(746, 39, 'S13.3', 'Multiple dislocations of neck', '1', '34', NULL, NULL, NULL, NULL, '2016-12-19 02:33:40', '2016-12-19 02:33:40'),
(747, 39, 'S13.4', 'Sprain and strain of cervical spine', '1', '34', NULL, NULL, NULL, NULL, '2016-12-19 02:33:40', '2016-12-19 02:33:40'),
(748, 39, 'S13.5', 'Sprain and strain of thyroid region', '1', '34', NULL, NULL, NULL, NULL, '2016-12-19 02:33:40', '2016-12-19 02:33:40'),
(749, 39, 'S13.6', 'Sprain and strain of joints and ligaments of other and unspecified parts of neck', '1', '34', NULL, NULL, NULL, NULL, '2016-12-19 02:33:40', '2016-12-19 02:33:40'),
(750, 39, 'S14.0', 'Concussion and oedema of cervical spinal cord', '1', '34', NULL, NULL, NULL, NULL, '2016-12-19 02:33:40', '2016-12-19 02:33:40'),
(751, 39, 'S14.1', 'Other and unspecified injuries of cervical spinal cord', '1', '34', NULL, NULL, NULL, NULL, '2016-12-19 02:33:40', '2016-12-19 02:33:40'),
(752, 39, 'S14.2', 'Injury of nerve root of cervical spine', '1', '34', NULL, NULL, NULL, NULL, '2016-12-19 02:33:40', '2016-12-19 02:33:40'),
(753, 39, 'S14.3', 'Injury of brachial plexus', '1', '34', NULL, NULL, NULL, NULL, '2016-12-19 02:33:40', '2016-12-19 02:33:40'),
(754, 39, 'S14.4', 'Injury of peripheral nerves of neck', '1', '34', NULL, NULL, NULL, NULL, '2016-12-19 02:33:40', '2016-12-19 02:33:40'),
(755, 39, 'S14.5', 'Injury of cervical sympathetic nerves', '1', '34', NULL, NULL, NULL, NULL, '2016-12-19 02:33:40', '2016-12-19 02:33:40'),
(756, 39, 'S14.6', 'Injury of other and unspecified nerves of neck', '1', '34', NULL, NULL, NULL, NULL, '2016-12-19 02:33:40', '2016-12-19 02:33:40'),
(757, 39, 'S17.0', 'Crushing injury of larynx and trachea', '1', '34', NULL, NULL, NULL, NULL, '2016-12-19 02:33:40', '2016-12-19 02:33:40'),
(758, 39, 'S17.8', 'Crushing injury of other parts of neck', '1', '34', NULL, NULL, NULL, NULL, '2016-12-19 02:33:40', '2016-12-19 02:33:40'),
(759, 39, 'S17.9', 'Crushing injury of neck, part unspecified', '1', '34', NULL, NULL, NULL, NULL, '2016-12-19 02:33:40', '2016-12-19 02:33:40'),
(760, 39, 'S19.7', 'Multiple injuries of neck', '1', '34', NULL, NULL, NULL, NULL, '2016-12-19 02:33:40', '2016-12-19 02:33:40'),
(761, 39, 'S19.8', 'Other specified injuries of neck', '1', '34', NULL, NULL, NULL, NULL, '2016-12-19 02:33:40', '2016-12-19 02:33:40'),
(762, 40, 'S19.9', 'Unspecified injury of neck', '1', '34', NULL, NULL, NULL, NULL, '2016-12-19 02:33:40', '2016-12-19 02:33:40'),
(763, 39, 'S20.2', 'Contusion of thorax', '1', '36', NULL, NULL, NULL, NULL, '2016-12-19 02:33:40', '2016-12-19 02:33:40'),
(764, 39, 'S20.3', 'Other superficial injuries of front wall of thorax', '1', '36', NULL, NULL, NULL, NULL, '2016-12-19 02:33:40', '2016-12-19 02:33:40'),
(765, 39, 'S20.4', 'Other superficial injuries of back wall of thorax', '1', '36', NULL, NULL, NULL, NULL, '2016-12-19 02:33:40', '2016-12-19 02:33:40'),
(766, 39, 'S20.7', 'Multiple superficial injuries of thorax', '1', '36', NULL, NULL, NULL, NULL, '2016-12-19 02:33:40', '2016-12-19 02:33:40'),
(767, 39, 'S20.8', 'Superficial injury of other and unspecified parts of thorax', '1', '36', NULL, NULL, NULL, NULL, '2016-12-19 02:33:40', '2016-12-19 02:33:40'),
(768, 39, 'S21.1', 'Open wound of front wall of thorax', '1', '36', NULL, NULL, NULL, NULL, '2016-12-19 02:33:40', '2016-12-19 02:33:40'),
(769, 39, 'S21.2', 'Open wound of back wall of thorax', '1', '36', NULL, NULL, NULL, NULL, '2016-12-19 02:33:40', '2016-12-19 02:33:40'),
(770, 39, 'S21.7', 'Multiple open wounds of thoracic wall', '1', '36', NULL, NULL, NULL, NULL, '2016-12-19 02:33:40', '2016-12-19 02:33:40'),
(771, 39, 'S21.8', 'Open wound of other parts of thorax', '1', '36', NULL, NULL, NULL, NULL, '2016-12-19 02:33:40', '2016-12-19 02:33:40'),
(772, 39, 'S21.9', 'Open wound of thorax, part unspecified', '1', '36', NULL, NULL, NULL, NULL, '2016-12-19 02:33:40', '2016-12-19 02:33:40'),
(773, 39, 'S22.0', 'Fracture of thoracic vertebra', '1', '36', NULL, NULL, NULL, NULL, '2016-12-19 02:33:40', '2016-12-19 02:33:40'),
(774, 39, 'S22.1', 'Multiple fractures of thoracic spine', '1', '36', NULL, NULL, NULL, NULL, '2016-12-19 02:33:40', '2016-12-19 02:33:40'),
(775, 39, 'S22.2', 'Fracture of sternum', '1', '36', NULL, NULL, NULL, NULL, '2016-12-19 02:33:40', '2016-12-19 02:33:40'),
(776, 39, 'S22.3', 'Fracture of rib', '1', '36', NULL, NULL, NULL, NULL, '2016-12-19 02:33:40', '2016-12-19 02:33:40'),
(777, 39, 'S22.4', 'Multiple fractures of ribs', '1', '36', NULL, NULL, NULL, NULL, '2016-12-19 02:33:40', '2016-12-19 02:33:40'),
(778, 39, 'S22.5', 'Flail chest', '1', '36', NULL, NULL, NULL, NULL, '2016-12-19 02:33:40', '2016-12-19 02:33:40'),
(779, 39, 'S22.8', 'Fracture of other parts of bony thorax', '1', '36', NULL, NULL, NULL, NULL, '2016-12-19 02:33:40', '2016-12-19 02:33:40'),
(780, 39, 'S22.9', 'Fracture of bony thorax, part unspecified', '1', '36', NULL, NULL, NULL, NULL, '2016-12-19 02:33:40', '2016-12-19 02:33:40'),
(781, 39, 'S23.0', 'Traumatic rupture of thoracic intervertebral disc', '1', '36', NULL, NULL, NULL, NULL, '2016-12-19 02:33:40', '2016-12-19 02:33:40'),
(782, 39, 'S23.1', 'Dislocation of thoracic vertebra', '1', '36', NULL, NULL, NULL, NULL, '2016-12-19 02:33:40', '2016-12-19 02:33:40'),
(783, 39, 'S23.2', 'Dislocation of other and unspecified parts of thorax', '1', '36', NULL, NULL, NULL, NULL, '2016-12-19 02:33:40', '2016-12-19 02:33:40'),
(784, 39, 'S23.3', 'Sprain and strain of thoracic spine', '1', '36', NULL, NULL, NULL, NULL, '2016-12-19 02:33:40', '2016-12-19 02:33:40'),
(785, 39, 'S23.4', 'Sprain and strain of ribs and sternum', '1', '36', NULL, NULL, NULL, NULL, '2016-12-19 02:33:40', '2016-12-19 02:33:40'),
(786, 39, 'S23.5', 'Sprain and strain of other and unspecified parts of thorax', '1', '36', NULL, NULL, NULL, NULL, '2016-12-19 02:33:40', '2016-12-19 02:33:40'),
(787, 39, 'S24.0', 'Concussion and oedema of thoracic spinal cord', '1', '36', NULL, NULL, NULL, NULL, '2016-12-19 02:33:40', '2016-12-19 02:33:40'),
(788, 39, 'S24.1', 'Other and unspecified injuries of thoracic spinal cord', '1', '36', NULL, NULL, NULL, NULL, '2016-12-19 02:33:40', '2016-12-19 02:33:40'),
(789, 39, 'S24.2', 'Injury of nerve root of thoracic spine', '1', '36', NULL, NULL, NULL, NULL, '2016-12-19 02:33:40', '2016-12-19 02:33:40'),
(790, 39, 'S24.3', 'Injury of peripheral nerves of thorax', '1', '36', NULL, NULL, NULL, NULL, '2016-12-19 02:33:40', '2016-12-19 02:33:40'),
(791, 39, 'S24.4', 'Injury of thoracic sympathetic nerves\\r\\n', '1', '36', NULL, NULL, NULL, NULL, '2016-12-19 02:33:40', '2016-12-19 02:33:40'),
(792, 39, 'S24.5', 'Injury of other nerves of thorax', '1', '36', NULL, NULL, NULL, NULL, '2016-12-19 02:33:40', '2016-12-19 02:33:40'),
(793, 39, 'S24.6', 'Injury of unspecified nerve of thorax', '1', '36', NULL, NULL, NULL, NULL, '2016-12-19 02:33:40', '2016-12-19 02:33:40'),
(794, 39, 'S29.0', 'Injury of muscle and tendon at thorax level', '1', '36', NULL, NULL, NULL, NULL, '2016-12-19 02:33:40', '2016-12-19 02:33:40'),
(795, 39, 'S29.7', 'Multiple injuries of thorax', '1', '36', NULL, NULL, NULL, NULL, '2016-12-19 02:33:40', '2016-12-19 02:33:40'),
(796, 39, 'S29.8', 'Other specified injuries of thorax', '1', '36', NULL, NULL, NULL, NULL, '2016-12-19 02:33:40', '2016-12-19 02:33:40'),
(797, 39, 'S29.9', 'Unspecified injury of thorax', '1', '36', NULL, NULL, NULL, NULL, '2016-12-19 02:33:40', '2016-12-19 02:33:40'),
(798, 39, 'S30.0', 'Contusion of lower back and pelvis', '1', '29', NULL, NULL, NULL, NULL, '2016-12-19 02:33:40', '2016-12-19 02:33:40'),
(799, 39, 'S30.1', 'Contusion of abdominal wall', '1', '29', NULL, NULL, NULL, NULL, '2016-12-19 02:33:40', '2016-12-19 02:33:40'),
(800, 39, 'S30.7', 'Multiple superficial injuries of abdomen, lower back and pelvis', '1', '29', NULL, NULL, NULL, NULL, '2016-12-19 02:33:40', '2016-12-19 02:33:40'),
(801, 39, 'S30.8', 'Other superficial injuries of abdomen, lower back and pelvis', '1', '29', NULL, NULL, NULL, NULL, '2016-12-19 02:33:40', '2016-12-19 02:33:40'),
(802, 39, 'S30.9', 'Superficial injury of abdomen, lower back and pelvis, part unspecified', '1', '29', NULL, NULL, NULL, NULL, '2016-12-19 02:33:40', '2016-12-19 02:33:40'),
(803, 39, 'S31.0', 'Open wound of lower back and pelvis', '1', '29', NULL, NULL, NULL, NULL, '2016-12-19 02:33:40', '2016-12-19 02:33:40'),
(804, 39, 'S31.1', 'Open wound of abdominal wall', '1', '29', NULL, NULL, NULL, NULL, '2016-12-19 02:33:40', '2016-12-19 02:33:40'),
(805, 39, 'S31.7', 'Multiple open wounds of abdomen, lower back and pelvis', '1', '29', NULL, NULL, NULL, NULL, '2016-12-19 02:33:40', '2016-12-19 02:33:40'),
(806, 39, 'S31.8', 'Open wound of other and unspecified parts of abdomen', '1', '29', NULL, NULL, NULL, NULL, '2016-12-19 02:33:40', '2016-12-19 02:33:40'),
(807, 39, 'S32.0', 'Fracture of lumbar vertebra', '1', '29', NULL, NULL, NULL, NULL, '2016-12-19 02:33:40', '2016-12-19 02:33:40'),
(808, 39, 'S32.1', 'Fracture of sacrum', '1', '29', NULL, NULL, NULL, NULL, '2016-12-19 02:33:40', '2016-12-19 02:33:40'),
(809, 39, 'S32.2', 'Fracture of coccyx', '1', '29', NULL, NULL, NULL, NULL, '2016-12-19 02:33:40', '2016-12-19 02:33:40'),
(810, 39, 'S32.3', 'Fracture of ilium', '1', '29', NULL, NULL, NULL, NULL, '2016-12-19 02:33:40', '2016-12-19 02:33:40'),
(811, 39, 'S32.4', 'Fracture of acetabulum', '1', '29', NULL, NULL, NULL, NULL, '2016-12-19 02:33:40', '2016-12-19 02:33:40'),
(812, 39, 'S32.5', 'Fracture of pubis', '1', '29', NULL, NULL, NULL, NULL, '2016-12-19 02:33:40', '2016-12-19 02:33:40'),
(813, 39, 'S32.7', 'Multiple fractures of lumbar spine and pelvis', '1', '29', NULL, NULL, NULL, NULL, '2016-12-19 02:33:40', '2016-12-19 02:33:40'),
(814, 39, 'S32.8', 'Fracture of other and unspecified parts of lumbar spine and pelvis', '1', '29', NULL, NULL, NULL, NULL, '2016-12-19 02:33:40', '2016-12-19 02:33:40'),
(815, 39, 'S33.0', 'Traumatic rupture of lumbar intervertebral disc', '1', '29', NULL, NULL, NULL, NULL, '2016-12-19 02:33:40', '2016-12-19 02:33:40'),
(816, 39, 'S33.1', 'Dislocation of lumbar vertebra', '1', '29', NULL, NULL, NULL, NULL, '2016-12-19 02:33:40', '2016-12-19 02:33:40'),
(817, 39, 'S33.2', 'Dislocation of sacroiliac and sacrococcygeal joint', '1', '29', NULL, NULL, NULL, NULL, '2016-12-19 02:33:40', '2016-12-19 02:33:40'),
(818, 39, 'S33.3', 'Dislocation of other and unspecified parts of lumbar spine and pelvis', '1', '29', NULL, NULL, NULL, NULL, '2016-12-19 02:33:40', '2016-12-19 02:33:40'),
(819, 39, 'S33.4', 'Traumatic rupture of symphysis pubis', '1', '29', NULL, NULL, NULL, NULL, '2016-12-19 02:33:40', '2016-12-19 02:33:40'),
(820, 29, 'S33.5', 'Sprain and strain of lumbar spine', '1', '29', NULL, NULL, NULL, NULL, '2016-12-19 02:33:40', '2016-12-19 02:33:40'),
(821, 39, 'S33.6', 'Sprain and strain of sacroiliac joint', '1', '29', NULL, NULL, NULL, NULL, '2016-12-19 02:33:40', '2016-12-19 02:33:40'),
(822, 39, 'S33.7', 'Sprain and strain of other and unspecified parts of lumbar spine and pelvis', '1', '29', NULL, NULL, NULL, NULL, '2016-12-19 02:33:40', '2016-12-19 02:33:40'),
(823, 39, 'S34.0', 'Concussion and oedema of lumbar spinal cord', '1', '29', NULL, NULL, NULL, NULL, '2016-12-19 02:33:40', '2016-12-19 02:33:40'),
(824, 39, 'S34.1', 'Other injury of lumbar spinal cord', '1', '29', NULL, NULL, NULL, NULL, '2016-12-19 02:33:40', '2016-12-19 02:33:40'),
(825, 39, 'S34.2', 'Injury of nerve root of lumbar and sacral spine', '1', '29', NULL, NULL, NULL, NULL, '2016-12-19 02:33:40', '2016-12-19 02:33:40'),
(826, 39, 'S34.3', 'Injury of cauda equina', '1', '29', NULL, NULL, NULL, NULL, '2016-12-19 02:33:40', '2016-12-19 02:33:40'),
(827, 39, 'S34.4', 'Injury of lumbosacral plexus', '1', '29', NULL, NULL, NULL, NULL, '2016-12-19 02:33:40', '2016-12-19 02:33:40'),
(828, 39, 'S34.5', 'Injury of lumbar, sacral and pelvic sympathetic nerves', '1', '29', NULL, NULL, NULL, NULL, '2016-12-19 02:33:40', '2016-12-19 02:33:40'),
(829, 39, 'S34.6', 'Injury of peripheral nerve(s) of abdomen, lower back and pelvis', '1', '29', NULL, NULL, NULL, NULL, '2016-12-19 02:33:40', '2016-12-19 02:33:40'),
(830, 39, 'S34.8', 'Injury of other and unspecified nerves at abdomen, lower back and pelvis level', '1', '29', NULL, NULL, NULL, NULL, '2016-12-19 02:33:40', '2016-12-19 02:33:40'),
(831, 39, 'S37.0', 'Injury of kidney', '1', '29', NULL, NULL, NULL, NULL, '2016-12-19 02:33:40', '2016-12-19 02:33:40'),
(832, 39, 'S37.1', 'Injury of ureter', '1', '29', NULL, NULL, NULL, NULL, '2016-12-19 02:33:40', '2016-12-19 02:33:40'),
(833, 39, 'S37.2', 'Injury of bladder', '1', '29', NULL, NULL, NULL, NULL, '2016-12-19 02:33:40', '2016-12-19 02:33:40'),
(834, 39, 'S37.3', 'Injury of urethra', '1', '29', NULL, NULL, NULL, NULL, '2016-12-19 02:33:40', '2016-12-19 02:33:40'),
(835, 39, 'S37.4', 'Injury of ovary', '1', '29', NULL, NULL, NULL, NULL, '2016-12-19 02:33:40', '2016-12-19 02:33:40'),
(836, 39, 'S37.5', 'Injury of fallopian tube', '1', '29', NULL, NULL, NULL, NULL, '2016-12-19 02:33:40', '2016-12-19 02:33:40'),
(837, 39, 'S37.6', 'Injury of uterus', '1', '29', NULL, NULL, NULL, NULL, '2016-12-19 02:33:40', '2016-12-19 02:33:40'),
(838, 39, 'S37.7', 'Injury of multiple pelvic organs', '1', '29', NULL, NULL, NULL, NULL, '2016-12-19 02:33:40', '2016-12-19 02:33:40'),
(839, 39, 'S37.8', 'Injury of other pelvic organs', '1', '29', NULL, NULL, NULL, NULL, '2016-12-19 02:33:40', '2016-12-19 02:33:40'),
(840, 39, 'S37.9', 'Injury of unspecified pelvic organ', '1', '29', NULL, NULL, NULL, NULL, '2016-12-19 02:33:40', '2016-12-19 02:33:40'),
(841, 39, 'S39.0', 'Injury of muscle and tendon of abdomen, lower back and pelvis', '1', '29', NULL, NULL, NULL, NULL, '2016-12-19 02:33:40', '2016-12-19 02:33:40'),
(842, 39, 'S39.6', 'Injury of intra-abdominal organ(s) with pelvic organ(s)', '1', '29', NULL, NULL, NULL, NULL, '2016-12-19 02:33:40', '2016-12-19 02:33:40'),
(843, 39, 'S39.7', 'Other multiple injuries of abdomen, lower back and pelvis\\r\\n', '1', '29', NULL, NULL, NULL, NULL, '2016-12-19 02:33:40', '2016-12-19 02:33:40'),
(844, 39, 'S39.8', 'Other specified injuries of abdomen, lower back and pelvis', '1', '29', NULL, NULL, NULL, NULL, '2016-12-19 02:33:40', '2016-12-19 02:33:40'),
(845, 39, 'S39.9', 'Unspecified injury of abdomen, lower back and pelvis', '1', '29', NULL, NULL, NULL, NULL, '2016-12-19 02:33:40', '2016-12-19 02:33:40'),
(846, 39, 'S40.0', 'Contusion of shoulder and upper arm', '1', '35', NULL, NULL, NULL, NULL, '2016-12-19 02:33:40', '2016-12-19 02:33:40'),
(847, 39, 'S40.7', 'Multiple superficial injuries of shoulder and upper arm', '1', '35', NULL, NULL, NULL, NULL, '2016-12-19 02:33:40', '2016-12-19 02:33:40'),
(848, 39, 'S40.8', 'Other superficial injuries of shoulder and upper arm', '1', '35', NULL, NULL, NULL, NULL, '2016-12-19 02:33:40', '2016-12-19 02:33:40'),
(849, 39, 'S40.9', 'Superficial injury of shoulder and upper arm, unspecified', '1', '35', NULL, NULL, NULL, NULL, '2016-12-19 02:33:40', '2016-12-19 02:33:40'),
(850, 39, 'S41.0', 'Open wound of shoulder', '1', '35', NULL, NULL, NULL, NULL, '2016-12-19 02:33:40', '2016-12-19 02:33:40'),
(851, 39, 'S41.1', 'Open wound of upper arm', '1', '35', NULL, NULL, NULL, NULL, '2016-12-19 02:33:40', '2016-12-19 02:33:40'),
(852, 39, 'S41.7', 'Multiple open wounds of shoulder and upper arm', '1', '35', NULL, NULL, NULL, NULL, '2016-12-19 02:33:40', '2016-12-19 02:33:40'),
(853, 39, 'S41.8', 'Open wound of other and unspecified parts of shoulder ', '1', '35', NULL, NULL, NULL, NULL, '2016-12-19 02:33:40', '2016-12-19 02:33:40'),
(854, 39, 'S42.0', 'Fracture of clavicle', '1', '35', NULL, NULL, NULL, NULL, '2016-12-19 02:33:40', '2016-12-19 02:33:40'),
(855, 39, 'S42.1', 'Fracture of scapula', '1', '35', NULL, NULL, NULL, NULL, '2016-12-19 02:33:40', '2016-12-19 02:33:40'),
(856, 39, 'S42.2', 'Fracture of upper end of humerus', '1', '35', NULL, NULL, NULL, NULL, '2016-12-19 02:33:40', '2016-12-19 02:33:40'),
(857, 39, 'S42.3', 'Fracture of shaft of humerus', '1', '35', NULL, NULL, NULL, NULL, '2016-12-19 02:33:40', '2016-12-19 02:33:40'),
(858, 39, 'S42.4', 'Fracture of lower end of humerus', '1', '35', NULL, NULL, NULL, NULL, '2016-12-19 02:33:40', '2016-12-19 02:33:40'),
(859, 39, 'S42.7', 'Multiple fractures of clavicle, scapula and humerus', '1', '35', NULL, NULL, NULL, NULL, '2016-12-19 02:33:40', '2016-12-19 02:33:40'),
(860, 39, 'S42.8', 'Fracture of other parts of shoulder and upper arm', '1', '35', NULL, NULL, NULL, NULL, '2016-12-19 02:33:40', '2016-12-19 02:33:40'),
(861, 39, 'S42.9', 'Fracture of shoulder girdle, part unspecified', '1', '35', NULL, NULL, NULL, NULL, '2016-12-19 02:33:40', '2016-12-19 02:33:40'),
(862, 39, 'S43.0', 'Dislocation of shoulder joint', '1', '35', NULL, NULL, NULL, NULL, '2016-12-19 02:33:40', '2016-12-19 02:33:40'),
(863, 39, 'S43.1', 'Dislocation of acromioclavicular joint', '1', '35', NULL, NULL, NULL, NULL, '2016-12-19 02:33:40', '2016-12-19 02:33:40'),
(864, 39, 'S43.2', 'Dislocation of sternoclavicular joint', '1', '35', NULL, NULL, NULL, NULL, '2016-12-19 02:33:40', '2016-12-19 02:33:40'),
(865, 39, 'S43.3', 'Dislocation of other and unspecified parts of shoulder girdle', '1', '35', NULL, NULL, NULL, NULL, '2016-12-19 02:33:40', '2016-12-19 02:33:40'),
(866, 39, 'S43.4', 'Sprain and strain of shoulder joint', '1', '35', NULL, NULL, NULL, NULL, '2016-12-19 02:33:40', '2016-12-19 02:33:40'),
(867, 39, 'S43.5', 'Sprain and strain of acromioclavicular joint', '1', '35', NULL, NULL, NULL, NULL, '2016-12-19 02:33:40', '2016-12-19 02:33:40'),
(868, 39, 'S43.6', 'Sprain and strain of sternoclavicular joint', '1', '35', NULL, NULL, NULL, NULL, '2016-12-19 02:33:40', '2016-12-19 02:33:40'),
(869, 39, 'S43.7', 'Sprain and strain of other and unspecified parts of shoulder girdle', '1', '35', NULL, NULL, NULL, NULL, '2016-12-19 02:33:40', '2016-12-19 02:33:40'),
(870, 39, 'S44.0', 'Injury of ulnar nerve at upper arm level', '1', '35', NULL, NULL, NULL, NULL, '2016-12-19 02:33:40', '2016-12-19 02:33:40'),
(871, 39, 'S44.1', 'Injury of median nerve at upper arm level', '1', '35', NULL, NULL, NULL, NULL, '2016-12-19 02:33:40', '2016-12-19 02:33:40'),
(872, 39, 'S44.2', 'Injury of radial nerve at upper arm level', '1', '35', NULL, NULL, NULL, NULL, '2016-12-19 02:33:40', '2016-12-19 02:33:40'),
(873, 39, 'S44.3', 'Injury of axillary nerve', '1', '35', NULL, NULL, NULL, NULL, '2016-12-19 02:33:40', '2016-12-19 02:33:40'),
(874, 39, 'S44.4', 'Injury of musculocutaneous nerve', '1', '35', NULL, NULL, NULL, NULL, '2016-12-19 02:33:40', '2016-12-19 02:33:40'),
(875, 39, 'S44.5', 'Injury of cutaneous sensory nerve at shoulder and upper arm level', '1', '35', NULL, NULL, NULL, NULL, '2016-12-19 02:33:40', '2016-12-19 02:33:40'),
(876, 39, 'S44.7', 'Injury of multiple nerves at shoulder and upper arm level', '1', '35', NULL, NULL, NULL, NULL, '2016-12-19 02:33:40', '2016-12-19 02:33:40'),
(877, 39, 'S44.8', 'Injury of other nerves at shoulder and upper arm level', '1', '35', NULL, NULL, NULL, NULL, '2016-12-19 02:33:40', '2016-12-19 02:33:40'),
(878, 39, 'S44.9', 'Injury of unspecified nerve at shoulder and upper arm level', '1', '35', NULL, NULL, NULL, NULL, '2016-12-19 02:33:40', '2016-12-19 02:33:40'),
(879, 39, 'S45.0', 'Injury of axillary artery', '1', '35', NULL, NULL, NULL, NULL, '2016-12-19 02:33:40', '2016-12-19 02:33:40'),
(880, 39, 'S45.1', 'Injury of brachial artery', '1', '35', NULL, NULL, NULL, NULL, '2016-12-19 02:33:40', '2016-12-19 02:33:40'),
(881, 39, 'S45.2', 'Injury of axillary or brachial vein', '1', '35', NULL, NULL, NULL, NULL, '2016-12-19 02:33:40', '2016-12-19 02:33:40'),
(882, 39, 'S45.3', 'Injury of superficial vein at shoulder and upper arm level', '1', '35', NULL, NULL, NULL, NULL, '2016-12-19 02:33:40', '2016-12-19 02:33:40'),
(883, 39, 'S45.7', 'Injury of multiple blood vessels at shoulder and upper arm level', '1', '35', NULL, NULL, NULL, NULL, '2016-12-19 02:33:40', '2016-12-19 02:33:40'),
(884, 39, 'S45.8', 'Injury of other blood vessels at shoulder and upper arm level', '1', '35', NULL, NULL, NULL, NULL, '2016-12-19 02:33:40', '2016-12-19 02:33:40'),
(885, 39, 'S45.9', 'Injury of unspecified blood vessel at shoulder and upper arm level', '1', '35', NULL, NULL, NULL, NULL, '2016-12-19 02:33:40', '2016-12-19 02:33:40'),
(886, 39, 'S46.0', 'Injury of tendon of the rotator cuff of shoulder', '1', '35', NULL, NULL, NULL, NULL, '2016-12-19 02:33:40', '2016-12-19 02:33:40'),
(887, 39, 'S46.1', 'Injury of muscle and tendon of long head of biceps', '1', '35', NULL, NULL, NULL, NULL, '2016-12-19 02:33:40', '2016-12-19 02:33:40'),
(888, 39, 'S46.2', 'Injury of muscle and tendon of other parts of biceps', '1', '35', NULL, NULL, NULL, NULL, '2016-12-19 02:33:40', '2016-12-19 02:33:40'),
(889, 39, 'S46.3', 'Injury of muscle and tendon of triceps', '1', '35', NULL, NULL, NULL, NULL, '2016-12-19 02:33:40', '2016-12-19 02:33:40'),
(890, 39, 'S46.7', 'Injury of multiple muscles and tendons at shoulder and upper arm level', '1', '35', NULL, NULL, NULL, NULL, '2016-12-19 02:33:40', '2016-12-19 02:33:40'),
(891, 39, 'S46.8', 'Injury of other muscles and tendons at shoulder and upper arm level', '1', '35', NULL, NULL, NULL, NULL, '2016-12-19 02:33:40', '2016-12-19 02:33:40'),
(892, 39, 'S46.9', 'Injury of unspecified muscle and tendon at shoulder and upper arm level', '1', '35', NULL, NULL, NULL, NULL, '2016-12-19 02:33:40', '2016-12-19 02:33:40'),
(893, 39, 'S48.0', 'Traumatic amputation at shoulder joint', '1', '35', NULL, NULL, NULL, NULL, '2016-12-19 02:33:40', '2016-12-19 02:33:40'),
(894, 39, 'S48.1', 'Traumatic amputation at level between shoulder and elbow', '1', '35', NULL, NULL, NULL, NULL, '2016-12-19 02:33:40', '2016-12-19 02:33:40'),
(895, 39, 'S48.9', 'Traumatic amputation of shoulder and upper arm, level unspecified', '1', '35', NULL, NULL, NULL, NULL, '2016-12-19 02:33:40', '2016-12-19 02:33:40'),
(896, 39, 'S49.7', 'Multiple injuries of shoulder and upper arm', '1', '35', NULL, NULL, NULL, NULL, '2016-12-19 02:33:40', '2016-12-19 02:33:40'),
(897, 39, 'S49.8', 'Other specified injuries of shoulder and upper arm', '1', '35', NULL, NULL, NULL, NULL, '2016-12-19 02:33:40', '2016-12-19 02:33:40'),
(898, 39, 'S49.9', 'Unspecified injury of shoulder and upper arm', '1', '35', NULL, NULL, NULL, NULL, '2016-12-19 02:33:40', '2016-12-19 02:33:40'),
(899, 39, 'S50.0', 'Contusion of elbow', '1', '31', NULL, NULL, NULL, NULL, '2016-12-19 02:33:40', '2016-12-19 02:33:40'),
(900, 39, 'S50.1', 'Contusion of other and unspecified parts of forearm', '1', '31', NULL, NULL, NULL, NULL, '2016-12-19 02:33:40', '2016-12-19 02:33:40'),
(901, 39, 'S50.7', 'Multiple superficial injuries of forearm', '1', '31', NULL, NULL, NULL, NULL, '2016-12-19 02:33:40', '2016-12-19 02:33:40'),
(902, 39, 'S50.8', 'Other superficial injuries of forearm', '1', '31', NULL, NULL, NULL, NULL, '2016-12-19 02:33:40', '2016-12-19 02:33:40'),
(903, 39, 'S50.9', 'Superficial injury of forearm, unspecified', '1', '31', NULL, NULL, NULL, NULL, '2016-12-19 02:33:40', '2016-12-19 02:33:40'),
(904, 39, 'S51.0', 'Open wound of elbow', '1', '31', NULL, NULL, NULL, NULL, '2016-12-19 02:33:40', '2016-12-19 02:33:40'),
(905, 39, 'S51.7', 'Multiple open wounds of forearm', '1', '31', NULL, NULL, NULL, NULL, '2016-12-19 02:33:40', '2016-12-19 02:33:40'),
(906, 39, 'S51.8', 'Open wound of other parts of forearm', '1', '31', NULL, NULL, NULL, NULL, '2016-12-19 02:33:40', '2016-12-19 02:33:40'),
(907, 39, 'S51.9', 'Open wound of forearm, part unspecified', '1', '31', NULL, NULL, NULL, NULL, '2016-12-19 02:33:40', '2016-12-19 02:33:40'),
(908, 39, 'S52.0', 'Fracture of upper end of ulna', '1', '31', NULL, NULL, NULL, NULL, '2016-12-19 02:33:40', '2016-12-19 02:33:40'),
(909, 39, 'S52.1', 'Fracture of upper end of radius', '1', '31', NULL, NULL, NULL, NULL, '2016-12-19 02:33:40', '2016-12-19 02:33:40'),
(910, 39, 'S52.2', 'Fracture of shaft of ulna', '1', '31', NULL, NULL, NULL, NULL, '2016-12-19 02:33:40', '2016-12-19 02:33:40'),
(911, 39, 'S52.3', 'Fracture of shaft of radius', '1', '31', NULL, NULL, NULL, NULL, '2016-12-19 02:33:40', '2016-12-19 02:33:40'),
(912, 39, 'S52.4', 'Fracture of shafts of both ulna and radius', '1', '31', NULL, NULL, NULL, NULL, '2016-12-19 02:33:40', '2016-12-19 02:33:40'),
(913, 39, 'S52.5', 'Fracture of lower end of radius', '1', '31', NULL, NULL, NULL, NULL, '2016-12-19 02:33:40', '2016-12-19 02:33:40'),
(914, 39, 'S52.6', 'Fracture of lower end of both ulna and radius', '1', '31', NULL, NULL, NULL, NULL, '2016-12-19 02:33:40', '2016-12-19 02:33:40'),
(915, 39, 'S52.7', 'Multiple fractures of forearm', '1', '31', NULL, NULL, NULL, NULL, '2016-12-19 02:33:40', '2016-12-19 02:33:40'),
(916, 39, 'S52.8', 'Fracture of other parts of forearm', '1', '31', NULL, NULL, NULL, NULL, '2016-12-19 02:33:40', '2016-12-19 02:33:40'),
(917, 39, 'S52.9', 'Fracture of forearm, part unspecified', '1', '31', NULL, NULL, NULL, NULL, '2016-12-19 02:33:40', '2016-12-19 02:33:40'),
(918, 39, 'S53.0', 'Dislocation of radial head', '1', '31', NULL, NULL, NULL, NULL, '2016-12-19 02:33:40', '2016-12-19 02:33:40'),
(919, 39, 'S53.1', 'Dislocation of elbow, unspecified', '1', '31', NULL, NULL, NULL, NULL, '2016-12-19 02:33:40', '2016-12-19 02:33:40'),
(920, 39, 'S53.2', 'Traumatic rupture of radial collateral ligament', '1', '31', NULL, NULL, NULL, NULL, '2016-12-19 02:33:40', '2016-12-19 02:33:40'),
(921, 39, 'S53.3', 'Traumatic rupture of ulnar collateral ligament', '1', '31', NULL, NULL, NULL, NULL, '2016-12-19 02:33:40', '2016-12-19 02:33:40'),
(922, 39, 'S53.4', 'Sprain and strain of elbow', '1', '31', NULL, NULL, NULL, NULL, '2016-12-19 02:33:40', '2016-12-19 02:33:40'),
(923, 39, 'S54.0', 'Injury of ulnar nerve at forearm level', '1', '31', NULL, NULL, NULL, NULL, '2016-12-19 02:33:40', '2016-12-19 02:33:40'),
(924, 39, 'S54.1', 'Injury of median nerve at forearm level', '1', '31', NULL, NULL, NULL, NULL, '2016-12-19 02:33:40', '2016-12-19 02:33:40'),
(925, 39, 'S54.2', 'Injury of radial nerve at forearm level', '1', '31', NULL, NULL, NULL, NULL, '2016-12-19 02:33:40', '2016-12-19 02:33:40'),
(926, 39, 'S54.3', 'Injury of cutaneous sensory nerve at forearm level', '1', '31', NULL, NULL, NULL, NULL, '2016-12-19 02:33:40', '2016-12-19 02:33:40'),
(927, 39, 'S54.7', 'Injury of multiple nerves at forearm level', '1', '31', NULL, NULL, NULL, NULL, '2016-12-19 02:33:40', '2016-12-19 02:33:40'),
(928, 39, 'S54.8', 'Injury of other nerves at forearm level', '1', '31', NULL, NULL, NULL, NULL, '2016-12-19 02:33:40', '2016-12-19 02:33:40'),
(929, 39, 'S54.9', 'Injury of unspecified nerve at forearm level', '1', '31', NULL, NULL, NULL, NULL, '2016-12-19 02:33:40', '2016-12-19 02:33:40'),
(930, 39, 'S55.0', 'Injury of ulnar artery at forearm level', '1', '31', NULL, NULL, NULL, NULL, '2016-12-19 02:33:40', '2016-12-19 02:33:40'),
(931, 39, 'S55.1', 'Injury of radial artery at forearm level', '1', '31', NULL, NULL, NULL, NULL, '2016-12-19 02:33:40', '2016-12-19 02:33:40'),
(932, 39, 'S55.2', 'Injury of vein at forearm level', '1', '31', NULL, NULL, NULL, NULL, '2016-12-19 02:33:40', '2016-12-19 02:33:40'),
(933, 39, 'S55.7', 'Injury of multiple blood vessels at forearm level', '1', '31', NULL, NULL, NULL, NULL, '2016-12-19 02:33:40', '2016-12-19 02:33:40'),
(934, 39, 'S55.8', 'Injury of other blood vessels at forearm level', '1', '31', NULL, NULL, NULL, NULL, '2016-12-19 02:33:40', '2016-12-19 02:33:40'),
(935, 39, 'S55.9', 'Injury of unspecified blood vessel at forearm level', '1', '31', NULL, NULL, NULL, NULL, '2016-12-19 02:33:40', '2016-12-19 02:33:40'),
(936, 39, 'S56.0', 'Injury of flexor muscle and tendon of thumb at forearm level', '1', '31', NULL, NULL, NULL, NULL, '2016-12-19 02:33:40', '2016-12-19 02:33:40'),
(937, 39, 'S56.1', 'Injury of long flexor muscle and tendon of other finger(s) at forearm level', '1', '31', NULL, NULL, NULL, NULL, '2016-12-19 02:33:40', '2016-12-19 02:33:40'),
(938, 39, 'S56.2', 'Injury of other flexor muscle and tendon at forearm level', '1', '31', NULL, NULL, NULL, NULL, '2016-12-19 02:33:40', '2016-12-19 02:33:40'),
(939, 39, 'S56.3', 'Injury of extensor or abductor muscles and tendons of thumb at forearm level', '1', '31', NULL, NULL, NULL, NULL, '2016-12-19 02:33:40', '2016-12-19 02:33:40'),
(940, 39, 'S56.4', 'Injury of extensor muscle and tendon of other finger(s) at forearm level', '1', '31', NULL, NULL, NULL, NULL, '2016-12-19 02:33:40', '2016-12-19 02:33:40'),
(941, 39, 'S56.5', 'Injury of other extensor muscle and tendon at forearm level', '1', '35', NULL, NULL, NULL, NULL, '2016-12-19 02:33:40', '2016-12-19 02:33:40'),
(942, 39, 'S56.7', 'Injury of multiple muscles and tendons at forearm level', '1', '31', NULL, NULL, NULL, NULL, '2016-12-19 02:33:40', '2016-12-19 02:33:40'),
(943, 39, 'S56.8', 'Injury of other and unspecified muscles and tendons at forearm level', '1', '31', NULL, NULL, NULL, NULL, '2016-12-19 02:33:40', '2016-12-19 02:33:40'),
(944, 39, 'S57.0', 'Crushing injury of elbow', '1', '31', NULL, NULL, NULL, NULL, '2016-12-19 02:33:40', '2016-12-19 02:33:40'),
(945, 39, 'S57.8', 'Crushing injury of other parts of forearm', '1', '31', NULL, NULL, NULL, NULL, '2016-12-19 02:33:40', '2016-12-19 02:33:40'),
(946, 39, 'S57.9', 'Crushing injury of forearm, part unspecified', '1', '31', NULL, NULL, NULL, NULL, '2016-12-19 02:33:40', '2016-12-19 02:33:40'),
(947, 39, 'S58.0', 'Traumatic amputation at elbow level', '1', '31', NULL, NULL, NULL, NULL, '2016-12-19 02:33:40', '2016-12-19 02:33:40'),
(948, 39, 'S58.1', 'Traumatic amputation at level between elbow and wrist', '1', '31', NULL, NULL, NULL, NULL, '2016-12-19 02:33:40', '2016-12-19 02:33:40'),
(949, 39, 'S58.9', 'Traumatic amputation of forearm, level unspecified', '1', '31', NULL, NULL, NULL, NULL, '2016-12-19 02:33:40', '2016-12-19 02:33:40'),
(950, 39, 'S59.7', 'Multiple injuries of forearm', '1', '31', NULL, NULL, NULL, NULL, '2016-12-19 02:33:40', '2016-12-19 02:33:40'),
(951, 39, 'S59.8', 'Other specified injuries of forearm', '1', '31', NULL, NULL, NULL, NULL, '2016-12-19 02:33:40', '2016-12-19 02:33:40'),
(952, 39, 'S59.9', 'Unspecified injury of forearm', '1', '31', NULL, NULL, NULL, NULL, '2016-12-19 02:33:40', '2016-12-19 02:33:40'),
(953, 39, 'S60.0', 'Contusion of finger(s) without damage to nail', '1', '37', NULL, NULL, NULL, NULL, '2016-12-19 02:33:40', '2016-12-19 02:33:40'),
(954, 39, 'S60.1', 'Contusion of finger(s) with damage to nail', '1', '37', NULL, NULL, NULL, NULL, '2016-12-19 02:33:40', '2016-12-19 02:33:40'),
(955, 39, 'S60.2', 'Contusion of other parts of wrist and hand', '1', '37', NULL, NULL, NULL, NULL, '2016-12-19 02:33:40', '2016-12-19 02:33:40'),
(956, 39, 'S60.7', 'Multiple superficial injuries of wrist and hand', '1', '37', NULL, NULL, NULL, NULL, '2016-12-19 02:33:40', '2016-12-19 02:33:40'),
(957, 39, 'S60.8', 'Other superficial injuries of wrist and hand', '1', '37', NULL, NULL, NULL, NULL, '2016-12-19 02:33:40', '2016-12-19 02:33:40'),
(958, 39, 'S60.9', 'Superficial injury of wrist and hand, unspecified', '1', '37', NULL, NULL, NULL, NULL, '2016-12-19 02:33:40', '2016-12-19 02:33:40'),
(959, 39, 'S61.0', 'Open wound of finger(s) without damage to nail', '1', '37', NULL, NULL, NULL, NULL, '2016-12-19 02:33:40', '2016-12-19 02:33:40'),
(960, 39, 'S61.1', 'Open wound of finger(s) with damage to nail', '1', '37', NULL, NULL, NULL, NULL, '2016-12-19 02:33:40', '2016-12-19 02:33:40'),
(961, 39, 'S61.7', 'Multiple open wounds of wrist and hand', '1', '37', NULL, NULL, NULL, NULL, '2016-12-19 02:33:40', '2016-12-19 02:33:40'),
(962, 39, 'S61.8', 'Open wound of other parts of wrist and hand', '1', '37', NULL, NULL, NULL, NULL, '2016-12-19 02:33:40', '2016-12-19 02:33:40'),
(963, 39, 'S61.9', 'Open wound of wrist and hand part, part unspecified', '1', '37', NULL, NULL, NULL, NULL, '2016-12-19 02:33:40', '2016-12-19 02:33:40'),
(964, 39, 'S62.0', 'Fracture of navicular [scaphoid] bone of hand', '1', '37', NULL, NULL, NULL, NULL, '2016-12-19 02:33:40', '2016-12-19 02:33:40'),
(965, 39, 'S62.1', 'Fracture of other carpal bone(s)', '1', '37', NULL, NULL, NULL, NULL, '2016-12-19 02:33:40', '2016-12-19 02:33:40'),
(966, 39, 'S62.2', 'Fracture of first metacarpal bone', '1', '37', NULL, NULL, NULL, NULL, '2016-12-19 02:33:40', '2016-12-19 02:33:40'),
(967, 39, 'S62.3', 'Fracture of other metacarpal bone', '1', '37', NULL, NULL, NULL, NULL, '2016-12-19 02:33:40', '2016-12-19 02:33:40'),
(968, 39, 'S62.4', 'Multiple fractures of metacarpal bones', '1', '37', NULL, NULL, NULL, NULL, '2016-12-19 02:33:40', '2016-12-19 02:33:40'),
(969, 39, 'S62.5', 'Fracture of thumb', '1', '37', NULL, NULL, NULL, NULL, '2016-12-19 02:33:40', '2016-12-19 02:33:40'),
(970, 39, 'S62.6', 'Fracture of other finger', '1', '37', NULL, NULL, NULL, NULL, '2016-12-19 02:33:40', '2016-12-19 02:33:40'),
(971, 39, 'S62.7', 'Multiple fractures of fingers', '1', '37', NULL, NULL, NULL, NULL, '2016-12-19 02:33:40', '2016-12-19 02:33:40'),
(972, 39, 'S62.8', 'Fracture of other and unspecified parts of wrist and hand', '1', '37', NULL, NULL, NULL, NULL, '2016-12-19 02:33:40', '2016-12-19 02:33:40'),
(973, 39, 'S63.0', 'Dislocation of wrist', '1', '37', NULL, NULL, NULL, NULL, '2016-12-19 02:33:40', '2016-12-19 02:33:40'),
(974, 39, 'S63.1', 'Dislocation of finger', '1', '37', NULL, NULL, NULL, NULL, '2016-12-19 02:33:40', '2016-12-19 02:33:40'),
(975, 39, 'S63.2', 'Multiple dislocations of fingers', '1', '37', NULL, NULL, NULL, NULL, '2016-12-19 02:33:40', '2016-12-19 02:33:40'),
(976, 39, 'S63.3', 'Traumatic rupture of ligament of wrist and carpus', '1', '37', NULL, NULL, NULL, NULL, '2016-12-19 02:33:40', '2016-12-19 02:33:40'),
(977, 39, 'S63.4', 'Traumatic rupture of ligament of finger at metacarpophalangeal and interphalangeal joint(s)', '1', '37', NULL, NULL, NULL, NULL, '2016-12-19 02:33:40', '2016-12-19 02:33:40'),
(978, 39, 'S63.5', 'Sprain and strain of wrist', '1', '37', NULL, NULL, NULL, NULL, '2016-12-19 02:33:40', '2016-12-19 02:33:40'),
(979, 39, 'S63.6', 'Sprain and strain of finger(s)', '1', '37', NULL, NULL, NULL, NULL, '2016-12-19 02:33:40', '2016-12-19 02:33:40'),
(980, 39, 'S63.7', 'Sprain and strain of other and unspecified parts of hand', '1', '37', NULL, NULL, NULL, NULL, '2016-12-19 02:33:40', '2016-12-19 02:33:40'),
(981, 39, 'S64.0', 'Injury of ulnar nerve at wrist and hand level', '1', '37', NULL, NULL, NULL, NULL, '2016-12-19 02:33:40', '2016-12-19 02:33:40'),
(982, 39, 'S64.1', 'Injury of median nerve at wrist and hand level', '1', '37', NULL, NULL, NULL, NULL, '2016-12-19 02:33:40', '2016-12-19 02:33:40'),
(983, 39, 'S64.2', 'Injury of radial nerve at wrist and hand level', '1', '37', NULL, NULL, NULL, NULL, '2016-12-19 02:33:40', '2016-12-19 02:33:40'),
(984, 39, 'S64.3', 'Injury of digital nerve of thumb', '1', '31', NULL, NULL, NULL, NULL, '2016-12-19 02:33:40', '2016-12-19 02:33:40'),
(985, 39, 'S64.4', 'Injury of digital nerve of other finger', '1', '37', NULL, NULL, NULL, NULL, '2016-12-19 02:33:40', '2016-12-19 02:33:40'),
(986, 39, 'S64.7', 'Injury of multiple nerves at wrist and hand level', '1', '37', NULL, NULL, NULL, NULL, '2016-12-19 02:33:40', '2016-12-19 02:33:40'),
(987, 39, 'S64.8', 'Injury of other nerves at wrist and hand level', '1', '37', NULL, NULL, NULL, NULL, '2016-12-19 02:33:40', '2016-12-19 02:33:40'),
(988, 39, 'S64.9', 'Injury of unspecified nerve at wrist and hand level', '1', '37', NULL, NULL, NULL, NULL, '2016-12-19 02:33:40', '2016-12-19 02:33:40'),
(989, 39, 'S65.0', 'Injury of ulnar artery at wrist and hand level', '1', '37', NULL, NULL, NULL, NULL, '2016-12-19 02:33:40', '2016-12-19 02:33:40'),
(990, 39, 'S65.1', 'Injury of radial artery at wrist and hand level', '1', '37', NULL, NULL, NULL, NULL, '2016-12-19 02:33:40', '2016-12-19 02:33:40'),
(991, 39, 'S65.2', 'Injury of superficial palmar arch', '1', '37', NULL, NULL, NULL, NULL, '2016-12-19 02:33:40', '2016-12-19 02:33:40'),
(992, 39, 'S65.3', 'Injury of deep palmar arch', '1', '37', NULL, NULL, NULL, NULL, '2016-12-19 02:33:40', '2016-12-19 02:33:40'),
(993, 39, 'S65.4', 'Injury of blood vessel(s) of thumb', '1', '37', NULL, NULL, NULL, NULL, '2016-12-19 02:33:40', '2016-12-19 02:33:40'),
(994, 39, 'S65.5', 'Injury of blood vessel(s) of other finger', '1', '37', NULL, NULL, NULL, NULL, '2016-12-19 02:33:40', '2016-12-19 02:33:40'),
(995, 39, 'S65.7', 'Injury of multiple blood vessels at wrist and hand level', '1', '37', NULL, NULL, NULL, NULL, '2016-12-19 02:33:40', '2016-12-19 02:33:40'),
(996, 39, 'S65.8', 'Injury of other blood vessels at wrist and hand level', '1', '37', NULL, NULL, NULL, NULL, '2016-12-19 02:33:40', '2016-12-19 02:33:40'),
(997, 39, 'S65.9', 'Injury of unspecified blood vessel at wrist and hand level', '1', '37', NULL, NULL, NULL, NULL, '2016-12-19 02:33:40', '2016-12-19 02:33:40'),
(998, 39, 'S66.0', 'Injury of long flexor muscle and tendon of thumb at wrist and hand level', '1', '37', NULL, NULL, NULL, NULL, '2016-12-19 02:33:40', '2016-12-19 02:33:40'),
(999, 39, 'S66.1', 'Injury of flexor muscle and tendon of other finger at wrist and hand level', '1', '37', NULL, NULL, NULL, NULL, '2016-12-19 02:33:40', '2016-12-19 02:33:40'),
(1000, 39, 'S66.2', 'Injury of extensor muscle and tendon of thumb at wrist and hand level', '1', '37', NULL, NULL, NULL, NULL, '2016-12-19 02:33:40', '2016-12-19 02:33:40'),
(1001, 39, 'S66.3', 'Injury of extensor muscle and tendon of other finger at wrist and hand level', '1', '37', NULL, NULL, NULL, NULL, '2016-12-19 02:33:40', '2016-12-19 02:33:40'),
(1002, 39, 'S66.4', 'Injury of intrinsic muscle and tendon of thumb at wrist and hand level', '1', '37', NULL, NULL, NULL, NULL, '2016-12-19 02:33:40', '2016-12-19 02:33:40'),
(1003, 39, 'S66.5', 'Injury of intrinsic muscle and tendon of other finger at wrist and hand level', '1', '37', NULL, NULL, NULL, NULL, '2016-12-19 02:33:40', '2016-12-19 02:33:40'),
(1004, 39, 'S66.6', 'Injury of multiple flexor muscles and tendons at wrist and hand level', '1', '37', NULL, NULL, NULL, NULL, '2016-12-19 02:33:40', '2016-12-19 02:33:40'),
(1005, 39, 'S66.7', 'Injury of multiple extensor muscles and tendons at wrist and hand level', '1', '37', NULL, NULL, NULL, NULL, '2016-12-19 02:33:40', '2016-12-19 02:33:40'),
(1006, 39, 'S66.8', 'Injury of other muscles and tendons at wrist and hand level', '1', '37', NULL, NULL, NULL, NULL, '2016-12-19 02:33:40', '2016-12-19 02:33:40'),
(1007, 39, 'S66.9', 'Injury of unspecified muscle and tendon at wrist and hand level', '1', '37', NULL, NULL, NULL, NULL, '2016-12-19 02:33:40', '2016-12-19 02:33:40'),
(1008, 39, 'S67.0', 'Crushing injury of thumb and other finger(s)', '1', '37', NULL, NULL, NULL, NULL, '2016-12-19 02:33:40', '2016-12-19 02:33:40'),
(1009, 39, 'S67.8', 'Crushing injury of other and unspecified parts of wrist and hand', '1', '37', NULL, NULL, NULL, NULL, '2016-12-19 02:33:40', '2016-12-19 02:33:40'),
(1010, 39, 'S68.0', 'Traumatic amputation of thumb (complete)(partial)', '1', '37', NULL, NULL, NULL, NULL, '2016-12-19 02:33:40', '2016-12-19 02:33:40'),
(1011, 39, 'S68.1', 'Traumatic amputation of other single finger (complete)(partial)', '1', '37', NULL, NULL, NULL, NULL, '2016-12-19 02:33:40', '2016-12-19 02:33:40'),
(1012, 39, 'S68.2', 'Traumatic amputation of two or more fingers alone (complete)(partial)', '1', '37', NULL, NULL, NULL, NULL, '2016-12-19 02:33:40', '2016-12-19 02:33:40'),
(1013, 39, 'S68.3', 'Combined traumatic amputation of (part of) finger(s) with other parts of wrist and hand', '1', '37', NULL, NULL, NULL, NULL, '2016-12-19 02:33:40', '2016-12-19 02:33:40'),
(1014, 39, 'S68.4', 'Traumatic amputation of hand at wrist level', '1', '37', NULL, NULL, NULL, NULL, '2016-12-19 02:33:40', '2016-12-19 02:33:40'),
(1015, 39, 'S68.8', 'Traumatic amputation of other parts of wrist and hand', '1', '37', NULL, NULL, NULL, NULL, '2016-12-19 02:33:40', '2016-12-19 02:33:40'),
(1016, 39, 'S68.9', 'Traumatic amputation of wrist and hand, level unspecified', '1', '37', NULL, NULL, NULL, NULL, '2016-12-19 02:33:40', '2016-12-19 02:33:40'),
(1017, 39, 'S69.7', 'Multiple injuries of wrist and hand', '1', '37', NULL, NULL, NULL, NULL, '2016-12-19 02:33:40', '2016-12-19 02:33:40'),
(1018, 39, 'S69.8', 'Other specified injuries of wrist and hand', '1', '37', NULL, NULL, NULL, NULL, '2016-12-19 02:33:40', '2016-12-19 02:33:40'),
(1019, 39, 'S69.9', 'Unspecified injury of wrist and hand', '1', '37', NULL, NULL, NULL, NULL, '2016-12-19 02:33:40', '2016-12-19 02:33:40'),
(1020, 39, 'S70.0', 'Contusion of hip', '1', '32', NULL, NULL, NULL, NULL, '2016-12-19 02:33:40', '2016-12-19 02:33:40'),
(1021, 39, 'S70.1', 'Contusion of thigh', '1', '32', NULL, NULL, NULL, NULL, '2016-12-19 02:33:40', '2016-12-19 02:33:40'),
(1022, 39, 'S70.7', 'Multiple superficial injuries of hip and thigh', '1', '32', NULL, NULL, NULL, NULL, '2016-12-19 02:33:40', '2016-12-19 02:33:40'),
(1023, 39, 'S70.8', 'Other superficial injuries of hip and thigh', '1', '32', NULL, NULL, NULL, NULL, '2016-12-19 02:33:40', '2016-12-19 02:33:40'),
(1024, 39, 'S70.9', 'Superficial injury of hip and thigh, unspecified', '1', '32', NULL, NULL, NULL, NULL, '2016-12-19 02:33:40', '2016-12-19 02:33:40'),
(1025, 39, 'S71.0', 'Open wound of hip', '1', '32', NULL, NULL, NULL, NULL, '2016-12-19 02:33:40', '2016-12-19 02:33:40'),
(1026, 39, 'S71.1', 'Open wound of thigh', '1', '32', NULL, NULL, NULL, NULL, '2016-12-19 02:33:40', '2016-12-19 02:33:40'),
(1027, 39, 'S71.7', 'Multiple open wounds of hip and thigh', '1', '32', NULL, NULL, NULL, NULL, '2016-12-19 02:33:40', '2016-12-19 02:33:40'),
(1028, 39, 'S71.8', 'Open wound of other and unspecified parts of pelvic girdle', '1', '32', NULL, NULL, NULL, NULL, '2016-12-19 02:33:40', '2016-12-19 02:33:40'),
(1029, 39, 'S72.0', 'Fracture of neck of femur', '1', '32', NULL, NULL, NULL, NULL, '2016-12-19 02:33:40', '2016-12-19 02:33:40'),
(1030, 39, 'S72.1', 'Pertrochanteric fracture', '1', '32', NULL, NULL, NULL, NULL, '2016-12-19 02:33:40', '2016-12-19 02:33:40'),
(1031, 39, 'S72.2', 'Subtrochanteric fracture', '1', '32', NULL, NULL, NULL, NULL, '2016-12-19 02:33:40', '2016-12-19 02:33:40'),
(1032, 39, 'S72.3', 'Fracture of shaft of femur', '1', '32', NULL, NULL, NULL, NULL, '2016-12-19 02:33:40', '2016-12-19 02:33:40'),
(1033, 39, 'S72.4', 'Fracture of lower end of femur', '1', '32', NULL, NULL, NULL, NULL, '2016-12-19 02:33:40', '2016-12-19 02:33:40'),
(1034, 39, 'S72.7', 'Multiple fractures of femur', '1', '32', NULL, NULL, NULL, NULL, '2016-12-19 02:33:40', '2016-12-19 02:33:40'),
(1035, 39, 'S72.8', 'Fractures of other parts of femur', '1', '32', NULL, NULL, NULL, NULL, '2016-12-19 02:33:40', '2016-12-19 02:33:40'),
(1036, 39, 'S72.9', 'Fracture of femur, part unspecified', '1', '32', NULL, NULL, NULL, NULL, '2016-12-19 02:33:40', '2016-12-19 02:33:40'),
(1037, 39, 'S73.0', 'Dislocation of hip', '1', '32', NULL, NULL, NULL, NULL, '2016-12-19 02:33:40', '2016-12-19 02:33:40'),
(1038, 39, 'S73.1', 'Sprain and strain of hip', '1', '32', NULL, NULL, NULL, NULL, '2016-12-19 02:33:40', '2016-12-19 02:33:40'),
(1039, 39, 'S74.0', 'Injury of sciatic nerve at hip and thigh level', '1', '32', NULL, NULL, NULL, NULL, '2016-12-19 02:33:40', '2016-12-19 02:33:40'),
(1040, 39, 'S74.1', 'Injury of femoral nerve at hip and thigh level', '1', '32', NULL, NULL, NULL, NULL, '2016-12-19 02:33:40', '2016-12-19 02:33:40'),
(1041, 39, 'S74.2', 'Injury of cutaneous sensory nerve at hip and thigh level', '1', '32', NULL, NULL, NULL, NULL, '2016-12-19 02:33:40', '2016-12-19 02:33:40'),
(1042, 39, 'S74.7', 'Injury of multiple nerves at hip and thigh level', '1', '32', NULL, NULL, NULL, NULL, '2016-12-19 02:33:40', '2016-12-19 02:33:40'),
(1043, 39, 'S74.8', 'Injury of other nerves at hip and thigh level', '1', '32', NULL, NULL, NULL, NULL, '2016-12-19 02:33:40', '2016-12-19 02:33:40'),
(1044, 32, 'S74.9', 'Injury of unspecified nerve at hip and thigh level', '1', '0', NULL, NULL, NULL, NULL, '2016-12-19 02:33:40', '2016-12-19 02:33:40'),
(1045, 39, 'S75.0', 'Injury of femoral artery', '1', '32', NULL, NULL, NULL, NULL, '2016-12-19 02:33:40', '2016-12-19 02:33:40'),
(1046, 39, 'S75.1', 'Injury of femoral vein at hip and thigh level', '1', '32', NULL, NULL, NULL, NULL, '2016-12-19 02:33:40', '2016-12-19 02:33:40'),
(1047, 39, 'S75.2', 'Injury of greater saphenous vein at hip and thigh level', '1', '32', NULL, NULL, NULL, NULL, '2016-12-19 02:33:40', '2016-12-19 02:33:40'),
(1048, 39, 'S75.7', 'Injury of multiple blood vessels at hip and thigh level', '1', '32', NULL, NULL, NULL, NULL, '2016-12-19 02:33:40', '2016-12-19 02:33:40'),
(1049, 39, 'S75.8', 'Injury of other blood vessels at hip and thigh level', '1', '32', NULL, NULL, NULL, NULL, '2016-12-19 02:33:40', '2016-12-19 02:33:40'),
(1050, 39, 'S75.9', 'Injury of unspecified blood vessel at hip and thigh level', '1', '32', NULL, NULL, NULL, NULL, '2016-12-19 02:33:40', '2016-12-19 02:33:40'),
(1051, 39, 'S76.0', 'Injury of muscle and tendon of hip', '1', '32', NULL, NULL, NULL, NULL, '2016-12-19 02:33:40', '2016-12-19 02:33:40'),
(1052, 39, 'S76.1', 'Injury of quadriceps muscle and tendon', '1', '32', NULL, NULL, NULL, NULL, '2016-12-19 02:33:40', '2016-12-19 02:33:40'),
(1053, 39, 'S76.2', 'Injury of adductor muscle and tendon of thigh', '1', '32', NULL, NULL, NULL, NULL, '2016-12-19 02:33:40', '2016-12-19 02:33:40'),
(1054, 39, 'S76.3', 'Injury of muscle and tendon of the posterior muscle group at thigh level', '1', '32', NULL, NULL, NULL, NULL, '2016-12-19 02:33:40', '2016-12-19 02:33:40'),
(1055, 39, 'S76.4', 'Injury of other and unspecified muscles and tendons at thigh level', '1', '32', NULL, NULL, NULL, NULL, '2016-12-19 02:33:40', '2016-12-19 02:33:40'),
(1056, 39, 'S76.7', 'Injury of multiple muscles and tendons at hip and thigh level', '1', '32', NULL, NULL, NULL, NULL, '2016-12-19 02:33:40', '2016-12-19 02:33:40'),
(1057, 39, 'S77.0', 'Crushing injury of hip', '1', '32', NULL, NULL, NULL, NULL, '2016-12-19 02:33:40', '2016-12-19 02:33:40'),
(1058, 39, 'S77.1', 'Crushing injury of thigh', '1', '32', NULL, NULL, NULL, NULL, '2016-12-19 02:33:40', '2016-12-19 02:33:40'),
(1059, 39, 'S77.2', 'Crushing injury of hip with thigh', '1', '32', NULL, NULL, NULL, NULL, '2016-12-19 02:33:40', '2016-12-19 02:33:40'),
(1060, 39, 'S78.0', 'Traumatic amputation at hip joint', '1', '32', NULL, NULL, NULL, NULL, '2016-12-19 02:33:40', '2016-12-19 02:33:40'),
(1061, 39, 'S78.1', 'Traumatic amputation at level between hip and knee', '1', '32', NULL, NULL, NULL, NULL, '2016-12-19 02:33:40', '2016-12-19 02:33:40'),
(1062, 39, 'S78.9', 'Traumatic amputation of hip and thigh, level unspecified', '1', '32', NULL, NULL, NULL, NULL, '2016-12-19 02:33:40', '2016-12-19 02:33:40'),
(1063, 39, 'S79.7', 'Multiple injuries of hip and thigh', '1', '32', NULL, NULL, NULL, NULL, '2016-12-19 02:33:40', '2016-12-19 02:33:40'),
(1064, 39, 'S79.8', 'Other specified injuries of hip and thigh', '1', '32', NULL, NULL, NULL, NULL, '2016-12-19 02:33:40', '2016-12-19 02:33:40'),
(1065, 39, 'S79.9', 'Unspecified injury of hip and thigh', '1', '32', NULL, NULL, NULL, NULL, '2016-12-19 02:33:40', '2016-12-19 02:33:40'),
(1066, 39, 'S80.0', 'Contusion of knee', '1', '33', NULL, NULL, NULL, NULL, '2016-12-19 02:33:40', '2016-12-19 02:33:40'),
(1067, 39, 'S80.1', 'Contusion of other and unspecified parts of lower leg', '1', '33', NULL, NULL, NULL, NULL, '2016-12-19 02:33:40', '2016-12-19 02:33:40'),
(1068, 39, 'S80.7', 'Multiple superficial injuries of lower leg', '1', '33', NULL, NULL, NULL, NULL, '2016-12-19 02:33:40', '2016-12-19 02:33:40'),
(1069, 39, 'S80.8', 'Other superficial injuries of lower leg', '1', '33', NULL, NULL, NULL, NULL, '2016-12-19 02:33:40', '2016-12-19 02:33:40'),
(1070, 39, 'S80.9', 'Superficial injury of lower leg, unspecified', '1', '33', NULL, NULL, NULL, NULL, '2016-12-19 02:33:40', '2016-12-19 02:33:40'),
(1071, 39, 'S81.0', 'Open wound of knee', '1', '33', NULL, NULL, NULL, NULL, '2016-12-19 02:33:40', '2016-12-19 02:33:40');
INSERT INTO `icds` (`id`, `icdCategoriesID`, `code`, `description`, `version`, `subIcdCategories1ID`, `subIcdCategories2ID`, `subIcdCategories3ID`, `subIcdCategories4ID`, `deleted_at`, `created_at`, `updated_at`) VALUES
(1072, 39, 'S81.7', 'Multiple open wounds of lower leg', '1', '33', NULL, NULL, NULL, NULL, '2016-12-19 02:33:40', '2016-12-19 02:33:40'),
(1073, 39, 'S81.8', 'Open wound of other parts of lower leg', '1', '33', NULL, NULL, NULL, NULL, '2016-12-19 02:33:40', '2016-12-19 02:33:40'),
(1074, 39, 'S81.9', 'Open wound of lower leg, part unspecified', '1', '33', NULL, NULL, NULL, NULL, '2016-12-19 02:33:40', '2016-12-19 02:33:40'),
(1075, 39, 'S82.0', 'Fracture of patella', '1', '33', NULL, NULL, NULL, NULL, '2016-12-19 02:33:40', '2016-12-19 02:33:40'),
(1076, 39, 'S82.1', 'Fracture of upper end of tibia', '1', '33', NULL, NULL, NULL, NULL, '2016-12-19 02:33:40', '2016-12-19 02:33:40'),
(1077, 39, 'S82.2', 'Fracture of shaft of tibia', '1', '33', NULL, NULL, NULL, NULL, '2016-12-19 02:33:40', '2016-12-19 02:33:40'),
(1078, 39, 'S82.3', 'Fracture of lower end of tibia', '1', '32', NULL, NULL, NULL, NULL, '2016-12-19 02:33:40', '2016-12-19 02:33:40'),
(1079, 39, 'S82.4', 'Fracture of fibula alone', '1', '33', NULL, NULL, NULL, NULL, '2016-12-19 02:33:40', '2016-12-19 02:33:40'),
(1080, 39, 'S82.5', 'Fracture of medial malleolus', '1', '33', NULL, NULL, NULL, NULL, '2016-12-19 02:33:40', '2016-12-19 02:33:40'),
(1081, 39, 'S82.6', 'Fracture of lateral malleolus', '1', '33', NULL, NULL, NULL, NULL, '2016-12-19 02:33:40', '2016-12-19 02:33:40'),
(1082, 39, 'S82.7', 'Multiple fractures of lower leg', '1', '33', NULL, NULL, NULL, NULL, '2016-12-19 02:33:40', '2016-12-19 02:33:40'),
(1083, 39, 'S82.8', 'Fractures of other parts of lower leg', '1', '33', NULL, NULL, NULL, NULL, '2016-12-19 02:33:40', '2016-12-19 02:33:40'),
(1084, 39, 'S82.9', 'Fracture of lower leg, part unspecified', '1', '33', NULL, NULL, NULL, NULL, '2016-12-19 02:33:40', '2016-12-19 02:33:40'),
(1085, 39, 'S83.0', 'Dislocation of patella', '1', '33', NULL, NULL, NULL, NULL, '2016-12-19 02:33:40', '2016-12-19 02:33:40'),
(1086, 39, 'S83.1', 'Dislocation of knee', '1', '33', NULL, NULL, NULL, NULL, '2016-12-19 02:33:40', '2016-12-19 02:33:40'),
(1087, 39, 'S83.2', 'Tear of meniscus, current', '1', '33', NULL, NULL, NULL, NULL, '2016-12-19 02:33:40', '2016-12-19 02:33:40'),
(1088, 39, 'S83.3', 'Tear of articular cartilage of knee, current', '1', '33', NULL, NULL, NULL, NULL, '2016-12-19 02:33:40', '2016-12-19 02:33:40'),
(1089, 39, 'S83.4', 'Sprain and strain involving (fibular)(tibial) collateral ligament of knee', '1', '33', NULL, NULL, NULL, NULL, '2016-12-19 02:33:40', '2016-12-19 02:33:40'),
(1090, 39, 'S83.5', 'Sprain and strain involving (anterior)(posterior) cruciate ligament of knee', '1', '33', NULL, NULL, NULL, NULL, '2016-12-19 02:33:40', '2016-12-19 02:33:40'),
(1091, 39, 'S83.6', 'Sprain and strain of other and unspecified parts of knee', '1', '33', NULL, NULL, NULL, NULL, '2016-12-19 02:33:40', '2016-12-19 02:33:40'),
(1092, 39, 'S83.7', 'Injury to multiple structures of knee', '1', '33', NULL, NULL, NULL, NULL, '2016-12-19 02:33:40', '2016-12-19 02:33:40'),
(1093, 39, 'S84.0', 'Injury of tibial nerve at lower leg level', '1', '33', NULL, NULL, NULL, NULL, '2016-12-19 02:33:40', '2016-12-19 02:33:40'),
(1094, 39, 'S84.1', 'Injury of peroneal nerve at lower leg level', '1', '33', NULL, NULL, NULL, NULL, '2016-12-19 02:33:40', '2016-12-19 02:33:40'),
(1095, 39, 'S84.2', 'Injury of cutaneous sensory nerve at lower leg level', '1', '33', NULL, NULL, NULL, NULL, '2016-12-19 02:33:40', '2016-12-19 02:33:40'),
(1096, 39, 'S84.7', 'Injury of multiple nerves at lower leg level', '1', '33', NULL, NULL, NULL, NULL, '2016-12-19 02:33:40', '2016-12-19 02:33:40'),
(1097, 39, 'S84.8', 'Injury of other nerves at lower leg level', '1', '33', NULL, NULL, NULL, NULL, '2016-12-19 02:33:40', '2016-12-19 02:33:40'),
(1098, 39, 'S84.9', 'Injury of unspecified nerve at lower leg level', '1', '33', NULL, NULL, NULL, NULL, '2016-12-19 02:33:40', '2016-12-19 02:33:40'),
(1099, 39, 'S85.0', 'Injury of popliteal artery', '1', '33', NULL, NULL, NULL, NULL, '2016-12-19 02:33:40', '2016-12-19 02:33:40'),
(1100, 39, 'S85.1', 'Injury of (anterior)(posterior) tibial artery', '1', '33', NULL, NULL, NULL, NULL, '2016-12-19 02:33:40', '2016-12-19 02:33:40'),
(1101, 39, 'S85.2', 'Injury of peroneal artery', '1', '33', NULL, NULL, NULL, NULL, '2016-12-19 02:33:40', '2016-12-19 02:33:40'),
(1102, 39, 'S85.3', 'Injury of greater saphenous vein at lower leg level', '1', '33', NULL, NULL, NULL, NULL, '2016-12-19 02:33:40', '2016-12-19 02:33:40'),
(1103, 39, 'S85.4', 'Injury of lesser saphenous vein at lower leg level', '1', '33', NULL, NULL, NULL, NULL, '2016-12-19 02:33:40', '2016-12-19 02:33:40'),
(1104, 39, 'S85.5', 'Injury of popliteal vein', '1', '33', NULL, NULL, NULL, NULL, '2016-12-19 02:33:40', '2016-12-19 02:33:40'),
(1105, 39, 'S85.7', 'Injury of multiple blood vessels at lower leg level', '1', '33', NULL, NULL, NULL, NULL, '2016-12-19 02:33:40', '2016-12-19 02:33:40'),
(1106, 39, 'S85.8', 'Injury of other blood vessels at lower leg level', '1', '33', NULL, NULL, NULL, NULL, '2016-12-19 02:33:40', '2016-12-19 02:33:40'),
(1107, 39, 'S85.9', 'Injury of unspecified blood vessel at lower leg level', '1', '33', NULL, NULL, NULL, NULL, '2016-12-19 02:33:40', '2016-12-19 02:33:40'),
(1108, 39, 'S86.0', 'Injury of Achilles tendon', '1', '33', NULL, NULL, NULL, NULL, '2016-12-19 02:33:40', '2016-12-19 02:33:40'),
(1109, 39, 'S86.1', 'Injury of other muscle(s) and tendon(s) of posterior muscle group at lower leg level', '1', '33', NULL, NULL, NULL, NULL, '2016-12-19 02:33:40', '2016-12-19 02:33:40'),
(1110, 39, 'S86.2', 'Injury of muscle(s) and tendon(s) of anterior muscle group at lower leg level', '1', '33', NULL, NULL, NULL, NULL, '2016-12-19 02:33:40', '2016-12-19 02:33:40'),
(1111, 39, 'S86.3', 'Injury of muscle(s) and tendon(s) of peroneal muscle group at lower leg level', '1', '33', NULL, NULL, NULL, NULL, '2016-12-19 02:33:40', '2016-12-19 02:33:40'),
(1112, 39, 'S86.7', 'Injury of multiple muscles and tendons at lower leg level', '1', '33', NULL, NULL, NULL, NULL, '2016-12-19 02:33:40', '2016-12-19 02:33:40'),
(1113, 39, 'S86.8', 'Injury of other muscles and tendons at lower leg level', '1', '33', NULL, NULL, NULL, NULL, '2016-12-19 02:33:40', '2016-12-19 02:33:40'),
(1114, 39, 'S86.9', 'Injury of unspecified muscle and tendon at lower leg level', '1', '33', NULL, NULL, NULL, NULL, '2016-12-19 02:33:40', '2016-12-19 02:33:40'),
(1115, 39, 'S87.0', 'Crushing injury of knee', '1', '33', NULL, NULL, NULL, NULL, '2016-12-19 02:33:40', '2016-12-19 02:33:40'),
(1116, 39, 'S87.8', 'Crushing injury of other and unspecified parts of lower leg', '1', '33', NULL, NULL, NULL, NULL, '2016-12-19 02:33:40', '2016-12-19 02:33:40'),
(1117, 39, 'S88.1', 'Traumatic amputation at level between knee and ankle', '1', '33', NULL, NULL, NULL, NULL, '2016-12-19 02:33:40', '2016-12-19 02:33:40'),
(1118, 39, 'S88.9', 'Traumatic amputation of lower leg, level unspecified', '1', '33', NULL, NULL, NULL, NULL, '2016-12-19 02:33:40', '2016-12-19 02:33:40'),
(1119, 39, 'S89.7', 'Multiple injuries of lower leg', '1', '33', NULL, NULL, NULL, NULL, '2016-12-19 02:33:40', '2016-12-19 02:33:40'),
(1120, 39, 'S89.8', 'Other specified injuries of lower leg', '1', '33', NULL, NULL, NULL, NULL, '2016-12-19 02:33:40', '2016-12-19 02:33:40'),
(1121, 39, 'S89.9', 'Unspecified injury of lower leg', '1', '33', NULL, NULL, NULL, NULL, '2016-12-19 02:33:40', '2016-12-19 02:33:40'),
(1122, 39, 'S90.0', 'Contusion of ankle', '1', '30', NULL, NULL, NULL, NULL, '2016-12-19 02:33:40', '2016-12-19 02:33:40'),
(1123, 39, 'S90.1', 'Contusion of toe(s) without damage to nail', '1', '30', NULL, NULL, NULL, NULL, '2016-12-19 02:33:40', '2016-12-19 02:33:40'),
(1124, 39, 'S90.2', 'Contusion of toe(s) with damage to nail', '1', '30', NULL, NULL, NULL, NULL, '2016-12-19 02:33:40', '2016-12-19 02:33:40'),
(1125, 39, 'S90.3', 'Contusion of other and unspecified parts of foot', '1', '30', NULL, NULL, NULL, NULL, '2016-12-19 02:33:40', '2016-12-19 02:33:40'),
(1126, 39, 'S90.7', 'Multiple superficial injuries of ankle and foot', '1', '30', NULL, NULL, NULL, NULL, '2016-12-19 02:33:40', '2016-12-19 02:33:40'),
(1127, 39, 'S90.8', 'Other superficial injuries of ankle and foot', '1', '30', NULL, NULL, NULL, NULL, '2016-12-19 02:33:40', '2016-12-19 02:33:40'),
(1128, 39, 'S90.9', 'Superficial injury of ankle and foot, unspecified', '1', '30', NULL, NULL, NULL, NULL, '2016-12-19 02:33:40', '2016-12-19 02:33:40'),
(1129, 39, 'S91.0', 'Open wound of ankle', '1', '30', NULL, NULL, NULL, NULL, '2016-12-19 02:33:40', '2016-12-19 02:33:40'),
(1130, 39, 'S91.1', 'Open wound of toe(s) without damage to nail', '1', '30', NULL, NULL, NULL, NULL, '2016-12-19 02:33:40', '2016-12-19 02:33:40'),
(1131, 39, 'S91.2', 'Open wound of toe(s) with damage to nail', '1', '30', NULL, NULL, NULL, NULL, '2016-12-19 02:33:40', '2016-12-19 02:33:40'),
(1132, 39, 'S91.3', 'Open wound of other parts of foot', '1', '30', NULL, NULL, NULL, NULL, '2016-12-19 02:33:40', '2016-12-19 02:33:40'),
(1133, 39, 'S91.7', 'Multiple open wounds of ankle and foot', '1', '30', NULL, NULL, NULL, NULL, '2016-12-19 02:33:40', '2016-12-19 02:33:40'),
(1134, 39, 'S92.0', 'Fracture of calcaneus', '1', '30', NULL, NULL, NULL, NULL, '2016-12-19 02:33:40', '2016-12-19 02:33:40'),
(1135, 39, 'S92.1', 'Fracture of talus', '1', '30', NULL, NULL, NULL, NULL, '2016-12-19 02:33:40', '2016-12-19 02:33:40'),
(1136, 39, 'S92.2', 'Fracture of other tarsal bone(s)', '1', '30', NULL, NULL, NULL, NULL, '2016-12-19 02:33:40', '2016-12-19 02:33:40'),
(1137, 39, 'S92.3', 'Fracture of metatarsal bone', '1', '30', NULL, NULL, NULL, NULL, '2016-12-19 02:33:40', '2016-12-19 02:33:40'),
(1138, 39, 'S92.4', 'Fracture of great toe', '1', '30', NULL, NULL, NULL, NULL, '2016-12-19 02:33:40', '2016-12-19 02:33:40'),
(1139, 39, 'S92.5', 'Fracture of other toe', '1', '30', NULL, NULL, NULL, NULL, '2016-12-19 02:33:40', '2016-12-19 02:33:40'),
(1140, 39, 'S92.7', 'Multiple fractures of foot', '1', '30', NULL, NULL, NULL, NULL, '2016-12-19 02:33:40', '2016-12-19 02:33:40'),
(1141, 39, 'S92.9', 'Fracture of foot, unspecified', '1', '30', NULL, NULL, NULL, NULL, '2016-12-19 02:33:40', '2016-12-19 02:33:40'),
(1142, 39, 'S93.0', 'Dislocation of ankle joint', '1', '30', NULL, NULL, NULL, NULL, '2016-12-19 02:33:40', '2016-12-19 02:33:40'),
(1143, 39, 'S93.1', 'Dislocation of toe(s)', '1', '30', NULL, NULL, NULL, NULL, '2016-12-19 02:33:40', '2016-12-19 02:33:40'),
(1144, 39, 'S93.2', 'Rupture of ligaments at ankle and foot level', '1', '30', NULL, NULL, NULL, NULL, '2016-12-19 02:33:40', '2016-12-19 02:33:40'),
(1145, 39, 'S93.3', 'Dislocation of other and unspecified parts of foot', '1', '30', NULL, NULL, NULL, NULL, '2016-12-19 02:33:40', '2016-12-19 02:33:40'),
(1146, 39, 'S93.4', 'Sprain and strain of ankle', '1', '30', NULL, NULL, NULL, NULL, '2016-12-19 02:33:40', '2016-12-19 02:33:40'),
(1147, 39, 'S93.5', 'Sprain and strain of toe(s)', '1', '30', NULL, NULL, NULL, NULL, '2016-12-19 02:33:40', '2016-12-19 02:33:40'),
(1148, 39, 'S94.0', 'Injury of lateral plantar nerve', '1', '30', NULL, NULL, NULL, NULL, '2016-12-19 02:33:40', '2016-12-19 02:33:40'),
(1149, 39, 'S94.1', 'Injury of medial plantar nerve', '1', '30', NULL, NULL, NULL, NULL, '2016-12-19 02:33:40', '2016-12-19 02:33:40'),
(1150, 39, 'S94.2', 'Injury of deep peroneal nerve at ankle and foot level', '1', '30', NULL, NULL, NULL, NULL, '2016-12-19 02:33:40', '2016-12-19 02:33:40'),
(1151, 39, 'S94.3', 'Injury of cutaneous sensory nerve at ankle and foot level', '1', '30', NULL, NULL, NULL, NULL, '2016-12-19 02:33:40', '2016-12-19 02:33:40'),
(1152, 39, 'S94.7', 'Injury of multiple nerves at ankle and foot level\\r\\n', '1', '30', NULL, NULL, NULL, NULL, '2016-12-19 02:33:40', '2016-12-19 02:33:40'),
(1153, 39, 'S94.8', 'Injury of other nerves at ankle and foot level', '1', '30', NULL, NULL, NULL, NULL, '2016-12-19 02:33:40', '2016-12-19 02:33:40'),
(1154, 39, 'S94.9', 'Injury of unspecified nerve at ankle and foot level', '1', '30', NULL, NULL, NULL, NULL, '2016-12-19 02:33:40', '2016-12-19 02:33:40'),
(1155, 39, 'S95.0', 'Injury of dorsal artery of foot', '1', '30', NULL, NULL, NULL, NULL, '2016-12-19 02:33:40', '2016-12-19 02:33:40'),
(1156, 39, 'S95.1', 'Injury of plantar artery of foot', '1', '30', NULL, NULL, NULL, NULL, '2016-12-19 02:33:40', '2016-12-19 02:33:40'),
(1157, 39, 'S95.2', 'Injury of dorsal vein of foot', '1', '30', NULL, NULL, NULL, NULL, '2016-12-19 02:33:40', '2016-12-19 02:33:40'),
(1158, 39, 'S95.7', 'Injury of multiple blood vessels at ankle and foot level', '1', '30', NULL, NULL, NULL, NULL, '2016-12-19 02:33:40', '2016-12-19 02:33:40'),
(1159, 39, 'S95.8', 'Injury of other blood vessels at ankle and foot level', '1', '30', NULL, NULL, NULL, NULL, '2016-12-19 02:33:40', '2016-12-19 02:33:40'),
(1160, 39, 'S95.9', 'Injury of unspecified blood vessel at ankle and foot level', '1', '30', NULL, NULL, NULL, NULL, '2016-12-19 02:33:40', '2016-12-19 02:33:40'),
(1161, 39, 'S96.0', 'Injury of muscle and tendon of long flexor muscle of toe at ankle and foot level', '1', '30', NULL, NULL, NULL, NULL, '2016-12-19 02:33:40', '2016-12-19 02:33:40'),
(1162, 39, 'S96.1', 'Injury of muscle and tendon of long extensor muscle of toe at ankle and foot level', '1', '30', NULL, NULL, NULL, NULL, '2016-12-19 02:33:40', '2016-12-19 02:33:40'),
(1163, 39, 'S96.2', 'Injury of intrinsic muscle and tendon at ankle and foot level', '1', '30', NULL, NULL, NULL, NULL, '2016-12-19 02:33:40', '2016-12-19 02:33:40'),
(1164, 39, 'S96.7', 'Injury of multiple muscles and tendons at ankle and foot level', '1', '30', NULL, NULL, NULL, NULL, '2016-12-19 02:33:40', '2016-12-19 02:33:40'),
(1165, 39, 'S96.8', 'Injury of other muscles and tendons at ankle and foot level', '1', '30', NULL, NULL, NULL, NULL, '2016-12-19 02:33:40', '2016-12-19 02:33:40'),
(1166, 39, 'S96.9', 'Injury of unspecified muscle and tendon at ankle and foot level', '1', '30', NULL, NULL, NULL, NULL, '2016-12-19 02:33:40', '2016-12-19 02:33:40'),
(1167, 39, 'S97.0', 'Crushing injury of ankle', '1', '30', NULL, NULL, NULL, NULL, '2016-12-19 02:33:40', '2016-12-19 02:33:40'),
(1168, 39, 'S97.1', 'Crushing injury of toe(s)', '1', '30', NULL, NULL, NULL, NULL, '2016-12-19 02:33:40', '2016-12-19 02:33:40'),
(1169, 39, 'S97.8', 'Crushing injury of other parts of ankle and foot', '1', '30', NULL, NULL, NULL, NULL, '2016-12-19 02:33:40', '2016-12-19 02:33:40'),
(1170, 39, 'S98.0', 'Traumatic amputation of foot at ankle level', '1', '30', NULL, NULL, NULL, NULL, '2016-12-19 02:33:40', '2016-12-19 02:33:40'),
(1171, 39, 'S98.1', 'Traumatic amputation of one toe', '1', '30', NULL, NULL, NULL, NULL, '2016-12-19 02:33:40', '2016-12-19 02:33:40'),
(1172, 39, 'S98.2', 'Traumatic amputation of two or more toes', '1', '30', NULL, NULL, NULL, NULL, '2016-12-19 02:33:40', '2016-12-19 02:33:40'),
(1173, 39, 'S98.3', 'Traumatic amputation of other parts of foot', '1', '30', NULL, NULL, NULL, NULL, '2016-12-19 02:33:40', '2016-12-19 02:33:40'),
(1174, 39, 'S98.4', 'Traumatic amputation of foot, level unspecified', '1', '30', NULL, NULL, NULL, NULL, '2016-12-19 02:33:40', '2016-12-19 02:33:40'),
(1175, 39, 'S99.7', 'Multiple injuries of ankle and foot', '1', '30', NULL, NULL, NULL, NULL, '2016-12-19 02:33:40', '2016-12-19 02:33:40'),
(1176, 39, 'S99.8', 'Other specified injuries of ankle and foot', '1', '30', NULL, NULL, NULL, NULL, '2016-12-19 02:33:40', '2016-12-19 02:33:40'),
(1177, 39, 'S99.9', 'Unspecified injury of ankle and foot', '1', '30', NULL, NULL, NULL, NULL, '2016-12-19 02:33:40', '2016-12-19 02:33:40'),
(1178, 39, 'T00.0', 'Superficial injuries involving head with neck', '1', '28', NULL, NULL, NULL, NULL, '2016-12-19 02:33:40', '2016-12-19 02:33:40'),
(1179, 39, 'T00.1', 'Superficial injuries involving thorax with abdomen, lower back and pelvis', '1', '28', NULL, NULL, NULL, NULL, '2016-12-19 02:33:40', '2016-12-19 02:33:40'),
(1180, 39, 'T00.2', 'Superficial injuries involving multiple regions of upper limb(s)', '1', '28', NULL, NULL, NULL, NULL, '2016-12-19 02:33:40', '2016-12-19 02:33:40'),
(1181, 39, 'T00.3', 'Superficial injuries involving multiple regions of lower limb(s)', '1', '28', NULL, NULL, NULL, NULL, '2016-12-19 02:33:40', '2016-12-19 02:33:40'),
(1182, 39, 'T00.6', 'Superficial injuries involving multiple regions of upper limb(s) with lower limb(s)', '1', '28', NULL, NULL, NULL, NULL, '2016-12-19 02:33:40', '2016-12-19 02:33:40'),
(1183, 39, 'T00.8', 'Superficial injuries involving other combinations of body regions', '1', '28', NULL, NULL, NULL, NULL, '2016-12-19 02:33:40', '2016-12-19 02:33:40'),
(1184, 39, 'T00.9', 'Multiple superficial injuries, unspecified', '1', '28', NULL, NULL, NULL, NULL, '2016-12-19 02:33:40', '2016-12-19 02:33:40'),
(1185, 39, 'T01.0', 'Open wounds involving head with neck', '1', '28', NULL, NULL, NULL, NULL, '2016-12-19 02:33:40', '2016-12-19 02:33:40'),
(1186, 39, 'T01.1', 'Open wounds involving thorax with abdomen, lower back and pelvis', '1', '28', NULL, NULL, NULL, NULL, '2016-12-19 02:33:40', '2016-12-19 02:33:40'),
(1187, 39, 'T01.2', 'Open wounds involving multiple regions of upper limb(s)', '1', '28', NULL, NULL, NULL, NULL, '2016-12-19 02:33:40', '2016-12-19 02:33:40'),
(1188, 39, 'T01.3', 'Open wounds involving multiple regions of lower limb(s)', '1', '28', NULL, NULL, NULL, NULL, '2016-12-19 02:33:40', '2016-12-19 02:33:40'),
(1189, 39, 'T01.6', 'Open wounds involving multiple regions of upper limb(s) with lower limb(s)', '1', '28', NULL, NULL, NULL, NULL, '2016-12-19 02:33:40', '2016-12-19 02:33:40'),
(1190, 39, 'T01.8', 'Open wounds involving other combinations of body regions', '1', '28', NULL, NULL, NULL, NULL, '2016-12-19 02:33:40', '2016-12-19 02:33:40'),
(1191, 39, 'T01.9', 'Multiple open wounds, unspecified', '1', '28', NULL, NULL, NULL, NULL, '2016-12-19 02:33:40', '2016-12-19 02:33:40'),
(1192, 39, 'T02.0', 'Fractures involving head with neck', '1', '28', NULL, NULL, NULL, NULL, '2016-12-19 02:33:40', '2016-12-19 02:33:40'),
(1193, 39, 'T02.1', 'Fractures involving thorax with lower back and pelvis', '1', '28', NULL, NULL, NULL, NULL, '2016-12-19 02:33:40', '2016-12-19 02:33:40'),
(1194, 39, 'T02.2', 'Fractures involving multiple regions of one upper limb', '1', '28', NULL, NULL, NULL, NULL, '2016-12-19 02:33:40', '2016-12-19 02:33:40'),
(1195, 39, 'T02.3', 'Fractures involving multiple regions of one lower limb', '1', '28', NULL, NULL, NULL, NULL, '2016-12-19 02:33:40', '2016-12-19 02:33:40'),
(1196, 39, 'T02.4', 'Fractures involving multiple regions of both upper limbs', '1', '28', NULL, NULL, NULL, NULL, '2016-12-19 02:33:40', '2016-12-19 02:33:40'),
(1197, 39, 'T02.5', 'Fractures involving multiple regions of both lower limbs', '1', '28', NULL, NULL, NULL, NULL, '2016-12-19 02:33:40', '2016-12-19 02:33:40'),
(1198, 39, 'T02.6', 'Fractures involving multiple regions of upper limb(s) with lower limb(s)', '1', '28', NULL, NULL, NULL, NULL, '2016-12-19 02:33:40', '2016-12-19 02:33:40'),
(1199, 39, 'T02.7', 'Fractures involving thorax with lower back and pelvis with limb(s)', '1', '28', NULL, NULL, NULL, NULL, '2016-12-19 02:33:40', '2016-12-19 02:33:40'),
(1200, 39, 'T02.8', 'Fractures involving other combinations of body regions', '1', '28', NULL, NULL, NULL, NULL, '2016-12-19 02:33:40', '2016-12-19 02:33:40'),
(1201, 39, 'T02.9', 'Multiple fractures, unspecified', '1', '28', NULL, NULL, NULL, NULL, '2016-12-19 02:33:40', '2016-12-19 02:33:40'),
(1202, 39, 'T03.0', 'Dislocations, sprains and strains involving head with neck', '1', '28', NULL, NULL, NULL, NULL, '2016-12-19 02:33:40', '2016-12-19 02:33:40'),
(1203, 39, 'T03.1', 'Dislocations, sprains and strains involving thorax with lower back and pelvis', '1', '28', NULL, NULL, NULL, NULL, '2016-12-19 02:33:40', '2016-12-19 02:33:40'),
(1204, 39, 'T03.2', 'Dislocations, sprains and strains involving multiple regions of upper limb(s)', '1', '28', NULL, NULL, NULL, NULL, '2016-12-19 02:33:40', '2016-12-19 02:33:40'),
(1205, 39, 'T03.3', 'Dislocations, sprains and strains involving multiple regions of lower limb(s)', '1', '28', NULL, NULL, NULL, NULL, '2016-12-19 02:33:40', '2016-12-19 02:33:40'),
(1206, 39, 'T03.4', 'Dislocations, sprains and strains involving multiple regions of upper limb(s) with lower limb(s)', '1', '28', NULL, NULL, NULL, NULL, '2016-12-19 02:33:40', '2016-12-19 02:33:40'),
(1207, 39, 'T03.8', 'Dislocations, sprains and strains involving other combinations of body regions', '1', '28', NULL, NULL, NULL, NULL, '2016-12-19 02:33:40', '2016-12-19 02:33:40'),
(1208, 39, 'T03.9', 'Multiple dislocations, sprains and strains, unspecified', '1', '28', NULL, NULL, NULL, NULL, '2016-12-19 02:33:40', '2016-12-19 02:33:40'),
(1209, 39, 'T04.0', 'Crushing injuries involving head with neck', '1', '28', NULL, NULL, NULL, NULL, '2016-12-19 02:33:40', '2016-12-19 02:33:40'),
(1210, 39, 'T04.1', 'Crushing injuries involving thorax with abdomen, lower back and pelvis', '1', '28', NULL, NULL, NULL, NULL, '2016-12-19 02:33:40', '2016-12-19 02:33:40'),
(1211, 39, 'T04.2', 'Crushing injuries involving multiple regions of upper limb(s)', '1', '28', NULL, NULL, NULL, NULL, '2016-12-19 02:33:40', '2016-12-19 02:33:40'),
(1212, 39, 'T04.3', 'Crushing injuries involving multiple regions of lower limb(s)', '1', '28', NULL, NULL, NULL, NULL, '2016-12-19 02:33:40', '2016-12-19 02:33:40'),
(1213, 39, 'T04.4', 'Crushing injuries involving multiple regions of upper limb(s) with lower limb(s)', '1', '28', NULL, NULL, NULL, NULL, '2016-12-19 02:33:40', '2016-12-19 02:33:40'),
(1214, 39, 'T04.7', 'Crushing injuries of thorax with abdomen, lower back and pelvis with limb(s)', '1', '28', NULL, NULL, NULL, NULL, '2016-12-19 02:33:40', '2016-12-19 02:33:40'),
(1215, 39, 'T04.8', 'Crushing injuries involving other combinations of body regions', '1', '28', NULL, NULL, NULL, NULL, '2016-12-19 02:33:40', '2016-12-19 02:33:40'),
(1216, 39, 'T04.9', 'Multiple crushing injuries, unspecified', '1', '28', NULL, NULL, NULL, NULL, '2016-12-19 02:33:40', '2016-12-19 02:33:40'),
(1217, 39, 'T05.0', 'Traumatic amputation of both hands', '1', '28', NULL, NULL, NULL, NULL, '2016-12-19 02:33:40', '2016-12-19 02:33:40'),
(1218, 39, 'T05.1', 'Traumatic amputation of one hand and other arm [any level, except hand]', '1', '28', NULL, NULL, NULL, NULL, '2016-12-19 02:33:40', '2016-12-19 02:33:40'),
(1219, 39, 'T05.2', 'Traumatic amputation of both arms [any level]', '1', '28', NULL, NULL, NULL, NULL, '2016-12-19 02:33:40', '2016-12-19 02:33:40'),
(1220, 39, 'T05.3', 'Traumatic amputation of both feet', '1', '28', NULL, NULL, NULL, NULL, '2016-12-19 02:33:40', '2016-12-19 02:33:40'),
(1221, 39, 'T05.4', 'Traumatic amputation of one foot and other leg [any level, except foot]', '1', '28', NULL, NULL, NULL, NULL, '2016-12-19 02:33:40', '2016-12-19 02:33:40'),
(1222, 39, 'T05.5', 'Traumatic amputation of both legs [any level]', '1', '28', NULL, NULL, NULL, NULL, '2016-12-19 02:33:40', '2016-12-19 02:33:40'),
(1223, 39, 'T05.6', 'Traumatic amputation of upper and lower limbs, any combination [any level]', '1', '28', NULL, NULL, NULL, NULL, '2016-12-19 02:33:40', '2016-12-19 02:33:40'),
(1224, 39, 'T05.8', 'Traumatic amputations involving other combinations of body regions', '1', '28', NULL, NULL, NULL, NULL, '2016-12-19 02:33:40', '2016-12-19 02:33:40'),
(1225, 39, 'T05.9', 'Multiple traumatic amputations, unspecified', '1', '28', NULL, NULL, NULL, NULL, '2016-12-19 02:33:40', '2016-12-19 02:33:40'),
(1226, 39, 'T06.0', 'Injuries of brain and cranial nerves with injuries of nerves and spinal cord at neck level', '1', '28', NULL, NULL, NULL, NULL, '2016-12-19 02:33:40', '2016-12-19 02:33:40'),
(1227, 39, 'T06.1', 'Injuries of nerves and spinal cord involving other multiple body regions', '1', '28', NULL, NULL, NULL, NULL, '2016-12-19 02:33:40', '2016-12-19 02:33:40'),
(1228, 39, 'T06.2', 'Injuries of nerves involving multiple body regions', '1', '28', NULL, NULL, NULL, NULL, '2016-12-19 02:33:40', '2016-12-19 02:33:40'),
(1229, 39, 'T06.3', 'Injuries of blood vessels involving multiple body regions', '1', '28', NULL, NULL, NULL, NULL, '2016-12-19 02:33:40', '2016-12-19 02:33:40'),
(1230, 39, 'T06.4', 'Injuries of muscles and tendons involving multiple body regions', '1', '28', NULL, NULL, NULL, NULL, '2016-12-19 02:33:40', '2016-12-19 02:33:40'),
(1231, 39, 'T06.5', 'Injuries of intrathoracic organs with intra-abdominal and pelvic organs', '1', '28', NULL, NULL, NULL, NULL, '2016-12-19 02:33:40', '2016-12-19 02:33:40'),
(1232, 39, 'T06.8', 'Other specified injuries involving multiple body regions', '1', '28', NULL, NULL, NULL, NULL, '2016-12-19 02:33:40', '2016-12-19 02:33:40'),
(1233, 39, 'T09.0', 'Superficial injury of trunk, level unspecified', '1', '38', NULL, NULL, NULL, NULL, '2016-12-19 02:33:40', '2016-12-19 02:33:40'),
(1234, 39, 'T09.1', 'Open wound of trunk, level unspecified', '1', '38', NULL, NULL, NULL, NULL, '2016-12-19 02:33:40', '2016-12-19 02:33:40'),
(1235, 39, 'T09.2', 'Dislocation, sprain and strain of unspecified joint and ligament of trunk', '1', '38', NULL, NULL, NULL, NULL, '2016-12-19 02:33:40', '2016-12-19 02:33:40'),
(1236, 39, 'T09.3', 'Injury of spinal cord, level unspecified', '1', '38', NULL, NULL, NULL, NULL, '2016-12-19 02:33:40', '2016-12-19 02:33:40'),
(1237, 39, 'T09.4', 'Injury of unspecified nerve, spinal nerve root and plexus of trunk', '1', '38', NULL, NULL, NULL, NULL, '2016-12-19 02:33:40', '2016-12-19 02:33:40'),
(1238, 39, 'T09.5', 'Injury of unspecified muscle and tendon of trunk', '1', '38', NULL, NULL, NULL, NULL, '2016-12-19 02:33:40', '2016-12-19 02:33:40'),
(1239, 39, 'T09.6', 'Traumatic amputation of trunk, level unspecified', '1', '38', NULL, NULL, NULL, NULL, '2016-12-19 02:33:40', '2016-12-19 02:33:40'),
(1240, 39, 'T09.8', 'Other specified injuries of trunk, level unspecified', '1', '38', NULL, NULL, NULL, NULL, '2016-12-19 02:33:40', '2016-12-19 02:33:40'),
(1241, 39, 'T09.9', 'Unspecified injury of trunk, level unspecified', '1', '38', NULL, NULL, NULL, NULL, '2016-12-19 02:33:40', '2016-12-19 02:33:40'),
(1242, 39, 'T11.0', 'Superficial injury of upper limb, level unspecified', '1', '38', NULL, NULL, NULL, NULL, '2016-12-19 02:33:40', '2016-12-19 02:33:40'),
(1243, 39, 'T11.1', 'Open wound of upper limb, level unspecified', '1', '38', NULL, NULL, NULL, NULL, '2016-12-19 02:33:40', '2016-12-19 02:33:40'),
(1244, 39, 'T11.2', 'Dislocation, sprain and strain of unspecified joint and ligament of upper limb, level unspecified', '1', '38', NULL, NULL, NULL, NULL, '2016-12-19 02:33:40', '2016-12-19 02:33:40'),
(1245, 39, 'T11.3', 'Injury of unspecified nerve of upper limb, level unspecified', '1', '38', NULL, NULL, NULL, NULL, '2016-12-19 02:33:40', '2016-12-19 02:33:40'),
(1246, 39, 'T11.4', 'Injury of unspecified blood vessel of upper limb, level unspecified', '1', '38', NULL, NULL, NULL, NULL, '2016-12-19 02:33:40', '2016-12-19 02:33:40'),
(1247, 39, 'T11.5', 'Injury of unspecified muscle and tendon of upper limb, level unspecified', '1', '38', NULL, NULL, NULL, NULL, '2016-12-19 02:33:40', '2016-12-19 02:33:40'),
(1248, 39, 'T11.6', 'Traumatic amputation of upper limb, level unspecified', '1', '38', NULL, NULL, NULL, NULL, '2016-12-19 02:33:40', '2016-12-19 02:33:40'),
(1249, 39, 'T11.8', 'Other specified injuries of upper limb, level unspecified', '1', '38', NULL, NULL, NULL, NULL, '2016-12-19 02:33:40', '2016-12-19 02:33:40'),
(1250, 39, 'T11.9', 'Unspecified injury of upper limb, level unspecified', '1', '38', NULL, NULL, NULL, NULL, '2016-12-19 02:33:40', '2016-12-19 02:33:40'),
(1251, 39, 'T13.0', 'Superficial injury of lower limb, level unspecified', '1', '38', NULL, NULL, NULL, NULL, '2016-12-19 02:33:40', '2016-12-19 02:33:40'),
(1252, 39, 'T13.1', 'Open wound of lower limb, level unspecified', '1', '38', NULL, NULL, NULL, NULL, '2016-12-19 02:33:40', '2016-12-19 02:33:40'),
(1253, 39, 'T13.2', 'Dislocation, sprain and strain of unspecified joint and ligament of lower limb, level unspecified', '1', '38', NULL, NULL, NULL, NULL, '2016-12-19 02:33:40', '2016-12-19 02:33:40'),
(1254, 39, 'T13.3', 'Injury of unspecified nerve of lower limb, level unspecified', '1', '38', NULL, NULL, NULL, NULL, '2016-12-19 02:33:40', '2016-12-19 02:33:40'),
(1255, 39, 'T13.4', 'Injury of unspecified blood vessel of lower limb, level unspecified', '1', '38', NULL, NULL, NULL, NULL, '2016-12-19 02:33:40', '2016-12-19 02:33:40'),
(1256, 39, 'T13.5', 'Injury of unspecified muscle and tendon of lower limb, level unspecified', '1', '38', NULL, NULL, NULL, NULL, '2016-12-19 02:33:40', '2016-12-19 02:33:40'),
(1257, 39, 'T13.6', 'Traumatic amputation of lower limb, level unspecified', '1', '38', NULL, NULL, NULL, NULL, '2016-12-19 02:33:40', '2016-12-19 02:33:40'),
(1258, 39, 'T13.8', 'Other specified injuries of lower limb, level unspecified', '1', '38', NULL, NULL, NULL, NULL, '2016-12-19 02:33:40', '2016-12-19 02:33:40'),
(1259, 39, 'T13.9', 'Unspecified injury of lower limb, level unspecified', '1', '38', NULL, NULL, NULL, NULL, '2016-12-19 02:33:40', '2016-12-19 02:33:40'),
(1260, 39, 'T14.0', 'Superficial injury of unspecified body region', '1', '38', NULL, NULL, NULL, NULL, '2016-12-19 02:33:40', '2016-12-19 02:33:40'),
(1261, 39, 'T14.1', 'Open wound of unspecified body region', '1', '38', NULL, NULL, NULL, NULL, '2016-12-19 02:33:40', '2016-12-19 02:33:40'),
(1262, 39, 'T14.2', 'Fracture of unspecified body region', '1', '38', NULL, NULL, NULL, NULL, '2016-12-19 02:33:40', '2016-12-19 02:33:40'),
(1263, 39, 'T14.3', 'Dislocation, sprain and strain of unspecified body region', '1', '38', NULL, NULL, NULL, NULL, '2016-12-19 02:33:40', '2016-12-19 02:33:40'),
(1264, 39, 'T14.4', 'Injury of nerve(s) of unspecified body region', '1', '38', NULL, NULL, NULL, NULL, '2016-12-19 02:33:40', '2016-12-19 02:33:40'),
(1265, 39, 'T14.5', 'Injury of blood vessel(s) of unspecified body region', '1', '38', NULL, NULL, NULL, NULL, '2016-12-19 02:33:40', '2016-12-19 02:33:40'),
(1266, 39, 'T14.6', 'Injury of muscles and tendons of unspecified body region', '1', '38', NULL, NULL, NULL, NULL, '2016-12-19 02:33:40', '2016-12-19 02:33:40'),
(1267, 39, 'T14.7', 'Crushing injury and traumatic amputation of unspecified body region', '1', '38', NULL, NULL, NULL, NULL, '2016-12-19 02:33:40', '2016-12-19 02:33:40'),
(1268, 39, 'T14.8', 'Other injuries of unspecified body region', '1', '38', NULL, NULL, NULL, NULL, '2016-12-19 02:33:40', '2016-12-19 02:33:40'),
(1269, 39, 'T14.9', 'Injury, unspecified', '1', '38', NULL, NULL, NULL, NULL, '2016-12-19 02:33:40', '2016-12-19 02:33:40'),
(1270, 39, 'T22.0', 'Burn of unspecified degree of shoulder and upper limb, except wrist and hand', '1', '6', NULL, NULL, NULL, NULL, '2016-12-19 02:33:40', '2016-12-19 02:33:40'),
(1271, 39, 'T22.1', 'Burn of first degree of shoulder and upper limb, except wrist and hand', '1', '6', NULL, NULL, NULL, NULL, '2016-12-19 02:33:40', '2016-12-19 02:33:40'),
(1272, 39, 'T22.2', 'Burn of second degree of shoulder and upper limb, except wrist and hand', '1', '6', NULL, NULL, NULL, NULL, '2016-12-19 02:33:40', '2016-12-19 02:33:40'),
(1273, 40, 'T22.3', 'Burn of third degree of shoulder and upper limb, except wrist and hand', '1', '7', NULL, NULL, NULL, NULL, '2016-12-19 02:33:40', '2016-12-19 02:33:40'),
(1274, 40, 'T22.4', 'Corrosion of unspecified degree of shoulder and upper limb, except wrist and hand', '1', '7', NULL, NULL, NULL, NULL, '2016-12-19 02:33:40', '2016-12-19 02:33:40'),
(1275, 40, 'T22.5', 'Corrosion of first degree of shoulder and upper limb, except wrist and hand', '1', '7', NULL, NULL, NULL, NULL, '2016-12-19 02:33:40', '2016-12-19 02:33:40'),
(1276, 40, 'T22.6', 'Corrosion of second degree of shoulder and upper limb, except wrist and hand', '1', '7', NULL, NULL, NULL, NULL, '2016-12-19 02:33:40', '2016-12-19 02:33:40'),
(1277, 40, 'T22.7', 'Corrosion of third degree of shoulder and upper limb, except wrist and hand', '1', '7', NULL, NULL, NULL, NULL, '2016-12-19 02:33:40', '2016-12-19 02:33:40'),
(1278, 40, 'T23.0', 'Burn of unspecified degree of wrist and hand', '1', '7', NULL, NULL, NULL, NULL, '2016-12-19 02:33:40', '2016-12-19 02:33:40'),
(1279, 40, 'T23.1', 'Burn of first degree of wrist and hand', '1', '7', NULL, NULL, NULL, NULL, '2016-12-19 02:33:40', '2016-12-19 02:33:40'),
(1280, 40, 'T23.2', 'Burn of second degree of wrist and hand', '1', '7', NULL, NULL, NULL, NULL, '2016-12-19 02:33:40', '2016-12-19 02:33:40'),
(1281, 40, 'T23.3', 'Burn of third degree of wrist and hand', '1', '7', NULL, NULL, NULL, NULL, '2016-12-19 02:33:40', '2016-12-19 02:33:40'),
(1282, 40, 'T23.4', 'Corrosion of unspecified degree of wrist and hand', '1', '7', NULL, NULL, NULL, NULL, '2016-12-19 02:33:40', '2016-12-19 02:33:40'),
(1283, 40, 'T23.5', 'Corrosion of first degree of wrist and hand', '1', '7', NULL, NULL, NULL, NULL, '2016-12-19 02:33:40', '2016-12-19 02:33:40'),
(1284, 40, 'T23.6', 'Corrosion of second degree of wrist and hand', '1', '7', NULL, NULL, NULL, NULL, '2016-12-19 02:33:40', '2016-12-19 02:33:40'),
(1285, 40, 'T23.7', 'Corrosion of third degree of wrist and hand', '1', '7', NULL, NULL, NULL, NULL, '2016-12-19 02:33:40', '2016-12-19 02:33:40'),
(1286, 40, 'T24.0', 'Burn of unspecified degree of hip and lower limb, except ankle and foot', '1', '7', NULL, NULL, NULL, NULL, '2016-12-19 02:33:40', '2016-12-19 02:33:40'),
(1287, 40, 'T24.1', 'Burn of first degree of hip and lower limb, except ankle and foot', '1', '7', NULL, NULL, NULL, NULL, '2016-12-19 02:33:40', '2016-12-19 02:33:40'),
(1288, 40, 'T24.2', 'Burn of second degree of hip and lower limb, except ankle and foot', '1', '7', NULL, NULL, NULL, NULL, '2016-12-19 02:33:40', '2016-12-19 02:33:40'),
(1289, 40, 'T24.3', 'Burn of third degree of hip and lower limb, except ankle and foot', '1', '7', NULL, NULL, NULL, NULL, '2016-12-19 02:33:40', '2016-12-19 02:33:40'),
(1290, 40, 'T24.4', 'Corrosion of unspecified degree of hip and lower limb, except ankle and foot', '1', '7', NULL, NULL, NULL, NULL, '2016-12-19 02:33:40', '2016-12-19 02:33:40'),
(1291, 40, 'T24.5', 'Corrosion of first degree of hip and lower limb, except ankle and foot', '1', '7', NULL, NULL, NULL, NULL, '2016-12-19 02:33:40', '2016-12-19 02:33:40'),
(1292, 40, 'T24.6', 'Corrosion of second degree of hip and lower limb, except ankle and foot', '1', '7', NULL, NULL, NULL, NULL, '2016-12-19 02:33:40', '2016-12-19 02:33:40'),
(1293, 40, 'T24.7', 'Corrosion of third degree of hip and lower limb, except ankle and foot\\r\\n', '1', '7', NULL, NULL, NULL, NULL, '2016-12-19 02:33:40', '2016-12-19 02:33:40'),
(1294, 40, 'T25.0', 'Burn of unspecified degree of ankle and foot', '1', '7', NULL, NULL, NULL, NULL, '2016-12-19 02:33:40', '2016-12-19 02:33:40'),
(1295, 40, 'T25.1', 'Burn of first degree of ankle and foot', '1', '7', NULL, NULL, NULL, NULL, '2016-12-19 02:33:40', '2016-12-19 02:33:40'),
(1296, 40, 'T25.2', 'Burn of second degree of ankle and foot', '1', '7', NULL, NULL, NULL, NULL, '2016-12-19 02:33:40', '2016-12-19 02:33:40'),
(1297, 40, 'T25.3', 'Burn of third degree of ankle and foot', '1', '7', NULL, NULL, NULL, NULL, '2016-12-19 02:33:40', '2016-12-19 02:33:40'),
(1298, 40, 'T25.4', 'Corrosion of unspecified degree of ankle and foot', '1', '7', NULL, NULL, NULL, NULL, '2016-12-19 02:33:40', '2016-12-19 02:33:40'),
(1299, 40, 'T25.5', 'Corrosion of first degree of ankle and foot', '1', '7', NULL, NULL, NULL, NULL, '2016-12-19 02:33:40', '2016-12-19 02:33:40'),
(1300, 40, 'T25.6', 'Corrosion of second degree of ankle and foot', '1', '7', NULL, NULL, NULL, NULL, '2016-12-19 02:33:40', '2016-12-19 02:33:40'),
(1301, 40, 'T25.7', 'Corrosion of third degree of ankle and foot', '1', '7', NULL, NULL, NULL, NULL, '2016-12-19 02:33:40', '2016-12-19 02:33:40'),
(1302, 40, 'T31.0', 'Burns involving less than 10% of body surface', '1', '7', NULL, NULL, NULL, NULL, '2016-12-19 02:33:40', '2016-12-19 02:33:40'),
(1303, 40, 'T31.1', 'Burns involving 10-19% of body surface', '1', '7', NULL, NULL, NULL, NULL, '2016-12-19 02:33:40', '2016-12-19 02:33:40'),
(1304, 40, 'T31.2', 'Burns involving 20-29% of body surface', '1', '7', NULL, NULL, NULL, NULL, '2016-12-19 02:33:40', '2016-12-19 02:33:40'),
(1305, 40, 'T31.3', 'Burns involving 30-39% of body surface', '1', '7', NULL, NULL, NULL, NULL, '2016-12-19 02:33:40', '2016-12-19 02:33:40'),
(1306, 40, 'T31.4', 'Burns involving 40-49% of body surface', '1', '7', NULL, NULL, NULL, NULL, '2016-12-19 02:33:40', '2016-12-19 02:33:40'),
(1307, 40, 'T31.5', 'Burns involving 50-59% of body surface', '1', '7', NULL, NULL, NULL, NULL, '2016-12-19 02:33:40', '2016-12-19 02:33:40'),
(1308, 40, 'T31.6', 'Burns involving 60-69% of body surface', '1', '7', NULL, NULL, NULL, NULL, '2016-12-19 02:33:40', '2016-12-19 02:33:40'),
(1309, 40, 'T31.7', 'Burns involving 70-79% of body surface', '1', '7', NULL, NULL, NULL, NULL, '2016-12-19 02:33:40', '2016-12-19 02:33:40'),
(1310, 40, 'T31.8', 'Burns involving 80-89% of body surface', '1', '7', NULL, NULL, NULL, NULL, '2016-12-19 02:33:40', '2016-12-19 02:33:40'),
(1311, 40, 'T31.9', 'Burns involving 90% or more of body surface', '1', '7', NULL, NULL, NULL, NULL, '2016-12-19 02:33:40', '2016-12-19 02:33:40'),
(1312, 40, 'T32.0', 'Corrosions involving less than 10% of body surface', '1', '7', NULL, NULL, NULL, NULL, '2016-12-19 02:33:40', '2016-12-19 02:33:40'),
(1313, 40, 'T32.1', 'Corrosions involving 10-19% of body surface', '1', '7', NULL, NULL, NULL, NULL, '2016-12-19 02:33:40', '2016-12-19 02:33:40'),
(1314, 40, 'T32.2', 'Corrosions involving 20-29% of body surface', '1', '7', NULL, NULL, NULL, NULL, '2016-12-19 02:33:40', '2016-12-19 02:33:40'),
(1315, 40, 'T32.3', 'Corrosions involving 30-39% of body surface', '1', '7', NULL, NULL, NULL, NULL, '2016-12-19 02:33:40', '2016-12-19 02:33:40'),
(1316, 40, 'T32.4', 'Corrosions involving 40-49% of body surface', '1', '7', NULL, NULL, NULL, NULL, '2016-12-19 02:33:40', '2016-12-19 02:33:40'),
(1317, 40, 'T32.5', 'Corrosions involving 50-59% of body surface', '1', '7', NULL, NULL, NULL, NULL, '2016-12-19 02:33:40', '2016-12-19 02:33:40'),
(1318, 40, 'T32.6', 'Corrosions involving 60-69% of body surface', '1', '7', NULL, NULL, NULL, NULL, '2016-12-19 02:33:40', '2016-12-19 02:33:40'),
(1319, 40, 'T32.7', 'Corrosions involving 70-79% of body surface', '1', '7', NULL, NULL, NULL, NULL, '2016-12-19 02:33:40', '2016-12-19 02:33:40'),
(1320, 40, 'T32.8', 'Corrosions involving 80-89% of body surface', '1', '7', NULL, NULL, NULL, NULL, '2016-12-19 02:33:40', '2016-12-19 02:33:40'),
(1321, 40, 'T32.9', 'Corrosions involving 90% or more of body surface', '1', '7', NULL, NULL, NULL, NULL, '2016-12-19 02:33:40', '2016-12-19 02:33:40'),
(1322, 40, 'T79.0', 'Air embolism (traumatic', '1', '10', NULL, NULL, NULL, NULL, '2016-12-19 02:33:40', '2016-12-19 02:33:40'),
(1323, 40, 'T79.1', 'Fat embolism (traumatic)', '1', '10', NULL, NULL, NULL, NULL, '2016-12-19 02:33:40', '2016-12-19 02:33:40'),
(1324, 40, 'T79.2', 'Traumatic secondary and recurrent haemorrhage', '1', '10', NULL, NULL, NULL, NULL, '2016-12-19 02:33:40', '2016-12-19 02:33:40'),
(1325, 40, 'T79.3', 'Post-traumatic wound infection, not elsewhere classified', '1', '10', NULL, NULL, NULL, NULL, '2016-12-19 02:33:40', '2016-12-19 02:33:40'),
(1326, 40, 'T79.4', 'Traumatic shock', '1', '10', NULL, NULL, NULL, NULL, '2016-12-19 02:33:40', '2016-12-19 02:33:40'),
(1327, 40, 'T79.5', 'Traumatic anuria', '1', '10', NULL, NULL, NULL, NULL, '2016-12-19 02:33:40', '2016-12-19 02:33:40'),
(1328, 40, 'T79.6', 'Traumatic ischaemia of muscle', '1', '10', NULL, NULL, NULL, NULL, '2016-12-19 02:33:40', '2016-12-19 02:33:40'),
(1329, 40, 'T79.7', 'Traumatic subcutaneous emphysema', '1', '10', NULL, NULL, NULL, NULL, '2016-12-19 02:33:40', '2016-12-19 02:33:40'),
(1330, 40, 'T79.8', 'Other early complications of trauma', '1', '10', NULL, NULL, NULL, NULL, '2016-12-19 02:33:40', '2016-12-19 02:33:40'),
(1331, 40, 'T79.9', 'Unspecified early complication of trauma', '1', '10', NULL, NULL, NULL, NULL, '2016-12-19 02:33:40', '2016-12-19 02:33:40'),
(1332, 40, 'T80.0', 'Air embolism following infusion, transfusion and therapeutic injection', '1', '13', NULL, NULL, NULL, NULL, '2016-12-19 02:33:40', '2016-12-19 02:33:40'),
(1333, 40, 'T80.1', 'Vascular complications following infusion, transfusion and therapeutic injection', '1', '13', NULL, NULL, NULL, NULL, '2016-12-19 02:33:40', '2016-12-19 02:33:40'),
(1334, 40, 'T80.2', 'Infections following infusion, transfusion and therapeutic injection', '1', '13', NULL, NULL, NULL, NULL, '2016-12-19 02:33:40', '2016-12-19 02:33:40'),
(1335, 40, 'T80.3', 'ABO incompatibility reaction', '1', '13', NULL, NULL, NULL, NULL, '2016-12-19 02:33:40', '2016-12-19 02:33:40'),
(1336, 40, 'T80.4', 'Rh incompatibility reaction', '1', '13', NULL, NULL, NULL, NULL, '2016-12-19 02:33:40', '2016-12-19 02:33:40'),
(1337, 40, 'T80.5', 'Anaphylactic shock due to serum', '1', '13', NULL, NULL, NULL, NULL, '2016-12-19 02:33:40', '2016-12-19 02:33:40'),
(1338, 40, 'T80.6', 'Other serum reactions', '1', '13', NULL, NULL, NULL, NULL, '2016-12-19 02:33:40', '2016-12-19 02:33:40'),
(1339, 40, 'T80.8', 'Other complications following infusion, transfusion and therapeutic injection', '1', '13', NULL, NULL, NULL, NULL, '2016-12-19 02:33:40', '2016-12-19 02:33:40'),
(1340, 40, 'T80.9', 'Unspecified complication following infusion, transfusion and therapeutic injection', '1', '13', NULL, NULL, NULL, NULL, '2016-12-19 02:33:40', '2016-12-19 02:33:40'),
(1341, 40, 'T81.0', 'Haemorrhage and haematoma complicating a procedure, not elsewhere classified', '1', '13', NULL, NULL, NULL, NULL, '2016-12-19 02:33:40', '2016-12-19 02:33:40'),
(1342, 40, 'T81.1', 'Shock during or resulting from a procedure, not elsewhere classified', '1', '13', NULL, NULL, NULL, NULL, '2016-12-19 02:33:40', '2016-12-19 02:33:40'),
(1343, 40, 'T81.2', 'Accidental puncture and laceration during a procedure, not elsewhere classified', '1', '13', NULL, NULL, NULL, NULL, '2016-12-19 02:33:40', '2016-12-19 02:33:40'),
(1344, 40, 'T81.3', 'Disruption of operation wound, not elsewhere classified', '1', '13', NULL, NULL, NULL, NULL, '2016-12-19 02:33:40', '2016-12-19 02:33:40'),
(1345, 40, 'T81.4', 'Infection following a procedure, not elsewhere classified', '1', '13', NULL, NULL, NULL, NULL, '2016-12-19 02:33:40', '2016-12-19 02:33:40'),
(1346, 40, 'T81.5', 'Foreign body accidentally left in body cavity or operation wound following a procedure', '1', '13', NULL, NULL, NULL, NULL, '2016-12-19 02:33:40', '2016-12-19 02:33:40'),
(1347, 40, 'T81.6', 'Acute reaction to foreign substance accidentally left during a procedure', '1', '13', NULL, NULL, NULL, NULL, '2016-12-19 02:33:40', '2016-12-19 02:33:40'),
(1348, 40, 'T81.7', 'Vascular complications following a procedure, not elsewhere classified', '1', '13', NULL, NULL, NULL, NULL, '2016-12-19 02:33:40', '2016-12-19 02:33:40'),
(1349, 40, 'T81.8', 'Other complications of procedures, not elsewhere classified', '1', '13', NULL, NULL, NULL, NULL, '2016-12-19 02:33:40', '2016-12-19 02:33:40'),
(1350, 40, 'T81.9', 'Unspecified complication of procedure', '1', '13', NULL, NULL, NULL, NULL, '2016-12-19 02:33:40', '2016-12-19 02:33:40'),
(1351, 40, 'T84.0', 'Mechanical complication of internal joint prosthesis', '1', '13', NULL, NULL, NULL, NULL, '2016-12-19 02:33:40', '2016-12-19 02:33:40'),
(1352, 40, 'T84.1', 'Mechanical complication of internal fixation device of bones of limb', '1', '13', NULL, NULL, NULL, NULL, '2016-12-19 02:33:40', '2016-12-19 02:33:40'),
(1353, 40, 'T84.2', 'Mechanical complication of internal fixation device of other bones', '1', '13', NULL, NULL, NULL, NULL, '2016-12-19 02:33:40', '2016-12-19 02:33:40'),
(1354, 40, 'T84.3', 'Mechanical complication of other bone devices, implants and grafts', '1', '13', NULL, NULL, NULL, NULL, '2016-12-19 02:33:40', '2016-12-19 02:33:40'),
(1355, 40, 'T84.4', 'Mechanical complication of other internal orthopaedic devices, implants and grafts', '1', '13', NULL, NULL, NULL, NULL, '2016-12-19 02:33:40', '2016-12-19 02:33:40'),
(1356, 40, 'T84.5', 'Infection and inflammatory reaction due to internal joint prosthesis', '1', '13', NULL, NULL, NULL, NULL, '2016-12-19 02:33:40', '2016-12-19 02:33:40'),
(1357, 40, 'T84.6', 'Infection and inflammatory reaction due to internal fixation device [any site]', '1', '13', NULL, NULL, NULL, NULL, '2016-12-19 02:33:40', '2016-12-19 02:33:40'),
(1358, 40, 'T84.7', 'Infection and inflammatory reaction due to other internal orthopaedic prosthetic devices, implants and grafts', '1', '13', NULL, NULL, NULL, NULL, '2016-12-19 02:33:40', '2016-12-19 02:33:40'),
(1359, 40, 'T84.8', 'Other complications of internal orthopaedic prosthetic devices, implants and grafts', '1', '13', NULL, NULL, NULL, NULL, '2016-12-19 02:33:40', '2016-12-19 02:33:40'),
(1360, 40, 'T84.9', 'Unspecified complication of internal orthopaedic prosthetic device, implant and graft', '1', '13', NULL, NULL, NULL, NULL, '2016-12-19 02:33:40', '2016-12-19 02:33:40'),
(1361, 40, 'T86.0', 'Bone-marrow transplant rejection', '1', '13', NULL, NULL, NULL, NULL, '2016-12-19 02:33:40', '2016-12-19 02:33:40'),
(1362, 40, 'T87.0', 'Complications of reattached (part of) upper extremity', '1', '13', NULL, NULL, NULL, NULL, '2016-12-19 02:33:40', '2016-12-19 02:33:40'),
(1363, 40, 'T87.1', 'Complications of reattached (part of) lower extremity', '1', '13', NULL, NULL, NULL, NULL, '2016-12-19 02:33:40', '2016-12-19 02:33:40'),
(1364, 40, 'T87.2', 'Complications of other reattached body part', '1', '13', NULL, NULL, NULL, NULL, '2016-12-19 02:33:40', '2016-12-19 02:33:40'),
(1365, 40, 'T87.3', 'Neuroma of amputation stump', '1', '13', NULL, NULL, NULL, NULL, '2016-12-19 02:33:40', '2016-12-19 02:33:40'),
(1366, 40, 'T87.4', 'Infection of amputation stump', '1', '13', NULL, NULL, NULL, NULL, '2016-12-19 02:33:40', '2016-12-19 02:33:40'),
(1367, 40, 'T87.5', 'Necrosis of amputation stump', '1', '13', NULL, NULL, NULL, NULL, '2016-12-19 02:33:40', '2016-12-19 02:33:40'),
(1368, 40, 'T87.6', 'Other and unspecified complications of amputation stump', '1', '13', NULL, NULL, NULL, NULL, '2016-12-19 02:33:40', '2016-12-19 02:33:40'),
(1369, 40, 'T91.0', 'Sequelae of superficial injury and open wound of neck and trunk', '1', '59', NULL, NULL, NULL, NULL, '2016-12-19 02:33:40', '2016-12-19 02:33:40'),
(1370, 40, 'T91.1', 'Sequelae of fracture of spine', '1', '59', NULL, NULL, NULL, NULL, '2016-12-19 02:33:40', '2016-12-19 02:33:40'),
(1371, 40, 'T91.2', 'Sequelae of other fracture of thorax and pelvis', '1', '59', NULL, NULL, NULL, NULL, '2016-12-19 02:33:40', '2016-12-19 02:33:40'),
(1372, 40, 'T91.3', 'Sequelae of injury of spinal cord', '1', '59', NULL, NULL, NULL, NULL, '2016-12-19 02:33:40', '2016-12-19 02:33:40'),
(1373, 40, 'T91.4', 'Sequelae of injury of intrathoracic organs', '1', '59', NULL, NULL, NULL, NULL, '2016-12-19 02:33:40', '2016-12-19 02:33:40'),
(1374, 40, 'T91.5', 'Sequelae of injury of intra-abdominal and pelvic organs', '1', '59', NULL, NULL, NULL, NULL, '2016-12-19 02:33:40', '2016-12-19 02:33:40'),
(1375, 40, 'T91.8', 'Sequelae of other specified injuries of neck and trunk', '1', '59', NULL, NULL, NULL, NULL, '2016-12-19 02:33:40', '2016-12-19 02:33:40'),
(1376, 40, 'T91.9', 'Sequelae of unspecified injury of neck and trunk', '1', '59', NULL, NULL, NULL, NULL, '2016-12-19 02:33:40', '2016-12-19 02:33:40'),
(1377, 40, 'T92.0', 'Sequelae of open wound of upper limb', '1', '59', NULL, NULL, NULL, NULL, '2016-12-19 02:33:40', '2016-12-19 02:33:40'),
(1378, 40, 'T92.1', 'Sequelae of fracture of arm', '1', '59', NULL, NULL, NULL, NULL, '2016-12-19 02:33:40', '2016-12-19 02:33:40'),
(1379, 40, 'T92.2', 'Sequelae of fracture at wrist and hand level', '1', '59', NULL, NULL, NULL, NULL, '2016-12-19 02:33:40', '2016-12-19 02:33:40'),
(1380, 40, 'T92.3', 'Sequelae of dislocation, sprain and strain of upper limb', '1', '59', NULL, NULL, NULL, NULL, '2016-12-19 02:33:40', '2016-12-19 02:33:40'),
(1381, 40, 'T92.4', 'Sequelae of injury of nerve of upper limb', '1', '59', NULL, NULL, NULL, NULL, '2016-12-19 02:33:40', '2016-12-19 02:33:40'),
(1382, 40, 'T92.5', 'Sequelae of injury of muscle and tendon of upper limb', '1', '59', NULL, NULL, NULL, NULL, '2016-12-19 02:33:40', '2016-12-19 02:33:40'),
(1383, 40, 'T92.6', 'Sequelae of crushing injury and traumatic amputation of upper limb', '1', '59', NULL, NULL, NULL, NULL, '2016-12-19 02:33:40', '2016-12-19 02:33:40'),
(1384, 40, 'T92.8', 'Sequelae of other specified injuries of upper limb', '1', '59', NULL, NULL, NULL, NULL, '2016-12-19 02:33:40', '2016-12-19 02:33:40'),
(1385, 40, 'T92.9', 'Sequelae of unspecified injury of upper limb', '1', '59', NULL, NULL, NULL, NULL, '2016-12-19 02:33:40', '2016-12-19 02:33:40'),
(1386, 40, 'T93.0', 'Sequelae of open wound of lower limb', '1', '59', NULL, NULL, NULL, NULL, '2016-12-19 02:33:40', '2016-12-19 02:33:40'),
(1387, 40, 'T93.1', 'Sequelae of fracture of femur', '1', '59', NULL, NULL, NULL, NULL, '2016-12-19 02:33:40', '2016-12-19 02:33:40'),
(1388, 40, 'T93.2', 'Sequelae of other fractures of lower limb', '1', '59', NULL, NULL, NULL, NULL, '2016-12-19 02:33:40', '2016-12-19 02:33:40'),
(1389, 40, 'T93.3', 'Sequelae of dislocation, sprain and strain of lower limb', '1', '59', NULL, NULL, NULL, NULL, '2016-12-19 02:33:40', '2016-12-19 02:33:40'),
(1390, 40, 'T93.4', 'Sequelae of injury of nerve of lower limb', '1', '59', NULL, NULL, NULL, NULL, '2016-12-19 02:33:40', '2016-12-19 02:33:40'),
(1391, 40, 'T93.5', 'Sequelae of injury of muscle and tendon of lower limb', '1', '59', NULL, NULL, NULL, NULL, '2016-12-19 02:33:40', '2016-12-19 02:33:40'),
(1392, 40, 'T93.6', 'Sequelae of crushing injury and traumatic amputation of lower limb', '1', '59', NULL, NULL, NULL, NULL, '2016-12-19 02:33:40', '2016-12-19 02:33:40'),
(1393, 40, 'T93.8', 'Sequelae of other specified injuries of lower limb', '1', '59', NULL, NULL, NULL, NULL, '2016-12-19 02:33:40', '2016-12-19 02:33:40'),
(1394, 40, 'T93.9', 'Sequelae of unspecified injury of lower limb', '1', '59', NULL, NULL, NULL, NULL, '2016-12-19 02:33:40', '2016-12-19 02:33:40'),
(1395, 46, 'C40.0', ' Scapula and long bones of upper limb', '1', '42', NULL, NULL, NULL, NULL, '2016-12-19 02:33:40', '2016-12-19 02:33:40');
INSERT INTO `icds` (`id`, `icdCategoriesID`, `code`, `description`, `version`, `subIcdCategories1ID`, `subIcdCategories2ID`, `subIcdCategories3ID`, `subIcdCategories4ID`, `deleted_at`, `created_at`, `updated_at`) VALUES
(1396, 46, 'C40.1', ' Short bones of upper limb', '1', '42', NULL, NULL, NULL, NULL, '2016-12-19 02:33:40', '2016-12-19 02:33:40'),
(1397, 46, 'C40.2', 'Long bones of lower limb', '1', '41', NULL, NULL, NULL, NULL, '2016-12-19 02:33:40', '2016-12-19 02:33:40'),
(1398, 46, 'C40.3', 'Short bones of lower limb', '1', '42', NULL, NULL, NULL, NULL, '2016-12-19 02:33:40', '2016-12-19 02:33:40'),
(1399, 46, 'C40.8', 'Overlapping lesion of bone and articular cartilage of limbs', '1', '42', NULL, NULL, NULL, NULL, '2016-12-19 02:33:40', '2016-12-19 02:33:40'),
(1400, 46, 'C40.9', 'Bone and articular cartilage of limb, unspecified ', '1', '42', NULL, NULL, NULL, NULL, '2016-12-19 02:33:40', '2016-12-19 02:33:40'),
(1401, 46, 'C41.0', 'Bones of skull and face', '1', '42', NULL, NULL, NULL, NULL, '2016-12-19 02:33:40', '2016-12-19 02:33:40'),
(1402, 46, 'C41.1', 'Mandible', '1', '42', NULL, NULL, NULL, NULL, '2016-12-19 02:33:40', '2016-12-19 02:33:40'),
(1403, 46, 'C41.2', 'Vertebral column ', '1', '42', NULL, NULL, NULL, NULL, '2016-12-19 02:33:40', '2016-12-19 02:33:40'),
(1404, 41, 'C41.3', 'Ribs, sternum and clavicle', '1', '0', NULL, NULL, NULL, NULL, '2016-12-19 02:33:40', '2016-12-19 02:33:40'),
(1405, 46, 'C41.4', 'Pelvic bones, sacrum and coccyx', '1', '42', NULL, NULL, NULL, NULL, '2016-12-19 02:33:40', '2016-12-19 02:33:40'),
(1406, 44, 'C41.8', 'Overlapping lesion of bone and articular cartilage', '1', '42', NULL, NULL, NULL, NULL, '2016-12-19 02:33:40', '2016-12-19 02:33:40'),
(1407, 46, 'C41.9', 'Bone and articular cartilage, unspecified', '1', '42', NULL, NULL, NULL, NULL, '2016-12-19 02:33:40', '2016-12-19 02:33:40'),
(1408, 46, 'C47.0', 'Peripheral nerves of head, face and neck', '1', '42', NULL, NULL, NULL, NULL, '2016-12-19 02:33:40', '2016-12-19 02:33:40'),
(1409, 46, 'C47.1', 'Peripheral nerves of upper limb, including shoulder', '1', '42', NULL, NULL, NULL, NULL, '2016-12-19 02:33:40', '2016-12-19 02:33:40'),
(1410, 46, 'C47.2', 'Peripheral nerves of lower limb, including hip', '1', '42', NULL, NULL, NULL, NULL, '2016-12-19 02:33:40', '2016-12-19 02:33:40'),
(1411, 46, 'C47.3', 'Peripheral nerves of thorax', '1', '42', NULL, NULL, NULL, NULL, '2016-12-19 02:33:40', '2016-12-19 02:33:40'),
(1412, 46, 'C47.4', 'Peripheral nerves of abdomen', '1', '42', NULL, NULL, NULL, NULL, '2016-12-19 02:33:40', '2016-12-19 02:33:40'),
(1413, 46, 'C47.5', 'Peripheral nerves of pelvis', '1', '42', NULL, NULL, NULL, NULL, '2016-12-19 02:33:40', '2016-12-19 02:33:40'),
(1414, 46, 'C47.6', 'Peripheral nerves of trunk, unspecified', '1', '42', NULL, NULL, NULL, NULL, '2016-12-19 02:33:40', '2016-12-19 02:33:40'),
(1415, 46, 'C47.8', 'Overlapping lesion of peripheral nerves and autonomic nervous system', '1', '42', NULL, NULL, NULL, NULL, '2016-12-19 02:33:40', '2016-12-19 02:33:40'),
(1416, 46, 'C47.9', 'Peripheral nerves and autonomic nervous system, unspecified', '1', '42', NULL, NULL, NULL, NULL, '2016-12-19 02:33:40', '2016-12-19 02:33:40'),
(1417, 46, 'C49.0', 'Connective and soft tissue of head, face and neck', '1', '42', NULL, NULL, NULL, NULL, '2016-12-19 02:33:40', '2016-12-19 02:33:40'),
(1418, 46, 'C49.1', 'Connective and soft tissue of upper limb, including shoulder', '1', '42', NULL, NULL, NULL, NULL, '2016-12-19 02:33:40', '2016-12-19 02:33:40'),
(1419, 46, 'C49.2', 'Connective and soft tissue of lower limb, including hip', '1', '42', NULL, NULL, NULL, NULL, '2016-12-19 02:33:40', '2016-12-19 02:33:40'),
(1420, 46, 'C49.3', 'Connective and soft tissue of thorax', '1', '42', NULL, NULL, NULL, NULL, '2016-12-19 02:33:40', '2016-12-19 02:33:40'),
(1421, 46, 'C49.4', 'Connective and soft tissue of abdomen', '1', '42', NULL, NULL, NULL, NULL, '2016-12-19 02:33:40', '2016-12-19 02:33:40'),
(1422, 46, 'C49.5', 'Connective and soft tissue of pelvis', '1', '42', NULL, NULL, NULL, NULL, '2016-12-19 02:33:40', '2016-12-19 02:33:40'),
(1423, 44, 'C49.6', 'Connective and soft tissue of trunk, unspecified', '1', '42', NULL, NULL, NULL, NULL, '2016-12-19 02:33:40', '2016-12-19 02:33:40'),
(1424, 46, 'C49.8', 'Overlapping lesion of connective and soft tissue', '1', '42', NULL, NULL, NULL, NULL, '2016-12-19 02:33:40', '2016-12-19 02:33:40'),
(1425, 46, 'C49.9', 'Connective and soft tissue, unspecified', '1', '42', NULL, NULL, NULL, NULL, '2016-12-19 02:33:40', '2016-12-19 02:33:40'),
(1426, 46, 'C72.0', 'Spinal cord', '1', '42', NULL, NULL, NULL, NULL, '2016-12-19 02:33:40', '2016-12-19 02:33:40'),
(1427, 46, 'C72.1', 'Cauda equina', '1', '42', NULL, NULL, NULL, NULL, '2016-12-19 02:33:40', '2016-12-19 02:33:40'),
(1428, 46, 'C72.2', 'Olfactory nerve', '1', '42', NULL, NULL, NULL, NULL, '2016-12-19 02:33:40', '2016-12-19 02:33:40'),
(1429, 46, 'C72.3', 'Optic nerve', '1', '42', NULL, NULL, NULL, NULL, '2016-12-19 02:33:40', '2016-12-19 02:33:40'),
(1430, 46, 'C72.4', 'Acoustic nerve', '1', '42', NULL, NULL, NULL, NULL, '2016-12-19 02:33:40', '2016-12-19 02:33:40'),
(1431, 46, 'C72.5', 'Other and unspecified cranial nerves', '1', '42', NULL, NULL, NULL, NULL, '2016-12-19 02:33:40', '2016-12-19 02:33:40'),
(1432, 46, 'C72.8', 'Overlapping lesion of brain and other parts of central nervous system', '1', '42', NULL, NULL, NULL, NULL, '2016-12-19 02:33:40', '2016-12-19 02:33:40'),
(1433, 46, 'C72.9', 'Central nervous system, unspecified', '1', '42', NULL, NULL, NULL, NULL, '2016-12-19 02:33:40', '2016-12-19 02:33:40'),
(1434, 46, 'D04.0', 'Skin of lip', '1', '25', NULL, NULL, NULL, NULL, '2016-12-19 02:33:40', '2016-12-19 02:33:40'),
(1435, 46, 'D04.1', 'Skin of eyelid, including canthus', '1', '25', NULL, NULL, NULL, NULL, '2016-12-19 02:33:40', '2016-12-19 02:33:40'),
(1436, 46, 'D04.2', 'Skin of ear and external auricular canal', '1', '25', NULL, NULL, NULL, NULL, '2016-12-19 02:33:40', '2016-12-19 02:33:40'),
(1437, 46, 'D04.3', 'Skin of other and unspecified parts of face', '1', '25', NULL, NULL, NULL, NULL, '2016-12-19 02:33:40', '2016-12-19 02:33:40'),
(1438, 46, 'D04.4', 'Skin of scalp and neck', '1', '25', NULL, NULL, NULL, NULL, '2016-12-19 02:33:40', '2016-12-19 02:33:40'),
(1439, 26, 'D04.5', 'Skin of trunk', '1', '0', NULL, NULL, NULL, NULL, '2016-12-19 02:33:40', '2016-12-19 02:33:40'),
(1440, 26, 'D04.6', 'Skin of upper limb, including shoulder', '1', '0', NULL, NULL, NULL, NULL, '2016-12-19 02:33:40', '2016-12-19 02:33:40'),
(1441, 46, 'D04.7', 'Skin of lower limb, including hip', '1', '25', NULL, NULL, NULL, NULL, '2016-12-19 02:33:40', '2016-12-19 02:33:40'),
(1442, 46, 'D04.8', 'Skin of other sites', '1', '25', NULL, NULL, NULL, NULL, '2016-12-19 02:33:40', '2016-12-19 02:33:40'),
(1443, 46, 'D04.9', 'Skin, unspecified', '1', '25', NULL, NULL, NULL, NULL, '2016-12-19 02:33:40', '2016-12-19 02:33:40'),
(1444, 46, 'D16.0', 'Scapula and long bones of upper limb', '1', '4', NULL, NULL, NULL, NULL, '2016-12-19 02:33:40', '2016-12-19 02:33:40'),
(1445, 46, 'D16.1', 'Short bones of upper limb', '1', '4', NULL, NULL, NULL, NULL, '2016-12-19 02:33:40', '2016-12-19 02:33:40'),
(1446, 46, 'D16.2', 'Long bones of lower limb', '1', '4', NULL, NULL, NULL, NULL, '2016-12-19 02:33:40', '2016-12-19 02:33:40'),
(1447, 46, 'D16.3', 'Short bones of lower limb', '1', '4', NULL, NULL, NULL, NULL, '2016-12-19 02:33:40', '2016-12-19 02:33:40'),
(1448, 46, 'D16.4', 'Bones of skull and face', '1', '4', NULL, NULL, NULL, NULL, '2016-12-19 02:33:40', '2016-12-19 02:33:40'),
(1449, 46, 'D16.5', 'Lower jaw bone', '1', '4', NULL, NULL, NULL, NULL, '2016-12-19 02:33:40', '2016-12-19 02:33:40'),
(1450, 46, 'D16.6', 'Vertebral column', '1', '4', NULL, NULL, NULL, NULL, '2016-12-19 02:33:40', '2016-12-19 02:33:40'),
(1451, 46, 'D16.7', 'Ribs, sternum and clavicle', '1', '4', NULL, NULL, NULL, NULL, '2016-12-19 02:33:40', '2016-12-19 02:33:40'),
(1452, 46, 'D16.8', 'Pelvic bones, sacrum and coccyx', '1', '4', NULL, NULL, NULL, NULL, '2016-12-19 02:33:40', '2016-12-19 02:33:40'),
(1453, 46, 'D16.9', 'Bone and articular cartilage, unspecified', '1', '4', NULL, NULL, NULL, NULL, '2016-12-19 02:33:40', '2016-12-19 02:33:40'),
(1454, 46, 'D17.0', 'Benign lipomatous neoplasm of skin and subcutaneous tissue of head, face and neck', '1', '4', NULL, NULL, NULL, NULL, '2016-12-19 02:33:40', '2016-12-19 02:33:40'),
(1455, 46, 'D17.1', 'Benign lipomatous neoplasm of skin and subcutaneous tissue of trunk', '1', '4', NULL, NULL, NULL, NULL, '2016-12-19 02:33:40', '2016-12-19 02:33:40'),
(1456, 46, 'D17.2', 'Benign lipomatous neoplasm of skin and subcutaneous tissue of limbs', '1', '4', NULL, NULL, NULL, NULL, '2016-12-19 02:33:40', '2016-12-19 02:33:40'),
(1457, 46, 'D17.3', 'Benign lipomatous neoplasm of skin and subcutaneous tissue of other and unspecified sites', '1', '4', NULL, NULL, NULL, NULL, '2016-12-19 02:33:40', '2016-12-19 02:33:40'),
(1458, 46, 'D17.7', 'Benign lipomatous neoplasm of other sites', '1', '4', NULL, NULL, NULL, NULL, '2016-12-19 02:33:40', '2016-12-19 02:33:40'),
(1459, 46, 'D17.9', 'Benign lipomatous neoplasm, unspecified', '1', '4', NULL, NULL, NULL, NULL, '2016-12-19 02:33:40', '2016-12-19 02:33:40'),
(1460, 46, 'D18.0', 'Haemangioma, any site', '1', '4', NULL, NULL, NULL, NULL, '2016-12-19 02:33:40', '2016-12-19 02:33:40'),
(1461, 46, 'D18.1', 'Lymphangioma, any site', '1', '4', NULL, NULL, NULL, NULL, '2016-12-19 02:33:40', '2016-12-19 02:33:40'),
(1462, 46, 'D21.0', 'Connective and other soft tissue of head, face and neck', '1', '4', NULL, NULL, NULL, NULL, '2016-12-19 02:33:40', '2016-12-19 02:33:40'),
(1463, 46, 'D21.1', 'Connective and other soft tissue of upper limb, including shoulder', '1', '4', NULL, NULL, NULL, NULL, '2016-12-19 02:33:40', '2016-12-19 02:33:40'),
(1464, 46, 'D21.2', 'Connective and other soft tissue of lower limb, including hip', '1', '4', NULL, NULL, NULL, NULL, '2016-12-19 02:33:40', '2016-12-19 02:33:40'),
(1465, 46, 'D21.3', 'Connective and other soft tissue of thorax Axilla', '1', '4', NULL, NULL, NULL, NULL, '2016-12-19 02:33:40', '2016-12-19 02:33:40'),
(1466, 46, 'D21.4', 'Connective and other soft tissue of abdomen', '1', '4', NULL, NULL, NULL, NULL, '2016-12-19 02:33:40', '2016-12-19 02:33:40'),
(1467, 46, 'D21.5', 'Connective and other soft tissue of pelvis', '1', '4', NULL, NULL, NULL, NULL, '2016-12-19 02:33:40', '2016-12-19 02:33:40'),
(1468, 46, 'D21.6', 'Connective and other soft tissue of trunk, unspecified', '1', '4', NULL, NULL, NULL, NULL, '2016-12-19 02:33:40', '2016-12-19 02:33:40'),
(1469, 46, 'D21.9', 'Connective and other soft tissue, unspecified', '1', '4', NULL, NULL, NULL, NULL, '2016-12-19 02:33:40', '2016-12-19 02:33:40'),
(1470, 46, 'D23.5', 'Skin of trunk', '1', '4', NULL, NULL, NULL, NULL, '2016-12-19 02:33:40', '2016-12-19 02:33:40'),
(1471, 46, 'D23.6', 'Skin of upper limb, including shoulder', '1', '4', NULL, NULL, NULL, NULL, '2016-12-19 02:33:40', '2016-12-19 02:33:40'),
(1472, 3, 'D23.7', 'Skin of lower limb, including hip', '1', '0', NULL, NULL, NULL, NULL, '2016-12-19 02:33:40', '2016-12-19 02:33:40'),
(1473, 3, 'D23.9', 'Skin, unspecified', '1', '0', NULL, NULL, NULL, NULL, '2016-12-19 02:33:40', '2016-12-19 02:33:40'),
(1474, 46, 'D48.0', 'Bone and articular cartilage', '1', '45', NULL, NULL, NULL, NULL, '2016-12-19 02:33:40', '2016-12-19 02:33:40'),
(1475, 46, 'D48.1', 'Connective and other soft tissue', '1', '45', NULL, NULL, NULL, NULL, '2016-12-19 02:33:40', '2016-12-19 02:33:40'),
(1476, 46, 'D48.2', 'Peripheral nerves and autonomic nervous system', '1', '45', NULL, NULL, NULL, NULL, '2016-12-19 02:33:40', '2016-12-19 02:33:40'),
(1477, 16, 'Q05.0', 'Cervical spina bifida with hydrocephalus', '1', '15', NULL, NULL, NULL, NULL, '2016-12-19 02:33:40', '2016-12-19 02:33:40'),
(1478, 16, 'Q05.1', 'Thoracic spina bifida with hydrocephalus', '1', '15', NULL, NULL, NULL, NULL, '2016-12-19 02:33:40', '2016-12-19 02:33:40'),
(1479, 16, 'Q05.2', 'Lumbar spina bifida with hydrocephalus', '1', '15', NULL, NULL, NULL, NULL, '2016-12-19 02:33:40', '2016-12-19 02:33:40'),
(1480, 16, 'Q05.3', 'Sacral spina bifida with hydrocephalus', '1', '15', NULL, NULL, NULL, NULL, '2016-12-19 02:33:40', '2016-12-19 02:33:40'),
(1481, 16, 'Q05.4', 'Unspecified spina bifida with hydrocephalus', '1', '15', NULL, NULL, NULL, NULL, '2016-12-19 02:33:40', '2016-12-19 02:33:40'),
(1482, 16, 'Q05.5', 'Cervical spina bifida without hydrocephalus', '1', '15', NULL, NULL, NULL, NULL, '2016-12-19 02:33:40', '2016-12-19 02:33:40'),
(1483, 16, 'Q05.6', 'Thoracic spina bifida without hydrocephalus', '1', '15', NULL, NULL, NULL, NULL, '2016-12-19 02:33:40', '2016-12-19 02:33:40'),
(1484, 16, 'Q05.7', 'Lumbar spina bifida without hydrocephalus', '1', '15', NULL, NULL, NULL, NULL, '2016-12-19 02:33:40', '2016-12-19 02:33:40'),
(1485, 16, 'Q05.8', 'Sacral spina bifida without hydrocephalus', '1', '15', NULL, NULL, NULL, NULL, '2016-12-19 02:33:40', '2016-12-19 02:33:40'),
(1486, 16, 'Q05.9', 'Spina bifida, unspecified', '1', '15', NULL, NULL, NULL, NULL, '2016-12-19 02:33:40', '2016-12-19 02:33:40'),
(1487, 16, 'Q06.0', 'Amyelia', '1', '15', NULL, NULL, NULL, NULL, '2016-12-19 02:33:40', '2016-12-19 02:33:40'),
(1488, 16, 'Q06.1', 'Hypoplasia and dysplasia of spinal cord', '1', '15', NULL, NULL, NULL, NULL, '2016-12-19 02:33:40', '2016-12-19 02:33:40'),
(1489, 16, 'Q06.2', 'Diastematomyelia', '1', '15', NULL, NULL, NULL, NULL, '2016-12-19 02:33:40', '2016-12-19 02:33:40'),
(1490, 16, 'Q06.3', 'Other congenital cauda equina malformations', '1', '15', NULL, NULL, NULL, NULL, '2016-12-19 02:33:40', '2016-12-19 02:33:40'),
(1491, 16, 'Q06.4', 'Hydromyelia', '1', '15', NULL, NULL, NULL, NULL, '2016-12-19 02:33:40', '2016-12-19 02:33:40'),
(1492, 16, 'Q06.8', 'Other specified congenital malformations of spinal cord', '1', '15', NULL, NULL, NULL, NULL, '2016-12-19 02:33:40', '2016-12-19 02:33:40'),
(1493, 16, 'Q06.9', 'Congenital malformation of spinal cord, unspecified', '1', '15', NULL, NULL, NULL, NULL, '2016-12-19 02:33:40', '2016-12-19 02:33:40'),
(1494, 16, 'Q07.0', 'Arnold-Chiari syndrome', '1', '15', NULL, NULL, NULL, NULL, '2016-12-19 02:33:40', '2016-12-19 02:33:40'),
(1495, 16, 'Q07.8', 'Other specified congenital malformations of nervous system', '1', '15', NULL, NULL, NULL, NULL, '2016-12-19 02:33:40', '2016-12-19 02:33:40'),
(1496, 16, 'Q07.9', 'Congenital malformation of nervous system, unspecified', '1', '15', NULL, NULL, NULL, NULL, '2016-12-19 02:33:40', '2016-12-19 02:33:40'),
(1497, 14, 'Q65.0', 'Congenital dislocation of hip, unilateral', '1', '0', NULL, NULL, NULL, NULL, '2016-12-19 02:33:40', '2016-12-19 02:33:40'),
(1498, 14, 'Q65.1', 'Congenital dislocation of hip, bilateral', '1', '14', NULL, NULL, NULL, NULL, '2016-12-19 02:33:40', '2016-12-19 02:33:40'),
(1499, 14, 'Q65.2', 'Congenital dislocation of hip, unspecified', '1', '14', NULL, NULL, NULL, NULL, '2016-12-19 02:33:40', '2016-12-19 02:33:40'),
(1500, 14, 'Q65.3', 'Congenital subluxation of hip, unilateral', '1', '14', NULL, NULL, NULL, NULL, '2016-12-19 02:33:40', '2016-12-19 02:33:40'),
(1501, 14, 'Q65.4', 'Congenital subluxation of hip, bilateral', '1', '14', NULL, NULL, NULL, NULL, '2016-12-19 02:33:40', '2016-12-19 02:33:40'),
(1502, 14, 'Q65.5', 'Congenital subluxation of hip, unspecified', '1', '14', NULL, NULL, NULL, NULL, '2016-12-19 02:33:40', '2016-12-19 02:33:40'),
(1503, 14, 'Q65.6', 'Unstable hip', '1', '14', NULL, NULL, NULL, NULL, '2016-12-19 02:33:40', '2016-12-19 02:33:40'),
(1504, 16, 'Q65.8', 'Other congenital deformities of hip', '1', '14', NULL, NULL, NULL, NULL, '2016-12-19 02:33:40', '2016-12-19 02:33:40'),
(1505, 16, 'Q65.9', 'Congenital deformity of hip, unspecified', '1', '14', NULL, NULL, NULL, NULL, '2016-12-19 02:33:40', '2016-12-19 02:33:40'),
(1506, 16, 'Q66.0', 'Talipes equinovarus', '1', '14', NULL, NULL, NULL, NULL, '2016-12-19 02:33:40', '2016-12-19 02:33:40'),
(1507, 16, 'Q66.1', 'Talipes calcaneovarus', '1', '14', NULL, NULL, NULL, NULL, '2016-12-19 02:33:40', '2016-12-19 02:33:40'),
(1508, 16, 'Q66.2', 'Metatarsus varus', '1', '14', NULL, NULL, NULL, NULL, '2016-12-19 02:33:40', '2016-12-19 02:33:40'),
(1509, 16, 'Q66.3', 'Other congenital varus deformities of feet', '1', '14', NULL, NULL, NULL, NULL, '2016-12-19 02:33:40', '2016-12-19 02:33:40'),
(1510, 16, 'Q66.4', 'Talipes calcaneovalgus', '1', '14', NULL, NULL, NULL, NULL, '2016-12-19 02:33:40', '2016-12-19 02:33:40'),
(1511, 16, 'Q66.5', 'Congenital pes planus', '1', '14', NULL, NULL, NULL, NULL, '2016-12-19 02:33:40', '2016-12-19 02:33:40'),
(1512, 16, 'Q66.6', 'Other congenital valgus deformities of feet', '1', '14', NULL, NULL, NULL, NULL, '2016-12-19 02:33:40', '2016-12-19 02:33:40'),
(1513, 16, 'Q66.7', 'Pes cavus', '1', '14', NULL, NULL, NULL, NULL, '2016-12-19 02:33:40', '2016-12-19 02:33:40'),
(1514, 16, 'Q66.8', 'Other congenital deformities of feet', '1', '14', NULL, NULL, NULL, NULL, '2016-12-19 02:33:40', '2016-12-19 02:33:40'),
(1515, 16, 'Q66.9', 'Congenital deformity of feet, unspecified', '1', '14', NULL, NULL, NULL, NULL, '2016-12-19 02:33:40', '2016-12-19 02:33:40'),
(1516, 16, 'Q67.0', 'Facial asymmetry', '1', '14', NULL, NULL, NULL, NULL, '2016-12-19 02:33:40', '2016-12-19 02:33:40'),
(1517, 14, 'Q67.1', 'Compression facies', '1', '14', NULL, NULL, NULL, NULL, '2016-12-19 02:33:40', '2016-12-19 02:33:40'),
(1518, 16, 'Q67.2', 'Dolichocephaly', '1', '14', NULL, NULL, NULL, NULL, '2016-12-19 02:33:40', '2016-12-19 02:33:40'),
(1519, 16, 'Q67.3', 'Plagiocephaly', '1', '14', NULL, NULL, NULL, NULL, '2016-12-19 02:33:40', '2016-12-19 02:33:40'),
(1520, 16, 'Q67.4', 'Other congenital deformities of skull, face and jaw', '1', '14', NULL, NULL, NULL, NULL, '2016-12-19 02:33:40', '2016-12-19 02:33:40'),
(1521, 16, 'Q67.5', 'Congenital deformity of spine', '1', '14', NULL, NULL, NULL, NULL, '2016-12-19 02:33:40', '2016-12-19 02:33:40'),
(1522, 16, 'Q67.6', 'Pectus excavatum', '1', '14', NULL, NULL, NULL, NULL, '2016-12-19 02:33:40', '2016-12-19 02:33:40'),
(1523, 16, 'Q67.7', 'Pectus carinatum', '1', '14', NULL, NULL, NULL, NULL, '2016-12-19 02:33:40', '2016-12-19 02:33:40'),
(1524, 16, 'Q67.8', 'Other congenital deformities of chest', '1', '14', NULL, NULL, NULL, NULL, '2016-12-19 02:33:40', '2016-12-19 02:33:40'),
(1525, 14, 'Q68.0', 'Congenital deformity of sternocleidomastoid muscle', '1', '14', NULL, NULL, NULL, NULL, '2016-12-19 02:33:40', '2016-12-19 02:33:40'),
(1526, 14, 'Q68.1', 'Congenital deformity of hand', '1', '14', NULL, NULL, NULL, NULL, '2016-12-19 02:33:40', '2016-12-19 02:33:40'),
(1527, 14, 'Q68.2', 'Congenital deformity of knee', '1', '14', NULL, NULL, NULL, NULL, '2016-12-19 02:33:40', '2016-12-19 02:33:40'),
(1528, 16, 'Q68.3', 'Congenital bowing of femur', '1', '14', NULL, NULL, NULL, NULL, '2016-12-19 02:33:40', '2016-12-19 02:33:40'),
(1529, 16, 'Q68.4', 'Congenital bowing of tibia and fibula', '1', '14', NULL, NULL, NULL, NULL, '2016-12-19 02:33:40', '2016-12-19 02:33:40'),
(1530, 16, 'Q68.5', 'Congenital bowing of long bones of leg, unspecified', '1', '14', NULL, NULL, NULL, NULL, '2016-12-19 02:33:40', '2016-12-19 02:33:40'),
(1531, 16, 'Q68.8', 'Other specified congenital musculoskeletal deformities', '1', '14', NULL, NULL, NULL, NULL, '2016-12-19 02:33:40', '2016-12-19 02:33:40'),
(1532, 16, 'Q69.0', 'Accessory finger(s)', '1', '14', NULL, NULL, NULL, NULL, '2016-12-19 02:33:40', '2016-12-19 02:33:40'),
(1533, 16, 'Q69.1', 'Accessory thumb(s)', '1', '14', NULL, NULL, NULL, NULL, '2016-12-19 02:33:40', '2016-12-19 02:33:40'),
(1534, 16, 'Q69.2', 'Accessory toe(s)', '1', '14', NULL, NULL, NULL, NULL, '2016-12-19 02:33:40', '2016-12-19 02:33:40'),
(1535, 16, 'Q69.9', 'Polydactyly, unspecified', '1', '14', NULL, NULL, NULL, NULL, '2016-12-19 02:33:40', '2016-12-19 02:33:40'),
(1536, 16, 'Q70.0', 'Fused fingers', '1', '14', NULL, NULL, NULL, NULL, '2016-12-19 02:33:40', '2016-12-19 02:33:40'),
(1537, 16, 'Q70.1', 'Webbed fingers', '1', '14', NULL, NULL, NULL, NULL, '2016-12-19 02:33:40', '2016-12-19 02:33:40'),
(1538, 16, 'Q70.2', 'Fused toes', '1', '14', NULL, NULL, NULL, NULL, '2016-12-19 02:33:40', '2016-12-19 02:33:40'),
(1539, 16, 'Q70.3', 'Webbed toes', '1', '14', NULL, NULL, NULL, NULL, '2016-12-19 02:33:40', '2016-12-19 02:33:40'),
(1540, 16, 'Q70.4', 'Polysyndactyly', '1', '14', NULL, NULL, NULL, NULL, '2016-12-19 02:33:40', '2016-12-19 02:33:40'),
(1541, 16, 'Q70.9', 'Syndactyly, unspecified', '1', '14', NULL, NULL, NULL, NULL, '2016-12-19 02:33:40', '2016-12-19 02:33:40'),
(1542, 16, 'Q71.0', 'Congenital complete absence of upper limb(s)', '1', '14', NULL, NULL, NULL, NULL, '2016-12-19 02:33:40', '2016-12-19 02:33:40'),
(1543, 16, 'Q71.1', 'Congenital absence of upper arm and forearm with hand present', '1', '14', NULL, NULL, NULL, NULL, '2016-12-19 02:33:40', '2016-12-19 02:33:40'),
(1544, 16, 'Q71.2', 'Congenital absence of both forearm and hand', '1', '14', NULL, NULL, NULL, NULL, '2016-12-19 02:33:40', '2016-12-19 02:33:40'),
(1545, 16, 'Q71.3', 'Congenital absence of hand and finger(s)', '1', '14', NULL, NULL, NULL, NULL, '2016-12-19 02:33:40', '2016-12-19 02:33:40'),
(1546, 16, 'Q71.4', 'Longitudinal reduction defect of radius', '1', '14', NULL, NULL, NULL, NULL, '2016-12-19 02:33:40', '2016-12-19 02:33:40'),
(1547, 16, 'Q71.5', 'Longitudinal reduction defect of ulna', '1', '14', NULL, NULL, NULL, NULL, '2016-12-19 02:33:40', '2016-12-19 02:33:40'),
(1548, 16, 'Q71.6', 'Lobster-claw hand', '1', '14', NULL, NULL, NULL, NULL, '2016-12-19 02:33:40', '2016-12-19 02:33:40'),
(1549, 16, 'Q71.8', 'Other reduction defects of upper limb(s)', '1', '14', NULL, NULL, NULL, NULL, '2016-12-19 02:33:40', '2016-12-19 02:33:40'),
(1550, 16, 'Q71.9', 'Reduction defect of upper limb, unspecified', '1', '14', NULL, NULL, NULL, NULL, '2016-12-19 02:33:40', '2016-12-19 02:33:40'),
(1551, 16, 'Q72.0', 'Congenital complete absence of lower limb(s)', '1', '14', NULL, NULL, NULL, NULL, '2016-12-19 02:33:40', '2016-12-19 02:33:40'),
(1552, 16, 'Q72.1', 'Congenital absence of thigh and lower leg with foot present', '1', '14', NULL, NULL, NULL, NULL, '2016-12-19 02:33:40', '2016-12-19 02:33:40'),
(1553, 16, 'Q72.2', 'Congenital absence of both lower leg and foot', '1', '14', NULL, NULL, NULL, NULL, '2016-12-19 02:33:40', '2016-12-19 02:33:40'),
(1554, 16, 'Q72.3', 'Congenital absence of foot and toe(s)', '1', '14', NULL, NULL, NULL, NULL, '2016-12-19 02:33:40', '2016-12-19 02:33:40'),
(1555, 16, 'Q72.4', 'Longitudinal reduction defect of femur', '1', '14', NULL, NULL, NULL, NULL, '2016-12-19 02:33:40', '2016-12-19 02:33:40'),
(1556, 16, 'Q72.5', 'Longitudinal reduction defect of tibia', '1', '14', NULL, NULL, NULL, NULL, '2016-12-19 02:33:40', '2016-12-19 02:33:40'),
(1557, 16, 'Q72.6', 'Longitudinal reduction defect of fibula', '1', '14', NULL, NULL, NULL, NULL, '2016-12-19 02:33:40', '2016-12-19 02:33:40'),
(1558, 16, 'Q72.7', 'Split foot', '1', '14', NULL, NULL, NULL, NULL, '2016-12-19 02:33:40', '2016-12-19 02:33:40'),
(1559, 16, 'Q72.8', 'Other reduction defects of lower limb(s)', '1', '14', NULL, NULL, NULL, NULL, '2016-12-19 02:33:40', '2016-12-19 02:33:40'),
(1560, 16, 'Q72.9', 'Reduction defect of lower limb, unspecified', '1', '14', NULL, NULL, NULL, NULL, '2016-12-19 02:33:40', '2016-12-19 02:33:40'),
(1561, 16, 'Q73.0', 'Congenital absence of unspecified limb(s)', '1', '14', NULL, NULL, NULL, NULL, '2016-12-19 02:33:40', '2016-12-19 02:33:40'),
(1562, 16, 'Q73.1', 'Phocomelia, unspecified limb(s)', '1', '14', NULL, NULL, NULL, NULL, '2016-12-19 02:33:40', '2016-12-19 02:33:40'),
(1563, 16, 'Q73.8', 'Other reduction defects of unspecified limb(s)', '1', '14', NULL, NULL, NULL, NULL, '2016-12-19 02:33:40', '2016-12-19 02:33:40'),
(1564, 16, 'Q74.0', 'Other congenital malformations of upper limb(s), including shoulder girdle', '1', '14', NULL, NULL, NULL, NULL, '2016-12-19 02:33:40', '2016-12-19 02:33:40'),
(1565, 16, 'Q74.1', 'Congenital malformation of knee', '1', '14', NULL, NULL, NULL, NULL, '2016-12-19 02:33:40', '2016-12-19 02:33:40'),
(1566, 16, 'Q74.2', 'Other congenital malformations of lower limb(s), including pelvic girdle', '1', '14', NULL, NULL, NULL, NULL, '2016-12-19 02:33:40', '2016-12-19 02:33:40'),
(1567, 16, 'Q74.3', 'Arthrogryposis multiplex congenita', '1', '14', NULL, NULL, NULL, NULL, '2016-12-19 02:33:40', '2016-12-19 02:33:40'),
(1568, 16, 'Q74.8', 'Other specified congenital malformations of limb(s)', '1', '14', NULL, NULL, NULL, NULL, '2016-12-19 02:33:40', '2016-12-19 02:33:40'),
(1569, 16, 'Q74.9', 'Unspecified congenital malformation of limb(s)', '1', '14', NULL, NULL, NULL, NULL, '2016-12-19 02:33:40', '2016-12-19 02:33:40'),
(1570, 16, 'Q75.0', 'Craniosynostosis\\r\\n', '1', '14', NULL, NULL, NULL, NULL, '2016-12-19 02:33:40', '2016-12-19 02:33:40'),
(1571, 16, 'Q75.1', 'Craniofacial dysostosis', '1', '14', NULL, NULL, NULL, NULL, '2016-12-19 02:33:40', '2016-12-19 02:33:40'),
(1572, 16, 'Q75.2', 'Hypertelorism', '1', '14', NULL, NULL, NULL, NULL, '2016-12-19 02:33:40', '2016-12-19 02:33:40'),
(1573, 16, 'Q75.3', 'Macrocephaly', '1', '14', NULL, NULL, NULL, NULL, '2016-12-19 02:33:40', '2016-12-19 02:33:40'),
(1574, 16, 'Q75.4', 'Mandibulofacial dysostosis', '1', '14', NULL, NULL, NULL, NULL, '2016-12-19 02:33:40', '2016-12-19 02:33:40'),
(1575, 16, 'Q75.5', 'Oculomandibular dysostosis', '1', '14', NULL, NULL, NULL, NULL, '2016-12-19 02:33:40', '2016-12-19 02:33:40'),
(1576, 16, 'Q75.8', 'Other specified congenital malformations of skull and face bones', '1', '14', NULL, NULL, NULL, NULL, '2016-12-19 02:33:40', '2016-12-19 02:33:40'),
(1577, 16, 'Q75.9', 'Congenital malformation of skull and face bones, unspecified', '1', '14', NULL, NULL, NULL, NULL, '2016-12-19 02:33:40', '2016-12-19 02:33:40'),
(1578, 16, 'Q76.0', 'Spina bifida occulta', '1', '14', NULL, NULL, NULL, NULL, '2016-12-19 02:33:40', '2016-12-19 02:33:40'),
(1579, 16, 'Q76.1', 'Klippel-Feil syndrome', '1', '14', NULL, NULL, NULL, NULL, '2016-12-19 02:33:40', '2016-12-19 02:33:40'),
(1580, 16, 'Q76.2', 'Congenital spondylolisthesis', '1', '14', NULL, NULL, NULL, NULL, '2016-12-19 02:33:40', '2016-12-19 02:33:40'),
(1581, 16, 'Q76.3', 'Congenital scoliosis due to congenital bony malformation', '1', '14', NULL, NULL, NULL, NULL, '2016-12-19 02:33:40', '2016-12-19 02:33:40'),
(1582, 16, 'Q76.4', 'Other congenital malformations of spine, not associated with scoliosis', '1', '14', NULL, NULL, NULL, NULL, '2016-12-19 02:33:40', '2016-12-19 02:33:40'),
(1583, 16, 'Q76.5', 'Cervical rib', '1', '14', NULL, NULL, NULL, NULL, '2016-12-19 02:33:40', '2016-12-19 02:33:40'),
(1584, 16, 'Q76.6', 'Other congenital malformations of ribs', '1', '14', NULL, NULL, NULL, NULL, '2016-12-19 02:33:40', '2016-12-19 02:33:40'),
(1585, 16, 'Q76.7', 'Congenital malformation of sternum', '1', '14', NULL, NULL, NULL, NULL, '2016-12-19 02:33:40', '2016-12-19 02:33:40'),
(1586, 16, 'Q76.8', 'Other congenital malformations of bony thorax', '1', '14', NULL, NULL, NULL, NULL, '2016-12-19 02:33:40', '2016-12-19 02:33:40'),
(1587, 16, 'Q76.9', 'Congenital malformation of bony thorax, unspecified', '1', '14', NULL, NULL, NULL, NULL, '2016-12-19 02:33:40', '2016-12-19 02:33:40'),
(1588, 16, 'Q77.0', 'Achondrogenesis', '1', '14', NULL, NULL, NULL, NULL, '2016-12-19 02:33:40', '2016-12-19 02:33:40'),
(1589, 16, 'Q77.1', 'Thanatophoric short stature', '1', '14', NULL, NULL, NULL, NULL, '2016-12-19 02:33:40', '2016-12-19 02:33:40'),
(1590, 16, 'Q77.2', 'Short rib syndrome', '1', '14', NULL, NULL, NULL, NULL, '2016-12-19 02:33:40', '2016-12-19 02:33:40'),
(1591, 16, 'Q77.3', 'Chondrodysplasia punctata', '1', '14', NULL, NULL, NULL, NULL, '2016-12-19 02:33:40', '2016-12-19 02:33:40'),
(1592, 16, 'Q77.4', 'Achondroplasia', '1', '14', NULL, NULL, NULL, NULL, '2016-12-19 02:33:40', '2016-12-19 02:33:40'),
(1593, 16, 'Q77.5', 'Dystrophic dysplasia', '1', '14', NULL, NULL, NULL, NULL, '2016-12-19 02:33:40', '2016-12-19 02:33:40'),
(1594, 16, 'Q77.6', 'Chondroectodermal dysplasia', '1', '14', NULL, NULL, NULL, NULL, '2016-12-19 02:33:40', '2016-12-19 02:33:40'),
(1595, 16, 'Q77.7', 'Spondyloepiphyseal dysplasia', '1', '14', NULL, NULL, NULL, NULL, '2016-12-19 02:33:40', '2016-12-19 02:33:40'),
(1596, 16, 'Q77.8', 'Other osteochondrodysplasia with defects of growth of tubular bones and spine', '1', '14', NULL, NULL, NULL, NULL, '2016-12-19 02:33:40', '2016-12-19 02:33:40'),
(1597, 16, 'Q77.9', 'Osteochondrodysplasia with defects of growth of tubular bones and spine, unspecified', '1', '14', NULL, NULL, NULL, NULL, '2016-12-19 02:33:40', '2016-12-19 02:33:40'),
(1598, 16, 'Q78.0', 'Osteogenesis imperfecta', '1', '14', NULL, NULL, NULL, NULL, '2016-12-19 02:33:40', '2016-12-19 02:33:40'),
(1599, 16, 'Q78.1', 'Polyostotic fibrous dysplasia', '1', '14', NULL, NULL, NULL, NULL, '2016-12-19 02:33:40', '2016-12-19 02:33:40'),
(1600, 16, 'Q78.2', 'Osteopetrosis', '1', '14', NULL, NULL, NULL, NULL, '2016-12-19 02:33:40', '2016-12-19 02:33:40'),
(1601, 16, 'Q78.3', 'Progressive diaphyseal dysplasia', '1', '14', NULL, NULL, NULL, NULL, '2016-12-19 02:33:40', '2016-12-19 02:33:40'),
(1602, 16, 'Q78.4', 'Enchondromatosis', '1', '14', NULL, NULL, NULL, NULL, '2016-12-19 02:33:40', '2016-12-19 02:33:40'),
(1603, 16, 'Q78.5', 'Metaphyseal dysplasia', '1', '14', NULL, NULL, NULL, NULL, '2016-12-19 02:33:40', '2016-12-19 02:33:40'),
(1604, 16, 'Q78.6', 'Multiple congenital exostoses', '1', '14', NULL, NULL, NULL, NULL, '2016-12-19 02:33:40', '2016-12-19 02:33:40'),
(1605, 16, 'Q78.8', 'Other specified osteochondrodysplasias', '1', '14', NULL, NULL, NULL, NULL, '2016-12-19 02:33:40', '2016-12-19 02:33:40'),
(1606, 16, 'Q78.9', 'Osteochondrodysplasia, unspecified', '1', '14', NULL, NULL, NULL, NULL, '2016-12-19 02:33:40', '2016-12-19 02:33:40'),
(1607, 16, 'Q87.1', 'Congenital malformation syndromes predominantly associated with short stature', '1', '52', NULL, NULL, NULL, NULL, '2016-12-19 02:33:40', '2016-12-19 02:33:40'),
(1608, 16, 'Q87.2', 'Congenital malformation syndromes predominantly involving limbs', '1', '52', NULL, NULL, NULL, NULL, '2016-12-19 02:33:40', '2016-12-19 02:33:40'),
(1609, 16, 'Q87.3', 'Congenital malformation syndromes involving early overgrowth', '1', '52', NULL, NULL, NULL, NULL, '2016-12-19 02:33:40', '2016-12-19 02:33:40'),
(1610, 16, 'Q87.4', 'Marfan\'s syndrome', '1', '52', NULL, NULL, NULL, NULL, '2016-12-19 02:33:40', '2016-12-19 02:33:40'),
(1611, 16, 'Q87.5', 'Other congenital malformation syndromes with other skeletal changes', '1', '52', NULL, NULL, NULL, NULL, '2016-12-19 02:33:40', '2016-12-19 02:33:40'),
(1612, 16, 'Q87.8', 'Other specified congenital malformation syndromes, not elsewhere classified', '1', '52', NULL, NULL, NULL, NULL, '2016-12-19 02:33:40', '2016-12-19 02:33:40'),
(1613, 24, 'Z44.0', 'Fitting and adjustment of artificial arm (complete)(partial)', '1', '56', NULL, NULL, NULL, NULL, '2016-12-19 02:33:40', '2016-12-19 02:33:40'),
(1614, 24, 'Z44.1', 'Fitting and adjustment of artificial leg (complete)(partial)', '1', '56', NULL, NULL, NULL, NULL, '2016-12-19 02:33:40', '2016-12-19 02:33:40'),
(1615, 24, 'Z44.2', 'Fitting and adjustment of artificial eye', '1', '56', NULL, NULL, NULL, NULL, '2016-12-19 02:33:40', '2016-12-19 02:33:40'),
(1616, 24, 'Z44.3', 'Fitting and adjustment of external breast prosthesis', '1', '56', NULL, NULL, NULL, NULL, '2016-12-19 02:33:40', '2016-12-19 02:33:40'),
(1617, 24, 'Z44.8', 'Fitting and adjustment of other external prosthetic devices', '1', '56', NULL, NULL, NULL, NULL, '2016-12-19 02:33:40', '2016-12-19 02:33:40'),
(1618, 24, 'Z44.9', 'Fitting and adjustment of unspecified external prosthetic device', '1', '56', NULL, NULL, NULL, NULL, '2016-12-19 02:33:40', '2016-12-19 02:33:40'),
(1619, 24, 'Z46.7', 'Fitting and adjustment of orthopaedic device', '1', '56', NULL, NULL, NULL, NULL, '2016-12-19 02:33:40', '2016-12-19 02:33:40'),
(1620, 24, 'Z47.0', 'Follow-up care involving removal of fracture plate and other internal fixation device', '1', '56', NULL, NULL, NULL, NULL, '2016-12-19 02:33:40', '2016-12-19 02:33:40'),
(1621, 24, 'Z47.8', 'Other specified orthopaedic follow-up care', '1', '56', NULL, NULL, NULL, NULL, '2016-12-19 02:33:40', '2016-12-19 02:33:40'),
(1622, 24, 'Z47.9', 'Orthopaedic follow-up care, unspecified', '1', '56', NULL, NULL, NULL, NULL, '2016-12-19 02:33:40', '2016-12-19 02:33:40'),
(1623, 24, 'Z48.0', 'Attention to surgical dressings and sutures', '1', '56', NULL, NULL, NULL, NULL, '2016-12-19 02:33:40', '2016-12-19 02:33:40'),
(1624, 24, 'Z48.8', 'Other specified surgical follow-up care', '1', '56', NULL, NULL, NULL, NULL, '2016-12-19 02:33:40', '2016-12-19 02:33:40'),
(1625, 24, 'Z48.9', 'Surgical follow-up care, unspecified', '1', '56', NULL, NULL, NULL, NULL, '2016-12-19 02:33:40', '2016-12-19 02:33:40'),
(1626, 24, 'Z50.1', 'Other physical therapy', '1', '56', NULL, NULL, NULL, NULL, '2016-12-19 02:33:40', '2016-12-19 02:33:40'),
(1627, 24, 'Z50.8', 'Care involving use of other rehabilitation procedures', '1', '56', NULL, NULL, NULL, NULL, '2016-12-19 02:33:40', '2016-12-19 02:33:40'),
(1628, 24, 'Z50.9', 'Care involving use of rehabilitation procedure, unspecified', '1', '56', NULL, NULL, NULL, NULL, '2016-12-19 02:33:40', '2016-12-19 02:33:40'),
(1629, 24, 'Z51.0', 'Radiotherapy session', '1', '56', NULL, NULL, NULL, NULL, '2016-12-19 02:33:40', '2016-12-19 02:33:40'),
(1630, 24, 'Z51.1', 'Chemotherapy session for neoplasm', '1', '56', NULL, NULL, NULL, NULL, '2016-12-19 02:33:40', '2016-12-19 02:33:40'),
(1631, 24, 'Z51.2', 'Other chemotherapy', '1', '56', NULL, NULL, NULL, NULL, '2016-12-19 02:33:40', '2016-12-19 02:33:40'),
(1632, 24, 'Z51.3', 'Blood transfusion without reported diagnosis', '1', '56', NULL, NULL, NULL, NULL, '2016-12-19 02:33:40', '2016-12-19 02:33:40'),
(1633, 24, 'Z52.0', 'Blood donor', '1', '56', NULL, NULL, NULL, NULL, '2016-12-19 02:33:40', '2016-12-19 02:33:40'),
(1634, 24, 'Z52.1', 'Skin donor', '1', '56', NULL, NULL, NULL, NULL, '2016-12-19 02:33:40', '2016-12-19 02:33:40'),
(1635, 24, 'Z52.2', 'Bone donor', '1', '56', NULL, NULL, NULL, NULL, '2016-12-19 02:33:40', '2016-12-19 02:33:40'),
(1636, 24, 'Z52.3', 'Bone marrow donor', '1', '56', NULL, NULL, NULL, NULL, '2016-12-19 02:33:40', '2016-12-19 02:33:40'),
(1637, 24, 'Z89.0', 'Acquired absence of finger(s) [including thumb], unilateral', '1', '57', NULL, NULL, NULL, NULL, '2016-12-19 02:33:40', '2016-12-19 02:33:40'),
(1638, 24, 'Z89.1', 'Acquired absence of hand and wrist', '1', '57', NULL, NULL, NULL, NULL, '2016-12-19 02:33:40', '2016-12-19 02:33:40'),
(1639, 24, 'Z89.2', 'Acquired absence of upper limb above wrist', '1', '57', NULL, NULL, NULL, NULL, '2016-12-19 02:33:40', '2016-12-19 02:33:40'),
(1640, 24, 'Z89.3', 'Acquired absence of both upper limbs [any level]', '1', '57', NULL, NULL, NULL, NULL, '2016-12-19 02:33:40', '2016-12-19 02:33:40'),
(1641, 24, 'Z89.4', 'Acquired absence of foot and ankle', '1', '57', NULL, NULL, NULL, NULL, '2016-12-19 02:33:40', '2016-12-19 02:33:40'),
(1642, 24, 'Z89.5', 'Acquired absence of leg at or below knee', '1', '57', NULL, NULL, NULL, NULL, '2016-12-19 02:33:40', '2016-12-19 02:33:40'),
(1643, 24, 'Z89.6', 'Acquired absence of leg above knee', '1', '57', NULL, NULL, NULL, NULL, '2016-12-19 02:33:40', '2016-12-19 02:33:40'),
(1644, 24, 'Z89.7', 'Acquired absence of both lower limbs [any level, except toes alone]', '1', '57', NULL, NULL, NULL, NULL, '2016-12-19 02:33:40', '2016-12-19 02:33:40'),
(1645, 24, 'Z89.8', 'Acquired absence of upper and lower limbs [any level]', '1', '57', NULL, NULL, NULL, NULL, '2016-12-19 02:33:40', '2016-12-19 02:33:40'),
(1646, 24, 'Z89.9', 'Acquired absence of limb, unspecified', '1', '57', NULL, NULL, NULL, NULL, '2016-12-19 02:33:40', '2016-12-19 02:33:40'),
(1647, 11, 'A15.0', 'Tuberculosis of lung, confirmed by sputum microscopy with or without culture\\r\\n\\r\\nTuberculosis:\\r\\n\\r\\nBronchiectasis       Pneumonia\\r\\nFibrosis of lung     Pneumothorax\\r\\n\\r\\nConfirmed by sputum microscopy with or without culture', '1', '63', NULL, NULL, NULL, NULL, '2016-12-19 02:33:40', '2016-12-19 02:33:40'),
(1648, 11, 'A15.1', 'Tuberculosis of lung, confirmed by culture only\\r\\n\\r\\nConditions listed on A15.0, confirmed by culture only', '1', '63', NULL, NULL, NULL, NULL, '2016-12-19 02:33:40', '2016-12-19 02:33:40'),
(1649, 11, 'A15.2', 'Tuberculosis of lung, confirmed histologically\\r\\nConditions listed on A15.0, confirmed histologically', '1', '63', NULL, NULL, NULL, NULL, '2016-12-19 02:33:40', '2016-12-19 02:33:40'),
(1650, 11, 'A15.3', 'Tuberculosis of lung, confirmed by unspecified means\\r\\nConditions listed on A15.0, confirmed but unspecified whether bacteriologically or histologically', '1', '63', NULL, NULL, NULL, NULL, '2016-12-19 02:33:40', '2016-12-19 02:33:40'),
(1651, 11, 'A15.4', 'Tuberculosis of intrathoracic lymph nodes, confirmed bacteriologically and histologically\\r\\n\\r\\nTuberculosis of lymph nodes:\\r\\n\\r\\nHilar\\r\\nMediastinal\\r\\nTracheobronchial\\r\\nConfirmed bacteriologically and histologically\\r\\nExcludes: specified as primary (A15.7)', '1', '63', NULL, NULL, NULL, NULL, '2016-12-19 02:33:40', '2016-12-19 02:33:40'),
(1652, 11, 'A15.5', 'Tuberculosis of larynx, trachea and bronchus, confirmed bacteriologically and histologically\\r\\n\\r\\nTuberculosis of:\\r\\n\\r\\nbronchus        larynx\\r\\nglottis         trachea\\r\\nconfirmed bacteriologically and histologically', '1', '63', NULL, NULL, NULL, NULL, '2016-12-19 02:33:40', '2016-12-19 02:33:40'),
(1653, 11, 'A15.6', 'Tuberculosis of pleurisy, confirmed bacteriologically and histologically\\r\\nTuberculosis of pleura\\r\\nTuberculosis of empyema\\r\\nconfirmed bacteriologically and histologically\\r\\nExcludes: in primary respiratory tuberculosis confirmed bacteriologically and histologically (A15.7)', '1', '63', NULL, NULL, NULL, NULL, '2016-12-19 02:33:40', '2016-12-19 02:33:40'),
(1654, 11, 'A15.7', 'Primary respiratory tuberculosis, confirmed bacteriologically and histologically', '1', '63', NULL, NULL, NULL, NULL, '2016-12-19 02:33:40', '2016-12-19 02:33:40'),
(1655, 11, 'A15.8', 'Other respiratory  tuberculosis, confirmed bacteriologically and histologically\\r\\nMediastinal tuberculosis\\r\\nNasopharyngeal tuberculosis\\r\\n\\r\\nTuberculosis of:\\r\\nnose \\r\\nsinus (any nasal)\\r\\nconfirmed bacteriologically and histologically', '1', '63', NULL, NULL, NULL, NULL, '2016-12-19 02:33:40', '2016-12-19 02:33:40'),
(1656, 11, 'A15.9', 'Respiratoy tubercolosis unspecified, confirmed bacteriologically and histologically\\r\\nRespiratory tubercolosis, not confirmed bacteriologically and histologically\\r\\n', '1', '63', NULL, NULL, NULL, NULL, '2016-12-19 02:33:40', '2016-12-19 02:33:40'),
(1657, 11, 'A16.0', 'Tuberculosis of lung,  bacteriologically and histologically negative\\r\\n\\r\\nTuberculosis:\\r\\n\\r\\nbronchiectasis     pneumonia\\r\\nfibrosis of lung   pneumothorax\\r\\nbacteriologically and histologically negative', '1', '63', NULL, NULL, NULL, NULL, '2016-12-19 02:33:40', '2016-12-19 02:33:40'),
(1658, 11, 'A16.1', 'Tubercolosis of lung, bacteriologically and histologically not done\\r\\nConditions listed in A16.0, bacteriologically and histologically not done\\r\\n', '1', '63', NULL, NULL, NULL, NULL, '2016-12-19 02:33:40', '2016-12-19 02:33:40'),
(1659, 11, 'A16.2', 'Tubercolosis of lung, w/o mention of bacteriological and histological confirmation\\r\\nTubercolosis of lung\\r\\nTuberculous:\\r\\nbronchiectasis       pnumonia\\r\\nfibrorsis of lung            pneumothorax\\r\\nNOS (w/o mention of bacteriological and histological confirmation)\\r\\n', '1', '63', NULL, NULL, NULL, NULL, '2016-12-19 02:33:40', '2016-12-19 02:33:40'),
(1660, 11, 'A16.3', 'Tubercolosis of intrathoracic ymp nodes, w/o mention of  bacteriological and histological confirmation\\r\\nTubercolosis of lymp nodes:\\r\\nhilar\\r\\nintrathoracic\\r\\nmediastinal\\r\\ntracheobronchial\\r\\nNOS (w/o mention of  bacteriological and histological confirmation)\\r\\n', '1', '63', NULL, NULL, NULL, NULL, '2016-12-19 02:33:40', '2016-12-19 02:33:40'),
(1661, 11, 'A16.4', 'Tuberculosis of larynx, trachea and bronchus, w/o mention of  bacteriological and histological confirmation\\r\\n\\r\\nTuberculosis of:\\r\\n\\r\\nBronchus\\r\\nGlottis\\r\\nLarynx\\r\\nTrachea\\r\\nNOS (w/o mention of  bacteriological and histological confirmation)', '1', '63', NULL, NULL, NULL, NULL, '2016-12-19 02:33:40', '2016-12-19 02:33:40'),
(1662, 11, 'A16.5', 'Tuberculosis of pluerisy, w/o mention of  bacteriological and histological confirmation\\r\\n\\r\\nTuberculosis of pleura:\\r\\n\\r\\nempyema\\r\\npluerisy\\r\\n\\r\\nNOS (w/o mention of  bacteriological and histological confirmation)\\r\\nExcludes: in primary respiratory tuberculosis', '1', '63', NULL, NULL, NULL, NULL, '2016-12-19 02:33:40', '2016-12-19 02:33:40'),
(1663, 11, 'A16.7', 'Primary respiratory tubercolosis  w/o mention of  bacteriological and histological confirmation\\r\\nPrimary:\\r\\nrespiratory tubercolosis\\r\\ntuberculous complex\\r\\n', '1', '63', NULL, NULL, NULL, NULL, '2016-12-19 02:33:40', '2016-12-19 02:33:40'),
(1664, 11, 'A16.8', 'Other respiratory tubercolosis w/o mention of  bacteriological and histological confirmation\\r\\nMediastinal Tubercolosis\\r\\nNasopharyngeal tubercolosis\\r\\nTubercolosis of:\\r\\nnose\\r\\nsinus (any nasal)\\r\\nNOS (w/o mention of  bacteriological and histological confirmation)\\r\\n', '1', '63', NULL, NULL, NULL, NULL, '2016-12-19 02:33:40', '2016-12-19 02:33:40'),
(1665, 11, 'A16.9', 'Respiratory tuberculosis unspecified, w/o mention of  bacteriological and histological confirmation\\r\\nRespiratory tuberculosis NOS\\r\\nTuberculosis NOS\\r\\n', '1', '63', NULL, NULL, NULL, NULL, '2016-12-19 02:33:40', '2016-12-19 02:33:40'),
(1666, 11, 'A17.0+', 'Tuberculosis meningitis (G01*)\\r\\nTuberculosis of meningis (cerebral)(spinal)\\r\\nTuberculosis  leptomeningitis', '1', '63', NULL, NULL, NULL, NULL, '2016-12-19 02:33:40', '2016-12-19 02:33:40'),
(1667, 11, 'A17.1+', 'Meningeal tuberculoma\\r\\nTuberculoma of meninges\\r\\n', '1', '63', NULL, NULL, NULL, NULL, '2016-12-19 02:33:40', '2016-12-19 02:33:40'),
(1668, 11, 'A17.8', 'Other tuberculosis of nervous system\\r\\nTuberculoma\\r\\nTuberculosis of brain (G07*)\\r\\nspinal cord (G07*)\\r\\nTuberculosis:\\r\\nabscess of brain\\r\\nmeningoencephalitis\\r\\nmyelitis\\r\\npolyneuropathy', '1', '63', NULL, NULL, NULL, NULL, '2016-12-19 02:33:40', '2016-12-19 02:33:40'),
(1669, 11, 'A17.9', 'Tuberculosis of nervous system, unspecified (G99.8)', '1', '63', NULL, NULL, NULL, NULL, '2016-12-19 02:33:40', '2016-12-19 02:33:40'),
(1670, 11, 'A18.0', 'Tuberculosis of  bones and joints\\r\\nTuberculosis of:\\r\\nhip (M01.1*)                               osteitis (M49.0*)\\r\\nknee (M01.1*)                            osteomyelitis (M49.0*)\\r\\nvertebral column (M49.0*)           Synovitis (M68.0*)\\r\\nTuberculosis:                             Tenosynovitis  (M68.0*)\\r\\narthritis (M01.1*)\\r\\nmastoiditis (H75.0*)\\r\\nnecrosis of bone (M90.0*)', '1', '63', NULL, NULL, NULL, NULL, '2016-12-19 02:33:40', '2016-12-19 02:33:40'),
(1671, 11, 'A18.1', 'Tuberculosis of genitourinary system\\r\\nTuberculosis of:\\r\\nbladder+ (N33.0*)\\r\\ncervix+ (N74.0*)\\r\\nkidney+ (N29.1*)\\r\\nmale genital organs+ (N51.-*)\\r\\nureter+ (N29.1*)\\r\\nTuberculosis female pelvic inflammatory disease+ (N74.1*)', '1', '63', NULL, NULL, NULL, NULL, '2016-12-19 02:33:40', '2016-12-19 02:33:40'),
(1672, 11, 'A18.2', 'Tuberculosis of  peripheral lymphadenophaty\\r\\nTuberculosis adenitis\\r\\nExcludes:  tuberculosis oif lymph nodes:\\r\\nintrathoracic (A15.4, A16.3)\\r\\nmesenteric and retroperitoneal (A18.3)\\r\\ntuberculous tracheobronchial adenopathy (A15.4, A16.3)', '1', '63', NULL, NULL, NULL, NULL, '2016-12-19 02:33:40', '2016-12-19 02:33:40'),
(1673, 11, 'A18.3', 'Tuberculosis of intestines, peritoneum and mesenteric glands\\r\\nTuberculosis (of):\\r\\nanus and rectum+ (K93.0*)\\r\\nintestine (large)(small)+ (K93.0*)\\r\\nretroperitoneal (lymph nodes)\\r\\nTuberculous:\\r\\nascites\\r\\nenteritis+ (K93.0*)\\r\\nperitonitis+ (K67.3*)\\r\\n', '1', '63', NULL, NULL, NULL, NULL, '2016-12-19 02:33:40', '2016-12-19 02:33:40'),
(1674, 11, 'A18.4', 'Tuberculosis of  skin and subcutaneous tissue\\r\\nErythema induratum, tuberculous\\r\\nLupus:\\r\\nexedens\\r\\nvulgaris:\\r\\nNOS\\r\\nof eyelid+ (H03.1*)\\r\\nScrofuloderma\\r\\nExcludes:      lupus erythematus (L93.-)\\r\\nsystemic (M32.-)', '1', '63', NULL, NULL, NULL, NULL, '2016-12-19 02:33:40', '2016-12-19 02:33:40'),
(1675, 11, 'A19.0', 'Acute miliary tuberculosis of a single specified site', '1', '63', NULL, NULL, NULL, NULL, '2016-12-19 02:33:40', '2016-12-19 02:33:40'),
(1676, 11, 'A19.1', 'Acute miliary tuberculosis of multiple sites', '1', '63', NULL, NULL, NULL, NULL, '2016-12-19 02:33:40', '2016-12-19 02:33:40'),
(1677, 11, 'A19.2', 'Acute miliary tuberculosis, unspecified ', '1', '63', NULL, NULL, NULL, NULL, '2016-12-19 02:33:40', '2016-12-19 02:33:40'),
(1678, 11, 'A19.8', 'Other miliary tuberculosis, unspecified ', '1', '63', NULL, NULL, NULL, NULL, '2016-12-19 02:33:40', '2016-12-19 02:33:40'),
(1679, 11, 'A19.9', 'Miliary tuberculosis, unspecified', '1', '63', NULL, NULL, NULL, NULL, '2016-12-19 02:33:40', '2016-12-19 02:33:40'),
(1680, 21, 'L01.0', 'Impetigo (any organism) (any site)\\r\\nBockharts impetigo', '1', '27', NULL, NULL, NULL, NULL, '2016-12-19 02:33:40', '2016-12-19 02:33:40'),
(1681, 21, 'L01.1', 'Impetiginization of other dermatoses', '1', '27', NULL, NULL, NULL, NULL, '2016-12-19 02:33:40', '2016-12-19 02:33:40'),
(1682, 21, 'L02.0', 'Cutaneous abscess, furuncle and carbuncle of face\\r\\nExcludes: ear, exteranl (H60.0)\\r\\neyelid (H000.0)\\r\\nhead (any part, except face) 9L02.8\\r\\nlacrimal:\\r\\ngland (H04.0)\\r\\npassages (H04.3)\\r\\nmouth (K12.2)\\r\\nnose (J34.0)\\r\\norbit (H05.0)\\r\\nsubmandibular (H05.0)\\r\\n', '1', '27', NULL, NULL, NULL, NULL, '2016-12-19 02:33:40', '2016-12-19 02:33:40'),
(1683, 21, 'L02.1', 'Cutaneous abscess, furuncle and carbuncle of  neck', '1', '27', NULL, NULL, NULL, NULL, '2016-12-19 02:33:40', '2016-12-19 02:33:40'),
(1684, 21, 'L02.2', 'Cutaneous abscess, furuncle and carbuncle of  trunk\\r\\nAbdominal wall                                  chest wall\\r\\nBack (any part, except buttock)          Groin\\r\\nChest wall                                         Umbilicus\\r\\nExcludes:    Breast (N61)\\r\\nhip (L02.4)\\r\\nomphalitis of newborn (P38)', '1', '27', NULL, NULL, NULL, NULL, '2016-12-19 02:33:40', '2016-12-19 02:33:40'),
(1685, 21, 'L02.3', 'Cutaneous abscess, furuncle and carbuncle of buttock\\r\\nGluteal region\\r\\nExcludes:     pilonidal cyst with abscess (L05.0)', '1', '27', NULL, NULL, NULL, NULL, '2016-12-19 02:33:40', '2016-12-19 02:33:40'),
(1686, 21, 'L02.4', 'Cutaneous abscess, furuncle and carbuncle of  limb\\r\\nAxilla       Hip       Shoulder', '1', '27', NULL, NULL, NULL, NULL, '2016-12-19 02:33:40', '2016-12-19 02:33:40'),
(1687, 21, 'L02.8', 'Cutaneous abscess, furuncle and carbuncle of  other sites\\r\\nHead (any part, except face)\\r\\nScalp', '1', '27', NULL, NULL, NULL, NULL, '2016-12-19 02:33:40', '2016-12-19 02:33:40'),
(1688, 21, 'L02.9', 'Cutaneous abscess, furuncle and carbuncle of, unspecified\\r\\nFurunculosis NOS\\r\\nCellulitis\\r\\nIncludes:    acute lymphangitis\\r\\nExcludes:   cellulitis of:\\r\\nanal and rectal regions (K61.-)\\r\\nexternal auditory canal (H60.1)\\r\\nexternal genital organs:\\r\\nfemale (N76.4)\\r\\nmale (N48.2, N49.-)\\r\\neyelid (H00.0)\\r\\nlacrimal apparatus (H04.3)\\r\\nmouth (K12.2)\\r\\nnose (J34.0)\\r\\neosinophilic cellulitis (Wells) (L98.3)\\r\\nfebrile neutrophilic dermatosis (Sweet) (L98.2)\\r\\nlymphangitis (chronic)(subacute) (I89.1)', '1', '27', NULL, NULL, NULL, NULL, '2016-12-19 02:33:40', '2016-12-19 02:33:40'),
(1689, 21, 'L03.0', 'Cellulitis of finger and toe\\r\\nInfection of nail\\r\\nOnychia\\r\\nParonychia\\r\\nPerlonychia', '1', '27', NULL, NULL, NULL, NULL, '2016-12-19 02:33:40', '2016-12-19 02:33:40'),
(1690, 21, 'L03.1', 'Cellulitis of other parts of limb\\r\\nAxilla\\r\\nHip \\r\\nShoulder', '1', '27', NULL, NULL, NULL, NULL, '2016-12-19 02:33:40', '2016-12-19 02:33:40'),
(1691, 21, 'L03.2', 'Cellulitis of face', '1', '27', NULL, NULL, NULL, NULL, '2016-12-19 02:33:40', '2016-12-19 02:33:40'),
(1692, 21, 'L03.3', 'Cellulitis of trunk\\r\\nAbdominal wall     Groin\\r\\nBack (any part)     Perineum\\r\\nChest wall            Umbilicus\\r\\nExcludes: omphalitis of newborn (P38)\\r\\n', '1', '27', NULL, NULL, NULL, NULL, '2016-12-19 02:33:40', '2016-12-19 02:33:40'),
(1693, 21, 'L03.8', 'Cellulitis of other sites\\r\\nHead (any part, except face)\\r\\nScalp', '1', '27', NULL, NULL, NULL, NULL, '2016-12-19 02:33:40', '2016-12-19 02:33:40'),
(1694, 21, 'L03.9', 'Cellulitis, unspecified', '1', '27', NULL, NULL, NULL, NULL, '2016-12-19 02:33:40', '2016-12-19 02:33:40'),
(1695, 21, 'L04.0', 'Acute lymphadenitis of face, head and neck', '1', '27', NULL, NULL, NULL, NULL, '2016-12-19 02:33:40', '2016-12-19 02:33:40'),
(1696, 21, 'L04.1', 'Acute lymphadenitis of trunk', '1', '27', NULL, NULL, NULL, NULL, '2016-12-19 02:33:40', '2016-12-19 02:33:40'),
(1697, 21, 'L04.2', 'Acute lymphadenitis of upper limb\\r\\nAxilla\\r\\nShoulder', '1', '27', NULL, NULL, NULL, NULL, '2016-12-19 02:33:40', '2016-12-19 02:33:40'),
(1698, 21, 'L04.3', 'Acute lymphadenitis of lower limb\\r\\nHip', '1', '27', NULL, NULL, NULL, NULL, '2016-12-19 02:33:40', '2016-12-19 02:33:40'),
(1699, 21, 'L04.8', 'Acute lymphadenitis of other sites', '1', '27', NULL, NULL, NULL, NULL, '2016-12-19 02:33:40', '2016-12-19 02:33:40'),
(1700, 21, 'L04.9', 'Acute lymphadenitis, unspecified\\r\\nPilonidal cyst\\r\\nIncludes:  fistula\\r\\nsinus\\r\\ncoccygeal or pilonidal', '1', '27', NULL, NULL, NULL, NULL, '2016-12-19 02:33:40', '2016-12-19 02:33:40'),
(1701, 21, 'L05.0', 'Pilonidal cyst with abscess', '1', '27', NULL, NULL, NULL, NULL, '2016-12-19 02:33:40', '2016-12-19 02:33:40'),
(1702, 21, 'L05.9', 'Pilonidal cyst without abscess\\r\\nPilonidal cyst NOS', '1', '27', NULL, NULL, NULL, NULL, '2016-12-19 02:33:40', '2016-12-19 02:33:40');
INSERT INTO `icds` (`id`, `icdCategoriesID`, `code`, `description`, `version`, `subIcdCategories1ID`, `subIcdCategories2ID`, `subIcdCategories3ID`, `subIcdCategories4ID`, `deleted_at`, `created_at`, `updated_at`) VALUES
(1703, 21, 'L08.0', 'Pyoderma\\r\\nDermatitis:\\r\\npurulent\\r\\nseptic\\r\\nsuppurative\\r\\nExcludes:  pyoderma gangrenosum (L88)\\r\\n\\r\\n', '1', '27', NULL, NULL, NULL, NULL, '2016-12-19 02:33:40', '2016-12-19 02:33:40'),
(1704, 21, 'L08.1', 'Erythrasma', '1', '27', NULL, NULL, NULL, NULL, '2016-12-19 02:33:40', '2016-12-19 02:33:40'),
(1705, 21, 'L08.8', 'Other specified local infections of skin and subcutaneous tissue', '1', '27', NULL, NULL, NULL, NULL, '2016-12-19 02:33:40', '2016-12-19 02:33:40'),
(1706, 21, 'L08.9', 'Local infection of skin and subcutaneous tissue, unspecified', '1', '27', NULL, NULL, NULL, NULL, '2016-12-19 02:33:40', '2016-12-19 02:33:40'),
(1707, 21, 'L10.0', 'Pemphigus vulgaris', '1', '5', NULL, NULL, NULL, NULL, '2016-12-19 02:33:40', '2016-12-19 02:33:40'),
(1708, 21, 'L10.1', 'Pemphigus vegetans', '1', '5', NULL, NULL, NULL, NULL, '2016-12-19 02:33:40', '2016-12-19 02:33:40'),
(1709, 21, 'L10.2', 'Pemphigus foliaceus', '1', '5', NULL, NULL, NULL, NULL, '2016-12-19 02:33:40', '2016-12-19 02:33:40'),
(1710, 21, 'L10.3', 'Brazilian pemphigus (fogo selvagem)', '1', '5', NULL, NULL, NULL, NULL, '2016-12-19 02:33:40', '2016-12-19 02:33:40'),
(1711, 21, 'L10.4', 'Pemphigus erythematosus\\r\\nSenear-Usher syndrome', '1', '5', NULL, NULL, NULL, NULL, '2016-12-19 02:33:40', '2016-12-19 02:33:40'),
(1712, 21, 'L10.5', 'Drug-induced pemphigus\\r\\nUse additional external cause code (Chapter XX), if desired, to identify drug.', '1', '5', NULL, NULL, NULL, NULL, '2016-12-19 02:33:40', '2016-12-19 02:33:40'),
(1713, 21, 'L10.8', 'Other pemphigus', '1', '5', NULL, NULL, NULL, NULL, '2016-12-19 02:33:40', '2016-12-19 02:33:40'),
(1714, 21, 'L10.9', 'Pemphigus, unspecified', '1', '5', NULL, NULL, NULL, NULL, '2016-12-19 02:33:40', '2016-12-19 02:33:40'),
(1715, 21, 'L11.0', 'Acquired keratosis follicularis\\r\\nExcludes: keratosis follicularis (congenital) (Darier-White) (Q82.8)\\r\\n', '1', '5', NULL, NULL, NULL, NULL, '2016-12-19 02:33:40', '2016-12-19 02:33:40'),
(1716, 21, 'L11.1', 'Transient acantholytic dermatosis (Grover)', '1', '5', NULL, NULL, NULL, NULL, '2016-12-19 02:33:40', '2016-12-19 02:33:40'),
(1717, 21, 'L11.8', 'Other specified acantholytic disorders', '1', '5', NULL, NULL, NULL, NULL, '2016-12-19 02:33:40', '2016-12-19 02:33:40'),
(1718, 21, 'L11.9', 'Acantholytic disorder, unspecified', '1', '5', NULL, NULL, NULL, NULL, '2016-12-19 02:33:40', '2016-12-19 02:33:40'),
(1719, 21, 'L12.0', 'Bullous pemphigoid', '1', '5', NULL, NULL, NULL, NULL, '2016-12-19 02:33:40', '2016-12-19 02:33:40'),
(1720, 21, 'L12.1', 'Cicatricial pemphigoid\\r\\nBenign mucous membrane pemphigoid', '1', '5', NULL, NULL, NULL, NULL, '2016-12-19 02:33:40', '2016-12-19 02:33:40'),
(1721, 21, 'L12.2', 'Chronic bullous disease of childhood\\r\\nJuvenille dermatitis herpetiformis', '1', '5', NULL, NULL, NULL, NULL, '2016-12-19 02:33:40', '2016-12-19 02:33:40'),
(1722, 21, 'L12.3', 'Acquired epidermolysis bullosa\\r\\nExcludes:  epidermolysis bullosa (congenital) (Q81.-)', '1', '5', NULL, NULL, NULL, NULL, '2016-12-19 02:33:40', '2016-12-19 02:33:40'),
(1723, 21, 'L12.8', 'Other pemphigoid', '1', '5', NULL, NULL, NULL, NULL, '2016-12-19 02:33:40', '2016-12-19 02:33:40'),
(1724, 21, 'L12.9', 'Pemphigoid. unspecified\\r\\nOther bullous disorders', '1', '5', NULL, NULL, NULL, NULL, '2016-12-19 02:33:40', '2016-12-19 02:33:40'),
(1725, 21, 'L13.0', 'Dermatitis herpetiformis\\r\\nDuhring\'s disease', '1', '5', NULL, NULL, NULL, NULL, '2016-12-19 02:33:40', '2016-12-19 02:33:40'),
(1726, 21, 'L13.1', 'Subcorneal pustular dermatitis\\r\\nSneddon-Wilkinson disease', '1', '5', NULL, NULL, NULL, NULL, '2016-12-19 02:33:40', '2016-12-19 02:33:40'),
(1727, 21, 'L13.8', 'Other specified bullous disorders', '1', '5', NULL, NULL, NULL, NULL, '2016-12-19 02:33:40', '2016-12-19 02:33:40'),
(1728, 21, 'L13.9', 'Bullous disorder, unspecified\\r\\nBullous disorder in diseases classified elsewhere', '1', '5', NULL, NULL, NULL, NULL, '2016-12-19 02:33:40', '2016-12-19 02:33:40'),
(1729, 21, 'L20.0', 'Besnier\'s prurigo', '1', '17', NULL, NULL, NULL, NULL, '2016-12-19 02:33:40', '2016-12-19 02:33:40'),
(1730, 21, 'L20.8', 'Other atopic dermatitis', '1', '17', NULL, NULL, NULL, NULL, '2016-12-19 02:33:40', '2016-12-19 02:33:40'),
(1731, 21, 'L20.9', 'Atopic dermatitis, unspecified\\r\\nSeborrhoeic dermatitis\\r\\nExcludes:  infective dermatitis (L30.3)', '1', '17', NULL, NULL, NULL, NULL, '2016-12-19 02:33:40', '2016-12-19 02:33:40'),
(1732, 21, 'L21.0', 'Seborrhea capitis\\r\\nCradle cap', '1', '17', NULL, NULL, NULL, NULL, '2016-12-19 02:33:40', '2016-12-19 02:33:40'),
(1733, 21, 'L21.1', 'Seborrhoeic infantile dermatitis', '1', '17', NULL, NULL, NULL, NULL, '2016-12-19 02:33:40', '2016-12-19 02:33:40'),
(1734, 21, 'L21.8', 'Other seborrhoeic dermatitis', '1', '17', NULL, NULL, NULL, NULL, '2016-12-19 02:33:40', '2016-12-19 02:33:40'),
(1735, 21, 'L21.9', 'Seborrhoeic dermatitis, unspecified\\r\\nDiaper (napkin) dermatitis\\r\\nDiaper or napkin:\\r\\nerythema\\r\\nrash\\r\\nPsorlasiform napkin rash', '1', '17', NULL, NULL, NULL, NULL, '2016-12-19 02:33:40', '2016-12-19 02:33:40'),
(1736, 21, 'L23.0', 'Allergic contact dermatitis due to metals\\r\\nChronium\\r\\nNickel', '1', '17', NULL, NULL, NULL, NULL, '2016-12-19 02:33:40', '2016-12-19 02:33:40'),
(1737, 21, 'L23.1', 'Allergic contact dermatitis due to adhesives', '1', '17', NULL, NULL, NULL, NULL, '2016-12-19 02:33:40', '2016-12-19 02:33:40'),
(1738, 21, 'L23.2', 'Allergic contact dermatitis due to cosmetics', '1', '17', NULL, NULL, NULL, NULL, '2016-12-19 02:33:40', '2016-12-19 02:33:40'),
(1739, 21, 'L23.3', 'Allergic contact dermatitis due to drugs in contact with skin\\r\\nUse additional external cause code (Chapter XX), if desired, to identify drug.\\r\\nExcludes:  allergic reaction NOS due to drugs (T88.7)\\r\\ndermatitis due to ingested drugs & medicaments (L27.0-L27.1)', '1', '17', NULL, NULL, NULL, NULL, '2016-12-19 02:33:40', '2016-12-19 02:33:40'),
(1740, 21, 'L23.4', 'Allergic contact dermatitis due to dyes', '1', '17', NULL, NULL, NULL, NULL, '2016-12-19 02:33:40', '2016-12-19 02:33:40'),
(1741, 21, 'L23.5', 'Allergic contact dermatitis due to other chemical products\\r\\nCement\\r\\nInsectiside\\r\\nPlastic\\r\\nRubber', '1', '17', NULL, NULL, NULL, NULL, '2016-12-19 02:33:40', '2016-12-19 02:33:40'),
(1742, 21, 'L23.6', 'Allergic contact dermatitis due to food in contact with skin\\r\\nExcludes: dermatitis due to ingested food (L27.2)', '1', '17', NULL, NULL, NULL, NULL, '2016-12-19 02:33:40', '2016-12-19 02:33:40'),
(1743, 21, 'L23.7', 'Allergic contact dermatitis due to plants, except food', '1', '17', NULL, NULL, NULL, NULL, '2016-12-19 02:33:40', '2016-12-19 02:33:40'),
(1744, 21, 'L23.8', 'Allergic contact dermatitis due to other agents', '1', '17', NULL, NULL, NULL, NULL, '2016-12-19 02:33:40', '2016-12-19 02:33:40'),
(1745, 21, 'L23.9', 'Allergic contact dermatitis, unspecified cause\\r\\nAllergic contact eczema NOS', '1', '17', NULL, NULL, NULL, NULL, '2016-12-19 02:33:40', '2016-12-19 02:33:40'),
(1746, 21, 'L24.0', 'Irritant contact dermatitis due to detergents', '1', '17', NULL, NULL, NULL, NULL, '2016-12-19 02:33:40', '2016-12-19 02:33:40'),
(1747, 21, 'L24.1', 'Irritant contact dermatitis due to oils and greases', '1', '17', NULL, NULL, NULL, NULL, '2016-12-19 02:33:40', '2016-12-19 02:33:40'),
(1748, 21, 'L24.2', 'Irritant contact dermatitis due to solvents\\r\\nSolvents:\\r\\nchlorocompound                     glycol\\r\\ncyclohexane                           hydrocarbon\\r\\nester                                      ketone', '1', '17', NULL, NULL, NULL, NULL, '2016-12-19 02:33:40', '2016-12-19 02:33:40'),
(1749, 21, 'L24.3', 'Irritant contact dermatitis due to cosmetics', '1', '17', NULL, NULL, NULL, NULL, '2016-12-19 02:33:40', '2016-12-19 02:33:40'),
(1750, 21, 'L24.4', 'Irritant contact dermatitis due to drugs in contact with skin\\r\\nUse additional external cause code ((Chapter XX) if desired, to identify drug\\r\\nExcludes: allergic reaction NOS due to drugs (T88.7)\\r\\ndermatitis due to ingested drugs and medicaments (L27.0-L27.1)', '1', '17', NULL, NULL, NULL, NULL, '2016-12-19 02:33:40', '2016-12-19 02:33:40'),
(1751, 21, 'L24.5', 'Irritant contact dermatitis due to other chemical products\\r\\nCement\\r\\nInsectide', '1', '17', NULL, NULL, NULL, NULL, '2016-12-19 02:33:40', '2016-12-19 02:33:40'),
(1752, 21, 'L24.6', 'Irritant contact dermatitis due to food in contact with skin\\r\\nExcludes:  dermatitis due to ingested food (L27.2)', '1', '17', NULL, NULL, NULL, NULL, '2016-12-19 02:33:40', '2016-12-19 02:33:40'),
(1753, 21, 'L24.7', 'Irritant contact dermatitis due to plants, except food', '1', '17', NULL, NULL, NULL, NULL, '2016-12-19 02:33:40', '2016-12-19 02:33:40'),
(1754, 21, 'L24.8', 'Irritant contact dermatitis due to other agents\\r\\nDyes', '1', '17', NULL, NULL, NULL, NULL, '2016-12-19 02:33:40', '2016-12-19 02:33:40'),
(1755, 21, 'L24.9', 'Irritant contact dermatitis, unspecified cause\\r\\nIrritant contact eczema NOS', '1', '17', NULL, NULL, NULL, NULL, '2016-12-19 02:33:40', '2016-12-19 02:33:40'),
(1756, 21, 'L25.0', 'Unspecified contact dermatitis due to cosmetics', '1', '17', NULL, NULL, NULL, NULL, '2016-12-19 02:33:40', '2016-12-19 02:33:40'),
(1757, 21, 'L25.1', 'Unspecified contact dermatitis due to drugs in contact with skin\\r\\nUse additional external cause code (Chapter XX) if desired, to identify drug\\r\\nExcludes: allergic reaction NOS due to drugs (T88.7)\\r\\ndermatitis due to ingested drugs and medicaments (L27.0-L27.1)', '1', '17', NULL, NULL, NULL, NULL, '2016-12-19 02:33:40', '2016-12-19 02:33:40'),
(1758, 21, 'L25.2', 'Unspecified contact dermatitis due to  dyes', '1', '17', NULL, NULL, NULL, NULL, '2016-12-19 02:33:40', '2016-12-19 02:33:40'),
(1759, 21, 'L25.3', 'Unspecified contact dermatitis due to  other chemical products\\r\\nCement \\r\\nInsecticide', '1', '17', NULL, NULL, NULL, NULL, '2016-12-19 02:33:40', '2016-12-19 02:33:40'),
(1760, 21, 'L25.4', 'Unspecified contact dermatitis due to food in contact with skin\\r\\nExcludes: dermatitis due to ingested food (L27.2)', '1', '17', NULL, NULL, NULL, NULL, '2016-12-19 02:33:40', '2016-12-19 02:33:40'),
(1761, 21, 'L25.5', 'Unspecified contact dermatitis due to plants, except food', '1', '17', NULL, NULL, NULL, NULL, '2016-12-19 02:33:40', '2016-12-19 02:33:40'),
(1762, 21, 'L25.8', 'Unspecified contact dermatitis due to other agents', '1', '17', NULL, NULL, NULL, NULL, '2016-12-19 02:33:40', '2016-12-19 02:33:40'),
(1763, 21, 'L25.9', 'Unspecified contact dermatitis, unspecifed cause\\r\\nContact:\\r\\ndermatitis (occupational) NOS\\r\\neczema (occupational) NOS', '1', '17', NULL, NULL, NULL, NULL, '2016-12-19 02:33:40', '2016-12-19 02:33:40'),
(1764, 21, 'L27.0', 'Generalized skin eruption due to drugs and medicaments\\r\\nUSe additional external cause code (Chapter XX), if desired, to identify drug.', '1', '17', NULL, NULL, NULL, NULL, '2016-12-19 02:33:40', '2016-12-19 02:33:40'),
(1765, 21, 'L27.1', 'Localized skin eruption due to drugs and medicaments\\r\\nUSe additional external cause code (Chapter XX), if desired, to identify drug.', '1', '17', NULL, NULL, NULL, NULL, '2016-12-19 02:33:40', '2016-12-19 02:33:40'),
(1766, 21, 'L27.2', 'Dermatitis due to ingested food\\r\\nExcludes: dermatitis due to food in contact with skin', '1', '0', NULL, NULL, NULL, NULL, '2016-12-19 02:33:40', '2016-12-19 02:33:40'),
(1767, 21, 'L27.8', 'Dermatitis due to other subtances taken internally', '1', '17', NULL, NULL, NULL, NULL, '2016-12-19 02:33:40', '2016-12-19 02:33:40'),
(1768, 21, 'L27.9', 'Dermatitis due to unspecified subtances taken internally ', '1', '17', NULL, NULL, NULL, NULL, '2016-12-19 02:33:40', '2016-12-19 02:33:40'),
(1769, 21, 'L28.0', 'Linchen simplex chronicus\\r\\nCircumscribed neurodermatitis\\r\\nLichen NOS', '1', '17', NULL, NULL, NULL, NULL, '2016-12-19 02:33:40', '2016-12-19 02:33:40'),
(1770, 21, 'L28.1', 'Prurigo nodularis', '1', '17', NULL, NULL, NULL, NULL, '2016-12-19 02:33:40', '2016-12-19 02:33:40'),
(1771, 21, 'L28.2', 'Other prurigo\\r\\nPrurigo:\\r\\nNOS\\r\\nHebra\\r\\nmitis\\r\\nUrticaria papulosa', '1', '17', NULL, NULL, NULL, NULL, '2016-12-19 02:33:40', '2016-12-19 02:33:40'),
(1772, 21, 'L29.0', 'Pruritus ani', '1', '17', NULL, NULL, NULL, NULL, '2016-12-19 02:33:40', '2016-12-19 02:33:40'),
(1773, 21, 'L29.1', 'Pruritus scroti', '1', '17', NULL, NULL, NULL, NULL, '2016-12-19 02:33:40', '2016-12-19 02:33:40'),
(1774, 21, 'L29.2', 'Pruritus vulvae', '1', '17', NULL, NULL, NULL, NULL, '2016-12-19 02:33:40', '2016-12-19 02:33:40'),
(1775, 21, 'L29.3', 'Anogenital pruritus, unspecified', '1', '17', NULL, NULL, NULL, NULL, '2016-12-19 02:33:40', '2016-12-19 02:33:40'),
(1776, 21, 'L29.8', 'Other pruritus', '1', '17', NULL, NULL, NULL, NULL, '2016-12-19 02:33:40', '2016-12-19 02:33:40'),
(1777, 21, 'L29.9', 'Pruritus, unspecified\\r\\nItch NOS', '1', '17', NULL, NULL, NULL, NULL, '2016-12-19 02:33:40', '2016-12-19 02:33:40'),
(1778, 21, 'L30.0', 'Nummular dermatitis', '1', '17', NULL, NULL, NULL, NULL, '2016-12-19 02:33:40', '2016-12-19 02:33:40'),
(1779, 21, 'L30.1', 'Dyshidrosis (pompholyx)\\r\\n', '1', '17', NULL, NULL, NULL, NULL, '2016-12-19 02:33:40', '2016-12-19 02:33:40'),
(1780, 21, 'L30.2', 'Cutaneous autosensitization\\r\\nCandidid (levund)\\r\\nDermatophytid\\r\\nEczematid', '1', '17', NULL, NULL, NULL, NULL, '2016-12-19 02:33:40', '2016-12-19 02:33:40'),
(1781, 21, 'L30.3', 'Infective dermatitis\\r\\nInfectious eczematoid dermatitis', '1', '17', NULL, NULL, NULL, NULL, '2016-12-19 02:33:40', '2016-12-19 02:33:40'),
(1782, 21, 'L30.4', 'Erythema intertrigo', '1', '17', NULL, NULL, NULL, NULL, '2016-12-19 02:33:40', '2016-12-19 02:33:40'),
(1783, 21, 'L30.5', 'Pityriasis alba', '1', '17', NULL, NULL, NULL, NULL, '2016-12-19 02:33:40', '2016-12-19 02:33:40'),
(1784, 21, 'L30.8', 'Other specified dermatitis', '1', '17', NULL, NULL, NULL, NULL, '2016-12-19 02:33:40', '2016-12-19 02:33:40'),
(1785, 21, 'L30.9', 'Dermatitis, unspecified\\r\\nEczema NOS', '1', '17', NULL, NULL, NULL, NULL, '2016-12-19 02:33:40', '2016-12-19 02:33:40'),
(1786, 21, 'L50.0', 'Allergic urticaria', '1', '64', NULL, NULL, NULL, NULL, '2016-12-19 02:33:40', '2016-12-19 02:33:40'),
(1787, 21, 'L50.1', 'Idiopathic urticaria', '1', '64', NULL, NULL, NULL, NULL, '2016-12-19 02:33:40', '2016-12-19 02:33:40'),
(1788, 21, 'L50.2', 'Urticaria due to cold and heat', '1', '64', NULL, NULL, NULL, NULL, '2016-12-19 02:33:40', '2016-12-19 02:33:40'),
(1789, 21, 'L50.3', 'Dermatographic urticaria ', '1', '64', NULL, NULL, NULL, NULL, '2016-12-19 02:33:40', '2016-12-19 02:33:40'),
(1790, 21, 'L50.4', 'Vibratory urticaria ', '1', '64', NULL, NULL, NULL, NULL, '2016-12-19 02:33:40', '2016-12-19 02:33:40'),
(1791, 21, 'L50.5', 'Cholinergic urticaria ', '1', '64', NULL, NULL, NULL, NULL, '2016-12-19 02:33:40', '2016-12-19 02:33:40'),
(1792, 21, 'L50.6', 'Contact urticaria ', '1', '64', NULL, NULL, NULL, NULL, '2016-12-19 02:33:40', '2016-12-19 02:33:40'),
(1793, 21, 'L50.8', 'Other urticaria\\r\\nUrticaria:\\r\\nchronic\\r\\nrecurrent periodic ', '1', '64', NULL, NULL, NULL, NULL, '2016-12-19 02:33:40', '2016-12-19 02:33:40'),
(1794, 21, 'L50.9', 'Urticaria, unspecified ', '1', '64', NULL, NULL, NULL, NULL, '2016-12-19 02:33:40', '2016-12-19 02:33:40'),
(1795, 21, 'L51.0', 'Nonbullous erythema multiforme', '1', '64', NULL, NULL, NULL, NULL, '2016-12-19 02:33:40', '2016-12-19 02:33:40'),
(1796, 21, 'L51.1', 'Bullous erythema multiforme\\r\\nStevens-Johnson syndrome', '1', '64', NULL, NULL, NULL, NULL, '2016-12-19 02:33:40', '2016-12-19 02:33:40'),
(1797, 21, 'L51.2', 'Toxic epidermal necrolysis (Lyell)', '1', '64', NULL, NULL, NULL, NULL, '2016-12-19 02:33:40', '2016-12-19 02:33:40'),
(1798, 21, 'L51.8', 'Other erythema multiforme', '1', '64', NULL, NULL, NULL, NULL, '2016-12-19 02:33:40', '2016-12-19 02:33:40'),
(1799, 21, 'L51.9', 'Erythema multiforme, unspecified', '1', '64', NULL, NULL, NULL, NULL, '2016-12-19 02:33:40', '2016-12-19 02:33:40'),
(1800, 21, 'L53.0', 'Toxic erythema\\r\\nEsue additional external cause code (Chapter XX), if desired, to identify external agent\\r\\nExcludes: neonatal erythema toxicum (P83.1)', '1', '64', NULL, NULL, NULL, NULL, '2016-12-19 02:33:40', '2016-12-19 02:33:40'),
(1801, 21, 'L53.1', 'Erythema annulare centrifugum', '1', '64', NULL, NULL, NULL, NULL, '2016-12-19 02:33:40', '2016-12-19 02:33:40'),
(1802, 21, 'L53.2', 'Erythema marginatum', '1', '64', NULL, NULL, NULL, NULL, '2016-12-19 02:33:40', '2016-12-19 02:33:40'),
(1803, 21, 'L53.3', 'Other chronic figurate erythema', '1', '64', NULL, NULL, NULL, NULL, '2016-12-19 02:33:40', '2016-12-19 02:33:40'),
(1804, 21, 'L53.8', 'Other specified erythematous conditions', '1', '64', NULL, NULL, NULL, NULL, '2016-12-19 02:33:40', '2016-12-19 02:33:40'),
(1805, 21, 'L53.9', 'Erythematous condition, unspecified\\r\\nErythema NOS\\r\\nErythoderma NOS', '1', '64', NULL, NULL, NULL, NULL, '2016-12-19 02:33:40', '2016-12-19 02:33:40'),
(1806, 21, 'L54.0*', 'Erythema marginatum in acute rheumatic fever (I00+)', '1', '64', NULL, NULL, NULL, NULL, '2016-12-19 02:33:40', '2016-12-19 02:33:40'),
(1807, 21, 'L54.8*', 'Erythema in other diseases classified elsewhere', '1', '64', NULL, NULL, NULL, NULL, '2016-12-19 02:33:40', '2016-12-19 02:33:40'),
(1808, 21, 'L55.0', 'Sunburn of first degree', '1', '58', NULL, NULL, NULL, NULL, '2016-12-19 02:33:40', '2016-12-19 02:33:40'),
(1809, 21, 'L55.1', 'Sunburn of second degree', '1', '58', NULL, NULL, NULL, NULL, '2016-12-19 02:33:40', '2016-12-19 02:33:40'),
(1810, 21, 'L55.2', 'Sunburn of third degree', '1', '58', NULL, NULL, NULL, NULL, '2016-12-19 02:33:40', '2016-12-19 02:33:40'),
(1811, 21, 'L55.8', 'Other sunburn ', '1', '58', NULL, NULL, NULL, NULL, '2016-12-19 02:33:40', '2016-12-19 02:33:40'),
(1812, 21, 'L55.9', 'Sunburn, unspecified', '1', '58', NULL, NULL, NULL, NULL, '2016-12-19 02:33:40', '2016-12-19 02:33:40'),
(1813, 21, 'L56.0', 'Drug phototoxic response\\r\\nUse additional external cause code (Chapter XX), if desired, to identify drug.', '1', '58', NULL, NULL, NULL, NULL, '2016-12-19 02:33:40', '2016-12-19 02:33:40'),
(1814, 21, 'L56.1', 'Drug photoallergic response\\r\\nUse additional external cause code (Chapter XX), if desired, to identify drug.', '1', '58', NULL, NULL, NULL, NULL, '2016-12-19 02:33:40', '2016-12-19 02:33:40'),
(1815, 21, 'L56.2', 'Photocontact dermatitis (berloque dermatitis)', '1', '58', NULL, NULL, NULL, NULL, '2016-12-19 02:33:40', '2016-12-19 02:33:40'),
(1816, 21, 'L56.3', 'Solar urticaria', '1', '58', NULL, NULL, NULL, NULL, '2016-12-19 02:33:40', '2016-12-19 02:33:40'),
(1817, 21, 'L56.4', 'Polymorphous light eruption', '1', '58', NULL, NULL, NULL, NULL, '2016-12-19 02:33:40', '2016-12-19 02:33:40'),
(1818, 21, 'L56.8', 'Other specified acute skin changes due to ultraviolet radiation', '1', '58', NULL, NULL, NULL, NULL, '2016-12-19 02:33:40', '2016-12-19 02:33:40'),
(1819, 21, 'L56.9', 'Acute skin changes due to ultraviolet radiation, unspecified', '1', '58', NULL, NULL, NULL, NULL, '2016-12-19 02:33:40', '2016-12-19 02:33:40'),
(1820, 21, 'L57.0', 'Actinic keratosis\\r\\nKeratosis:\\r\\nNOS\\r\\nsenile\\r\\nsolar', '1', '58', NULL, NULL, NULL, NULL, '2016-12-19 02:33:40', '2016-12-19 02:33:40'),
(1821, 21, 'L57.1', 'Actinic reticuloid', '1', '58', NULL, NULL, NULL, NULL, '2016-12-19 02:33:40', '2016-12-19 02:33:40'),
(1822, 21, 'L57.2', 'Cutis rhomboidalis nuchae', '1', '58', NULL, NULL, NULL, NULL, '2016-12-19 02:33:40', '2016-12-19 02:33:40'),
(1823, 21, 'L57.3', 'Poikiloderma of Civatte', '1', '58', NULL, NULL, NULL, NULL, '2016-12-19 02:33:40', '2016-12-19 02:33:40'),
(1824, 21, 'L57.4', 'Cutis laxa senilis\\r\\nElastosis senilis', '1', '58', NULL, NULL, NULL, NULL, '2016-12-19 02:33:40', '2016-12-19 02:33:40'),
(1825, 21, 'L57.5', 'Actinic granuloma', '1', '58', NULL, NULL, NULL, NULL, '2016-12-19 02:33:40', '2016-12-19 02:33:40'),
(1826, 21, 'L57.8', 'Other skin changes due to chronic exposure to nonionizing radiation\\r\\nFarmer\'s skin\\r\\nSailor\'s skin\\r\\nSolar dermatitis', '1', '58', NULL, NULL, NULL, NULL, '2016-12-19 02:33:40', '2016-12-19 02:33:40'),
(1827, 21, 'L57.9', 'Other skin changes due to chronic exposure to nonionizing radiation, unspecified', '1', '58', NULL, NULL, NULL, NULL, '2016-12-19 02:33:40', '2016-12-19 02:33:40'),
(1828, 21, 'L58.0', 'Acute radiodermatitis', '1', '58', NULL, NULL, NULL, NULL, '2016-12-19 02:33:40', '2016-12-19 02:33:40'),
(1829, 21, 'L58.1', 'Chronic radiodermatitis', '1', '58', NULL, NULL, NULL, NULL, '2016-12-19 02:33:40', '2016-12-19 02:33:40'),
(1830, 21, 'L58.9', 'Radiodermatitis, unspecified', '1', '58', NULL, NULL, NULL, NULL, '2016-12-19 02:33:40', '2016-12-19 02:33:40'),
(1831, 21, 'L59.0', 'Erythema ab igne (dermatitis ab igne)', '1', '58', NULL, NULL, NULL, NULL, '2016-12-19 02:33:40', '2016-12-19 02:33:40'),
(1832, 21, 'L59.8', 'Other specified disorders of skin and subcutaneous tissue related to radiation', '1', '58', NULL, NULL, NULL, NULL, '2016-12-19 02:33:40', '2016-12-19 02:33:40'),
(1833, 21, 'L59.9', 'Disorder of skin and subcutaneous tissue related to radiation, unspecified', '1', '58', NULL, NULL, NULL, NULL, '2016-12-19 02:33:40', '2016-12-19 02:33:40'),
(1834, 21, 'L60.0', 'Ingrowing nail', '1', '22', NULL, NULL, NULL, NULL, '2016-12-19 02:33:40', '2016-12-19 02:33:40'),
(1835, 21, 'L60.1', 'Onycholisis', '1', '22', NULL, NULL, NULL, NULL, '2016-12-19 02:33:40', '2016-12-19 02:33:40'),
(1836, 21, 'L60.2', 'Onychogryphosis', '1', '22', NULL, NULL, NULL, NULL, '2016-12-19 02:33:40', '2016-12-19 02:33:40'),
(1837, 21, 'L60.3', 'Nail dystrophy', '1', '22', NULL, NULL, NULL, NULL, '2016-12-19 02:33:40', '2016-12-19 02:33:40'),
(1838, 21, 'L60.4', 'Beau\'s lines', '1', '22', NULL, NULL, NULL, NULL, '2016-12-19 02:33:40', '2016-12-19 02:33:40'),
(1839, 21, 'L60.5', 'Yellow nail syndrome', '1', '22', NULL, NULL, NULL, NULL, '2016-12-19 02:33:40', '2016-12-19 02:33:40'),
(1840, 21, 'L60.8', 'Other nail disorders', '1', '22', NULL, NULL, NULL, NULL, '2016-12-19 02:33:40', '2016-12-19 02:33:40'),
(1841, 21, 'L60.9', 'Nail disorder, unspecified', '1', '22', NULL, NULL, NULL, NULL, '2016-12-19 02:33:40', '2016-12-19 02:33:40'),
(1842, 21, 'L62.0*', 'Clubbed nail pachydermoperiostosis', '1', '22', NULL, NULL, NULL, NULL, '2016-12-19 02:33:40', '2016-12-19 02:33:40'),
(1843, 21, 'L62.8', 'Nail disorders in other diseases classified elsewhere\\r\\nAlopecia areata', '1', '22', NULL, NULL, NULL, NULL, '2016-12-19 02:33:40', '2016-12-19 02:33:40'),
(1844, 21, 'L63.0', 'Alopicia (capitis) totalis', '1', '22', NULL, NULL, NULL, NULL, '2016-12-19 02:33:40', '2016-12-19 02:33:40'),
(1845, 21, 'L63.1', 'Alopecia universalis', '1', '22', NULL, NULL, NULL, NULL, '2016-12-19 02:33:40', '2016-12-19 02:33:40'),
(1846, 21, 'L63.2', 'Ophiasis', '1', '22', NULL, NULL, NULL, NULL, '2016-12-19 02:33:40', '2016-12-19 02:33:40'),
(1847, 21, 'L63.8', 'Other alopecia areata', '1', '22', NULL, NULL, NULL, NULL, '2016-12-19 02:33:40', '2016-12-19 02:33:40'),
(1848, 21, 'L63.9', 'A;opecia areata, unspecified', '1', '22', NULL, NULL, NULL, NULL, '2016-12-19 02:33:40', '2016-12-19 02:33:40'),
(1849, 21, 'L64.0', 'Drug-induced androgenic alopecia\\r\\nUse addditional external cause code (Chapter XX), if desired, to identify drug.', '1', '22', NULL, NULL, NULL, NULL, '2016-12-19 02:33:40', '2016-12-19 02:33:40'),
(1850, 21, 'L64.8', 'Other androgenic alopecia', '1', '22', NULL, NULL, NULL, NULL, '2016-12-19 02:33:40', '2016-12-19 02:33:40'),
(1851, 21, 'L64.9', 'Androgenic alopecia, unspecified', '1', '22', NULL, NULL, NULL, NULL, '2016-12-19 02:33:40', '2016-12-19 02:33:40'),
(1852, 21, 'L65.0', 'Telogen effluvium', '1', '22', NULL, NULL, NULL, NULL, '2016-12-19 02:33:40', '2016-12-19 02:33:40'),
(1853, 21, 'L65.1', 'Anagen effluvium', '1', '22', NULL, NULL, NULL, NULL, '2016-12-19 02:33:40', '2016-12-19 02:33:40'),
(1854, 21, 'L65.2', 'Alopecia mucinosa', '1', '22', NULL, NULL, NULL, NULL, '2016-12-19 02:33:40', '2016-12-19 02:33:40'),
(1855, 21, 'L65.8', 'Other specified nonscarring hair loss', '1', '22', NULL, NULL, NULL, NULL, '2016-12-19 02:33:40', '2016-12-19 02:33:40'),
(1856, 21, 'L65.9', 'Nonscarring hair loss, unspecified\\r\\nALopecia NOS', '1', '22', NULL, NULL, NULL, NULL, '2016-12-19 02:33:40', '2016-12-19 02:33:40'),
(1857, 21, 'L66.0', 'Pseudopelade', '1', '22', NULL, NULL, NULL, NULL, '2016-12-19 02:33:40', '2016-12-19 02:33:40'),
(1858, 21, 'L66.1', 'Lichen planopilaris\\r\\nFollicular lichen planus', '1', '22', NULL, NULL, NULL, NULL, '2016-12-19 02:33:40', '2016-12-19 02:33:40'),
(1859, 21, 'L66.2', 'Folliculitis decalvans', '1', '22', NULL, NULL, NULL, NULL, '2016-12-19 02:33:40', '2016-12-19 02:33:40'),
(1860, 21, 'L66.3', 'Perifolliculitis capitis abscedens', '1', '22', NULL, NULL, NULL, NULL, '2016-12-19 02:33:40', '2016-12-19 02:33:40'),
(1861, 21, 'L66.4', 'Folliculitis ulerythematosa reticulata', '1', '22', NULL, NULL, NULL, NULL, '2016-12-19 02:33:40', '2016-12-19 02:33:40'),
(1862, 21, 'L66.8', 'Other cicatricial alopecia', '1', '22', NULL, NULL, NULL, NULL, '2016-12-19 02:33:40', '2016-12-19 02:33:40'),
(1863, 21, 'L66.9', 'Cicatricial alopecia, unspecified', '1', '22', NULL, NULL, NULL, NULL, '2016-12-19 02:33:40', '2016-12-19 02:33:40'),
(1864, 21, 'L67.0', 'Trichorrhexis nodosa', '1', '22', NULL, NULL, NULL, NULL, '2016-12-19 02:33:40', '2016-12-19 02:33:40'),
(1865, 21, 'L67.1', 'Variations in hair colour\\r\\nCanities\\r\\nGreyness, hair (premature)\\r\\nHeterochromia of hair\\r\\nPoliosis:\\r\\nNOS\\r\\ncircumscripta, acquired\\r\\n', '1', '22', NULL, NULL, NULL, NULL, '2016-12-19 02:33:40', '2016-12-19 02:33:40'),
(1866, 21, 'L67.8', 'Other hair colour and hair shaft abnormalities\\r\\nFragilitas crinium', '1', '22', NULL, NULL, NULL, NULL, '2016-12-19 02:33:40', '2016-12-19 02:33:40'),
(1867, 21, 'L67.9', 'HAir colour and hair shaft abnormality, unspecified', '1', '22', NULL, NULL, NULL, NULL, '2016-12-19 02:33:40', '2016-12-19 02:33:40'),
(1868, 21, 'L68.0', 'Hirsutism\\r\\nUse additional external cause code (Chapter XX), if desired, to identify drug, if drug-induced', '1', '22', NULL, NULL, NULL, NULL, '2016-12-19 02:33:40', '2016-12-19 02:33:40'),
(1869, 21, 'L68.1', 'Acquired hypertrichosis lanuginosa\\r\\nUse additional external cause code (Chapter XX), if desired, to identify drug, if drug-induced', '1', '22', NULL, NULL, NULL, NULL, '2016-12-19 02:33:40', '2016-12-19 02:33:40'),
(1870, 21, 'L68.2', 'Localized hypertrichosis', '1', '22', NULL, NULL, NULL, NULL, '2016-12-19 02:33:40', '2016-12-19 02:33:40'),
(1871, 21, 'L68.3', 'Polytrichia', '1', '22', NULL, NULL, NULL, NULL, '2016-12-19 02:33:40', '2016-12-19 02:33:40'),
(1872, 21, 'L68.8', 'Other hypertrichosis', '1', '22', NULL, NULL, NULL, NULL, '2016-12-19 02:33:40', '2016-12-19 02:33:40'),
(1873, 21, 'L68.9', 'Hypertrichosis, unspecified', '1', '22', NULL, NULL, NULL, NULL, '2016-12-19 02:33:40', '2016-12-19 02:33:40'),
(1874, 21, 'L70.0', 'Acne vulgaris', '1', '22', NULL, NULL, NULL, NULL, '2016-12-19 02:33:40', '2016-12-19 02:33:40'),
(1875, 21, 'L70.1', 'Acne congolobata', '1', '22', NULL, NULL, NULL, NULL, '2016-12-19 02:33:40', '2016-12-19 02:33:40'),
(1876, 21, 'L70.2', 'Acne varioliformis\\r\\nAcne necrotica miliaris', '1', '22', NULL, NULL, NULL, NULL, '2016-12-19 02:33:40', '2016-12-19 02:33:40'),
(1877, 21, 'L70.3', 'Acne tropica', '1', '22', NULL, NULL, NULL, NULL, '2016-12-19 02:33:40', '2016-12-19 02:33:40'),
(1878, 21, 'L70.4', 'Infantile acne', '1', '22', NULL, NULL, NULL, NULL, '2016-12-19 02:33:40', '2016-12-19 02:33:40'),
(1879, 21, 'L70.5', 'Acne excoriee des jeunes filles', '1', '22', NULL, NULL, NULL, NULL, '2016-12-19 02:33:40', '2016-12-19 02:33:40'),
(1880, 21, 'L70.8', 'Other acne', '1', '22', NULL, NULL, NULL, NULL, '2016-12-19 02:33:40', '2016-12-19 02:33:40'),
(1881, 21, 'L70.9', 'Acne, unspecified', '1', '0', NULL, NULL, NULL, NULL, '2016-12-19 02:33:40', '2016-12-19 02:33:40'),
(1882, 21, 'L71.0', 'Perioral dermatitis\\r\\nUse additional external cause code (Chapter XX), if desired, to identify drug, if drug-induced', '1', '22', NULL, NULL, NULL, NULL, '2016-12-19 02:33:40', '2016-12-19 02:33:40'),
(1883, 21, 'L71.1', 'Rhinophyma', '1', '22', NULL, NULL, NULL, NULL, '2016-12-19 02:33:40', '2016-12-19 02:33:40'),
(1884, 21, 'L71.8', 'Other rosacea', '1', '22', NULL, NULL, NULL, NULL, '2016-12-19 02:33:40', '2016-12-19 02:33:40'),
(1885, 21, 'L71.9', 'Rosacea, unspecified', '1', '22', NULL, NULL, NULL, NULL, '2016-12-19 02:33:40', '2016-12-19 02:33:40'),
(1886, 21, 'L72.0', 'Epidermal cyst', '1', '22', NULL, NULL, NULL, NULL, '2016-12-19 02:33:40', '2016-12-19 02:33:40'),
(1887, 21, 'L72.1', 'Trichilemmal cyst\\r\\nPilar cyst\\r\\nSebaceous cyst', '1', '22', NULL, NULL, NULL, NULL, '2016-12-19 02:33:40', '2016-12-19 02:33:40'),
(1888, 21, 'L72.2', 'Steatocystoma multiplex', '1', '22', NULL, NULL, NULL, NULL, '2016-12-19 02:33:40', '2016-12-19 02:33:40'),
(1889, 21, 'L72.8', 'Other follicular cysts of skin and subsutaneous tissue', '1', '22', NULL, NULL, NULL, NULL, '2016-12-19 02:33:40', '2016-12-19 02:33:40'),
(1890, 21, 'L72.9', 'Follicular cyst of skin and subcutanoues tissue, unspecified', '1', '22', NULL, NULL, NULL, NULL, '2016-12-19 02:33:40', '2016-12-19 02:33:40'),
(1891, 21, 'L73.0', 'Acne keloid', '1', '22', NULL, NULL, NULL, NULL, '2016-12-19 02:33:40', '2016-12-19 02:33:40'),
(1892, 21, 'L73.1', 'Pseudofolliculitis barbae', '1', '22', NULL, NULL, NULL, NULL, '2016-12-19 02:33:40', '2016-12-19 02:33:40'),
(1893, 21, 'L73.2', 'Hidradenitis suppurativa', '1', '22', NULL, NULL, NULL, NULL, '2016-12-19 02:33:40', '2016-12-19 02:33:40'),
(1894, 21, 'L73.8', 'Other specified follicular disorders\\r\\nSycosis barbae', '1', '22', NULL, NULL, NULL, NULL, '2016-12-19 02:33:40', '2016-12-19 02:33:40'),
(1895, 21, 'L73.9', 'Follicular disorder, unspecified', '1', '22', NULL, NULL, NULL, NULL, '2016-12-19 02:33:40', '2016-12-19 02:33:40'),
(1896, 21, 'L74.0', 'Miliaria rubra', '1', '22', NULL, NULL, NULL, NULL, '2016-12-19 02:33:40', '2016-12-19 02:33:40'),
(1897, 21, 'L74.1', 'Miliaria crystallina', '1', '22', NULL, NULL, NULL, NULL, '2016-12-19 02:33:40', '2016-12-19 02:33:40'),
(1898, 21, 'L74.2', 'Miliaria profunda\\r\\nMiliaria tropicalis', '1', '22', NULL, NULL, NULL, NULL, '2016-12-19 02:33:40', '2016-12-19 02:33:40'),
(1899, 21, 'L74.3', 'Miliaria , unspecified', '1', '22', NULL, NULL, NULL, NULL, '2016-12-19 02:33:40', '2016-12-19 02:33:40'),
(1900, 21, 'L74.4', 'Anhidrosis\\r\\nHypohidrosis', '1', '22', NULL, NULL, NULL, NULL, '2016-12-19 02:33:40', '2016-12-19 02:33:40'),
(1901, 21, 'L74.8', 'Other eccrine sweat disorders', '1', '22', NULL, NULL, NULL, NULL, '2016-12-19 02:33:40', '2016-12-19 02:33:40'),
(1902, 21, 'L74.9', 'Eccrine sweat disorder, unspecified\\r\\nSweat gland disorder NOS', '1', '22', NULL, NULL, NULL, NULL, '2016-12-19 02:33:40', '2016-12-19 02:33:40'),
(1903, 21, 'L75.0', 'Bromhidrosis', '1', '22', NULL, NULL, NULL, NULL, '2016-12-19 02:33:40', '2016-12-19 02:33:40'),
(1904, 21, 'L75.1', 'Chromhidrosis', '1', '22', NULL, NULL, NULL, NULL, '2016-12-19 02:33:40', '2016-12-19 02:33:40'),
(1905, 21, 'L75.2', 'Apocrine miliaria\\r\\nFox-Fordyce disease', '1', '22', NULL, NULL, NULL, NULL, '2016-12-19 02:33:40', '2016-12-19 02:33:40'),
(1906, 21, 'L75.8', 'Other apocrine sweat disorders', '1', '22', NULL, NULL, NULL, NULL, '2016-12-19 02:33:40', '2016-12-19 02:33:40'),
(1907, 21, 'L75.9', 'Aprocrine sweat disorder, unspecified', '1', '22', NULL, NULL, NULL, NULL, '2016-12-19 02:33:40', '2016-12-19 02:33:40'),
(1908, 20, 'G50.0', 'Trigemina neuralgia\\r\\nSyndrome of paroxysmal facial pain\\r\\nTic douloureux', '1', '47', NULL, NULL, NULL, NULL, '2016-12-19 02:33:40', '2016-12-19 02:33:40'),
(1909, 20, 'G50.1', 'Atypical facial pain', '1', '47', NULL, NULL, NULL, NULL, '2016-12-19 02:33:40', '2016-12-19 02:33:40'),
(1910, 20, 'G50.8', 'Other disorder of trigeminal nerve', '1', '47', NULL, NULL, NULL, NULL, '2016-12-19 02:33:40', '2016-12-19 02:33:40'),
(1911, 20, 'G50.9', 'Disorder of trigeminal nerve, unspecified', '1', '47', NULL, NULL, NULL, NULL, '2016-12-19 02:33:40', '2016-12-19 02:33:40'),
(1912, 20, 'G51.0', 'Bell\'s Palsy\\r\\nFacial palsy', '1', '47', NULL, NULL, NULL, NULL, '2016-12-19 02:33:40', '2016-12-19 02:33:40'),
(1913, 48, 'G51.1', 'Geniculate ganglionitis\\r\\nExcludes: postherpetic geniculate ganglionitis (B02.2)', '1', '0', NULL, NULL, NULL, NULL, '2016-12-19 02:33:40', '2016-12-19 02:33:40'),
(1914, 20, 'G51.2', 'Melkersson\'s Syndrome', '1', '47', NULL, NULL, NULL, NULL, '2016-12-19 02:33:40', '2016-12-19 02:33:40'),
(1915, 20, 'G51.3', 'Clonic hemifacial spasm', '1', '47', NULL, NULL, NULL, NULL, '2016-12-19 02:33:40', '2016-12-19 02:33:40'),
(1916, 20, 'G51.4', 'Facial myokymia', '1', '47', NULL, NULL, NULL, NULL, '2016-12-19 02:33:40', '2016-12-19 02:33:40'),
(1917, 20, 'G51.8', 'Other disorders of facial nerve', '1', '47', NULL, NULL, NULL, NULL, '2016-12-19 02:33:40', '2016-12-19 02:33:40'),
(1918, 20, 'G51.9', 'Disorder of facial nerve, unspecified', '1', '47', NULL, NULL, NULL, NULL, '2016-12-19 02:33:40', '2016-12-19 02:33:40'),
(1919, 20, 'G52.0', 'Disorders of offactory nerve\\r\\nDisorder of 1st cranial nerve', '1', '47', NULL, NULL, NULL, NULL, '2016-12-19 02:33:40', '2016-12-19 02:33:40'),
(1920, 20, 'G52.1', 'Disorders of glossopharyngeal nerve\\r\\nDisorders of 9th cranial nerve\\r\\nGlossopharyngeal neuralgia', '1', '47', NULL, NULL, NULL, NULL, '2016-12-19 02:33:40', '2016-12-19 02:33:40'),
(1921, 20, 'G52.2', 'Disorders of vagus nerve\\r\\nDisorders of pneumogastric (10th) nerve', '1', '47', NULL, NULL, NULL, NULL, '2016-12-19 02:33:40', '2016-12-19 02:33:40'),
(1922, 20, 'G52.3', 'Disorders of hypoglossal nerve\\r\\nDisorders of 12th cranial nerve', '1', '47', NULL, NULL, NULL, NULL, '2016-12-19 02:33:40', '2016-12-19 02:33:40'),
(1923, 20, 'G52.7', 'Disorders of multiple cranial nerves\\r\\nPolyneuritis cranialis', '1', '47', NULL, NULL, NULL, NULL, '2016-12-19 02:33:40', '2016-12-19 02:33:40'),
(1924, 20, 'G52.8', 'Disorders of other unspecified cranial nerves', '1', '47', NULL, NULL, NULL, NULL, '2016-12-19 02:33:40', '2016-12-19 02:33:40'),
(1925, 20, 'G52.9', 'Cranial nerve disorder, unspecified', '1', '47', NULL, NULL, NULL, NULL, '2016-12-19 02:33:40', '2016-12-19 02:33:40'),
(1926, 20, 'G53.0', 'Postzoster neuralgia\\r\\nPostherpetic;\\r\\ngenicualet ganglionitis\\r\\ntrigeminal neuralgia', '1', '47', NULL, NULL, NULL, NULL, '2016-12-19 02:33:40', '2016-12-19 02:33:40'),
(1927, 20, 'G53.1', 'Multiple cranial nerve palsies in infectious and parasitic disease classified elsewhere\\r\\n\\r\\n\\r\\n\\r\\n\\r\\n\\r\\n\\r\\n\\r\\n\\r\\n\\r\\n', '1', '47', NULL, NULL, NULL, NULL, '2016-12-19 02:33:40', '2016-12-19 02:33:40'),
(1928, 20, 'G53.2', 'multiple cranial nerve palsies in sarcoidosis', '1', '47', NULL, NULL, NULL, NULL, '2016-12-19 02:33:40', '2016-12-19 02:33:40'),
(1929, 20, 'G53.3', 'Multiple cranial nerve palsies in neoplastic disease', '1', '47', NULL, NULL, NULL, NULL, '2016-12-19 02:33:40', '2016-12-19 02:33:40'),
(1930, 20, 'G53.8', 'Other cranila nerve disorders in other diseases classified elsewhere', '1', '47', NULL, NULL, NULL, NULL, '2016-12-19 02:33:40', '2016-12-19 02:33:40'),
(1931, 16, 'Q79.0', 'Congenital diaphragmic hernia\\r\\nExcludes: congenital hiatus hernia', '1', '14', NULL, NULL, NULL, NULL, '2016-12-19 02:33:40', '2016-12-19 02:33:40'),
(1932, 16, 'Q79.1', 'Other congenital malformations of diaphragm\\r\\nAbsence of diaphragm\\r\\nCongenital malformation of diaphragm NOS\\r\\nEventration of diaphragm', '1', '14', NULL, NULL, NULL, NULL, '2016-12-19 02:33:40', '2016-12-19 02:33:40'),
(1933, 16, 'Q79.2', 'Exomphalos\\r\\nOmphalocele\\r\\nExcludes: umbilical hernia', '1', '14', NULL, NULL, NULL, NULL, '2016-12-19 02:33:40', '2016-12-19 02:33:40'),
(1934, 16, 'Q79.3', 'Gastrochisis', '1', '14', NULL, NULL, NULL, NULL, '2016-12-19 02:33:40', '2016-12-19 02:33:40'),
(1935, 16, 'Q79.4', 'Prune belly syndrome', '1', '14', NULL, NULL, NULL, NULL, '2016-12-19 02:33:40', '2016-12-19 02:33:40'),
(1936, 44, 'C79.5', 'Secondary malignant neoplasm of bone and bone marrow', '1', '41', NULL, NULL, NULL, NULL, '2016-12-19 02:33:40', '2016-12-19 02:33:40'),
(1937, 0, 'R25.2', 'Cramp and Spasm', '1', '0', NULL, NULL, NULL, NULL, '2016-12-19 02:33:40', '2016-12-19 02:33:40'),
(1938, 0, 'S93.6', 'Sprain and Strain of other and unspecified parts of foot\\r\\nTarsal/Tarsometatarsal/Arch', '1', '0', NULL, NULL, NULL, NULL, '2016-12-19 02:33:40', '2016-12-19 02:33:40'),
(1939, 0, 'E79.0', 'Hyperuricemia (Asymptomatic)', '1', '0', NULL, NULL, NULL, NULL, '2016-12-19 02:33:40', '2016-12-19 02:33:40'),
(1940, 0, 'M45', 'Ankylosing Spondylitis', '1', '0', NULL, NULL, NULL, NULL, '2016-12-19 02:33:40', '2016-12-19 02:33:40'),
(1941, 0, 'G20', 'Parkinson\'s disease, Syndrome or Tremor', '1', '0', NULL, NULL, NULL, NULL, '2016-12-19 02:33:40', '2016-12-19 02:33:40'),
(1942, 0, 'TO3.1', 'Dislocations, sprains and strains involving thorax with lower back and pelvis', '1', '28', NULL, NULL, NULL, NULL, '2016-12-19 02:33:40', '2016-12-19 02:33:40'),
(1943, 0, 'R60.0', 'Localized oedema', '1', '0', NULL, NULL, NULL, NULL, '2016-12-19 02:33:40', '2016-12-19 02:33:40'),
(1944, 0, 'E05.0', 'Thyrotoxicosis with diffuse goitre', '1', '0', NULL, NULL, NULL, NULL, '2016-12-19 02:33:40', '2016-12-19 02:33:40'),
(1945, 0, 'L73', 'Other follicular disorders', '1', '0', NULL, NULL, NULL, NULL, '2016-12-19 02:33:40', '2016-12-19 02:33:40'),
(1946, 0, 'A00.0', 'Cholera due to Vibrio cholerae 01, biovar cholerae', '1', '0', NULL, NULL, NULL, NULL, '2016-12-19 02:33:40', '2016-12-19 02:33:40'),
(1947, 0, 'A00', 'Cholera', '1', '0', NULL, NULL, NULL, NULL, '2016-12-19 02:33:40', '2016-12-19 02:33:40'),
(1948, 0, 'A00.1', 'Cholera due to Vibrio cholerae 01, biovar eltor', '1', '0', NULL, NULL, NULL, NULL, '2016-12-19 02:33:40', '2016-12-19 02:33:40'),
(1949, 0, 'A00.9', 'Cholera unspecified', '1', '0', NULL, NULL, NULL, NULL, '2016-12-19 02:33:40', '2016-12-19 02:33:40'),
(1950, 0, 'A01', 'Typhoid and paratyphoid fevers', '1', '0', NULL, NULL, NULL, NULL, '2016-12-19 02:33:40', '2016-12-19 02:33:40'),
(1951, 0, 'A01.0', 'Typhoid fever', '1', '0', NULL, NULL, NULL, NULL, '2016-12-19 02:33:40', '2016-12-19 02:33:40'),
(1952, 0, 'A01.1', 'Paratyphoid fever A', '1', '0', NULL, NULL, NULL, NULL, '2016-12-19 02:33:40', '2016-12-19 02:33:40'),
(1953, 0, 'A01.2', 'Paratyphoid fever B', '1', '0', NULL, NULL, NULL, NULL, '2016-12-19 02:33:40', '2016-12-19 02:33:40'),
(1954, 0, 'A01.3', 'Paratyphoid fever C', '1', '0', NULL, NULL, NULL, NULL, '2016-12-19 02:33:40', '2016-12-19 02:33:40'),
(1955, 0, 'A01.4', 'Paratyphoid fever, unspecified', '1', '0', NULL, NULL, NULL, NULL, '2016-12-19 02:33:40', '2016-12-19 02:33:40'),
(1956, 0, 'A02', 'Other salmonella infections', '1', '0', NULL, NULL, NULL, NULL, '2016-12-19 02:33:40', '2016-12-19 02:33:40'),
(1957, 0, 'A02.0', 'Salmonella enteritis', '1', '0', NULL, NULL, NULL, NULL, '2016-12-19 02:33:40', '2016-12-19 02:33:40'),
(1958, 0, 'A02.1', 'Salmonella septicaemia', '1', '0', NULL, NULL, NULL, NULL, '2016-12-19 02:33:40', '2016-12-19 02:33:40'),
(1959, 0, 'A02.2', 'Localized salmonella infections', '1', '0', NULL, NULL, NULL, NULL, '2016-12-19 02:33:40', '2016-12-19 02:33:40'),
(1960, 0, 'A02.8', 'Other specified salmonella infections', '1', '0', NULL, NULL, NULL, NULL, '2016-12-19 02:33:40', '2016-12-19 02:33:40'),
(1961, 0, 'A02.9', 'Salmonella infection, unspecified', '1', '0', NULL, NULL, NULL, NULL, '2016-12-19 02:33:40', '2016-12-19 02:33:40'),
(1962, 0, 'A03', 'Shigellosis', '1', '0', NULL, NULL, NULL, NULL, '2016-12-19 02:33:40', '2016-12-19 02:33:40'),
(1963, 0, 'A03.0', 'Shigellosis due to Shigella dysenteriae', '1', '0', NULL, NULL, NULL, NULL, '2016-12-19 02:33:40', '2016-12-19 02:33:40'),
(1964, 0, 'A03.1', 'Shigellosis due to Shigella flexneri', '1', '0', NULL, NULL, NULL, NULL, '2016-12-19 02:33:40', '2016-12-19 02:33:40'),
(1965, 0, 'A03.2', 'Shigellosis due to Shigella boydii', '1', '0', NULL, NULL, NULL, NULL, '2016-12-19 02:33:40', '2016-12-19 02:33:40'),
(1966, 0, 'A03.3', 'Shigellosis due to Shigella sonnei', '1', '0', NULL, NULL, NULL, NULL, '2016-12-19 02:33:40', '2016-12-19 02:33:40'),
(1967, 0, 'A03.8', 'Other Shigellosis', '1', '0', NULL, NULL, NULL, NULL, '2016-12-19 02:33:40', '2016-12-19 02:33:40'),
(1968, 0, 'A03.9', 'Shigellosis, unspecified', '1', '0', NULL, NULL, NULL, NULL, '2016-12-19 02:33:40', '2016-12-19 02:33:40'),
(1969, 0, 'A04', 'Other bacterial intestinal infections', '1', '0', NULL, NULL, NULL, NULL, '2016-12-19 02:33:40', '2016-12-19 02:33:40'),
(1970, 0, 'A04.0', 'Enteropathogenic Escherichia coli infection', '1', '0', NULL, NULL, NULL, NULL, '2016-12-19 02:33:40', '2016-12-19 02:33:40'),
(1971, 0, 'R22.4', 'LOCALIZED SWELLING, MASS AND LUMP, LOWER LIMB', '1', '0', NULL, NULL, NULL, NULL, '2016-12-19 02:33:40', '2016-12-19 02:33:40'),
(1972, 0, 'R50.9', 'Fever, unspecified', '1', '0', NULL, NULL, NULL, NULL, '2016-12-19 02:33:40', '2016-12-19 02:33:40'),
(1973, 0, 'G06.2', 'Abscess, Epidural', '1', '0', NULL, NULL, NULL, NULL, '2016-12-19 02:33:40', '2016-12-19 02:33:40'),
(1974, 41, 'C79.8', 'Neoplasm, Metastatic, Cervical', '1', '41', NULL, NULL, NULL, NULL, '2016-12-19 02:33:40', '2016-12-19 02:33:40'),
(1975, 0, 'G62.9', 'Polyneuropathy, unspecified', '1', '0', NULL, NULL, NULL, NULL, '2016-12-19 02:33:40', '2016-12-19 02:33:40'),
(1976, 0, 'G59.0*', 'Diabetic mononeuropathy, R', '1', '0', NULL, NULL, NULL, NULL, '2016-12-19 02:33:40', '2016-12-19 02:33:40'),
(1977, 0, 'I00', 'Rheumatic fever without mention of heart involvement', '1', '0', NULL, NULL, NULL, NULL, '2016-12-19 02:33:40', '2016-12-19 02:33:40'),
(1978, 0, 'I83', 'Varicose veins of lower extremities', '1', '0', NULL, NULL, NULL, NULL, '2016-12-19 02:33:40', '2016-12-19 02:33:40'),
(1979, 0, 'Q85.0', 'Neurofibromatosis (multiple) (nonmalignant)', '1', '0', NULL, NULL, NULL, NULL, '2016-12-19 02:33:40', '2016-12-19 02:33:40'),
(1980, 41, 'C76.1', 'Malignant neoplasm, secondary, thorax, intrathoracic and thoracic', '1', '0', NULL, NULL, NULL, NULL, '2016-12-19 02:33:40', '2016-12-19 02:33:40'),
(1981, 0, 'B34.9', 'Viral Infection, unspecified', '1', '0', NULL, NULL, NULL, NULL, '2016-12-19 02:33:40', '2016-12-19 02:33:40'),
(1982, 0, 'J99.8*', 'Pneumonia', '1', '0', NULL, NULL, NULL, NULL, '2016-12-19 02:33:40', '2016-12-19 02:33:40'),
(1983, 0, 'R29.8', 'GROWING PAINS IN CHILDREN', '1', '0', NULL, NULL, NULL, NULL, '2016-12-19 02:33:40', '2016-12-19 02:33:40'),
(1984, 0, 'G24.8', 'Other Dystonia', '1', '0', NULL, NULL, NULL, NULL, '2016-12-19 02:33:40', '2016-12-19 02:33:40'),
(1985, 0, 'I10', 'Essential (primary) hypertension', '1', '0', NULL, NULL, NULL, NULL, '2016-12-19 02:33:40', '2016-12-19 02:33:40'),
(1986, 0, 'J06.9', 'Acute upper respiratory infections of multiple and unspecified sites', '1', '0', NULL, NULL, NULL, NULL, '2016-12-19 02:33:40', '2016-12-19 02:33:40'),
(1987, 0, 'A09', 'Diarrhea and gastroenteritis of presumed infectious origin', '1', '0', NULL, NULL, NULL, NULL, '2016-12-19 02:33:40', '2016-12-19 02:33:40'),
(1988, 49, 'E40', 'Nutritional diseases, Malnutrition, Kwashiorkor', '1', '65', NULL, NULL, NULL, NULL, '2016-12-19 02:33:40', '2016-12-19 02:33:40'),
(1989, 49, 'E41', 'Nutritional diseases, Malnutrition, Nutritional marasmus', '1', '65', NULL, NULL, NULL, NULL, '2016-12-19 02:33:40', '2016-12-19 02:33:40'),
(1990, 49, 'E42', 'Nutritional diseases, Malnutrition, Marasmic kwashiorkor', '1', '65', NULL, NULL, NULL, NULL, '2016-12-19 02:33:40', '2016-12-19 02:33:40'),
(1991, 49, 'E43', 'Nutritional diseases, Malnutrition, Unspecified severe protein-energy malnutrition', '1', '65', NULL, NULL, NULL, NULL, '2016-12-19 02:33:40', '2016-12-19 02:33:40'),
(1992, 49, 'E44', 'Nutritional diseases, Malnutrition, Protein-energy malnutrition of moderate and mild degree', '1', '65', NULL, NULL, NULL, NULL, '2016-12-19 02:33:40', '2016-12-19 02:33:40'),
(1993, 49, 'E45', 'Nutritional diseases, Malnutrition, Retarded development following protein-energy malnutrition', '1', '65', NULL, NULL, NULL, NULL, '2016-12-19 02:33:40', '2016-12-19 02:33:40'),
(1994, 49, 'E50', 'Nutritional diseases, Other nutritional deficiencies,Vitamin A deficiency', '1', '55', NULL, NULL, NULL, NULL, '2016-12-19 02:33:40', '2016-12-19 02:33:40'),
(1995, 49, 'E500', 'Nutritional diseases, Other nutritional deficiencies, Vitamin A deficiency with conjunctival xerosis', '1', '55', NULL, NULL, NULL, NULL, '2016-12-19 02:33:40', '2016-12-19 02:33:40'),
(1996, 49, 'E501', 'Nutritional diseases, Other nutritional deficiencies, Vitamin A deficiency with Bitot\'s spot and conjunctival xerosis', '1', '55', NULL, NULL, NULL, NULL, '2016-12-19 02:33:40', '2016-12-19 02:33:40'),
(1997, 49, 'E46', 'Nutritional diseases, Malnutrition, Unspecified protein-energy malnutrition', '1', '65', NULL, NULL, NULL, NULL, '2016-12-19 02:33:40', '2016-12-19 02:33:40'),
(1998, 49, 'E502', 'Nutritional diseases, Other nutritional deficiencies, Vitamin A deficiency with corneal xerosis', '1', '55', NULL, NULL, NULL, NULL, '2016-12-19 02:33:40', '2016-12-19 02:33:40'),
(1999, 49, 'E503', 'Nutritional diseases, Other nutritional deficiencies, Vitamin A deficiency with corneal ulceration and xerosis', '1', '55', NULL, NULL, NULL, NULL, '2016-12-19 02:33:40', '2016-12-19 02:33:40'),
(2000, 49, 'E504', 'Nutritional diseases, Other nutritional deficiencies, Vitamin A deficiency with keratomalacia', '1', '55', NULL, NULL, NULL, NULL, '2016-12-19 02:33:40', '2016-12-19 02:33:40'),
(2001, 49, 'E505', 'Nutritional diseases, Other nutritional deficiencies, Vitamin A deficiency with night blindness', '1', '55', NULL, NULL, NULL, NULL, '2016-12-19 02:33:40', '2016-12-19 02:33:40'),
(2002, 49, 'E506', 'Nutritional diseases, Other nutritional deficiencies, Vitamin A deficiency with xerophthalmic scars of cornea', '1', '55', NULL, NULL, NULL, NULL, '2016-12-19 02:33:40', '2016-12-19 02:33:40'),
(2003, 49, 'E507', 'Nutritional diseases, Other nutritional deficiencies, Other ocular manifestations of vitamin A deficiency', '1', '55', NULL, NULL, NULL, NULL, '2016-12-19 02:33:40', '2016-12-19 02:33:40'),
(2004, 49, 'E51', 'Nutritional diseases, Other nutritional deficiencies, Thiamine deficiency', '1', '55', NULL, NULL, NULL, NULL, '2016-12-19 02:33:40', '2016-12-19 02:33:40'),
(2005, 49, 'E511', 'Nutritional diseases, Other nutritional deficiencies, Beriberi', '1', '55', NULL, NULL, NULL, NULL, '2016-12-19 02:33:40', '2016-12-19 02:33:40'),
(2006, 49, 'E512', 'Nutritional diseases, Other nutritional deficiencies, Wernicke\'s encephalopathy', '1', '55', NULL, NULL, NULL, NULL, '2016-12-19 02:33:40', '2016-12-19 02:33:40'),
(2007, 49, 'E52', 'Nutritional diseases, Other nutritional deficiencies, Niacin deficiency (pellagra)', '1', '55', NULL, NULL, NULL, NULL, '2016-12-19 02:33:40', '2016-12-19 02:33:40'),
(2008, 49, 'E53', 'Nutritional diseases, Other nutritional deficiencies, Deficiency of other B group vitamins', '1', '55', NULL, NULL, NULL, NULL, '2016-12-19 02:33:40', '2016-12-19 02:33:40'),
(2009, 49, 'E530', 'Nutritional diseases, Other nutritional deficiencies, Riboflavin deficiency', '1', '55', NULL, NULL, NULL, NULL, '2016-12-19 02:33:40', '2016-12-19 02:33:40'),
(2010, 49, 'E531', 'Nutritional diseases, Other nutritional deficiencies,  Pyridoxine deficiency', '1', '55', NULL, NULL, NULL, NULL, '2016-12-19 02:33:40', '2016-12-19 02:33:40'),
(2011, 49, 'E538', 'Nutritional diseases, Other nutritional deficiencies, Deficiency of other specified B group vitamins', '1', '55', NULL, NULL, NULL, NULL, '2016-12-19 02:33:40', '2016-12-19 02:33:40'),
(2012, 49, 'E54', 'Nutritional diseases, Other nutritional deficiencies, Ascorbic acid deficiency', '1', '55', NULL, NULL, NULL, NULL, '2016-12-19 02:33:40', '2016-12-19 02:33:40'),
(2013, 49, 'E55', 'Nutritional diseases, Other nutritional deficiencies, Vitamin D deficiency', '1', '55', NULL, NULL, NULL, NULL, '2016-12-19 02:33:40', '2016-12-19 02:33:40'),
(2014, 49, 'E550', 'Nutritional diseases, Other nutritional deficiencies, Rickets, active', '1', '55', NULL, NULL, NULL, NULL, '2016-12-19 02:33:40', '2016-12-19 02:33:40'),
(2015, 49, 'E56', 'Nutritional diseases, Other nutritional deficiencies, Other vitamin deficiencies', '1', '55', NULL, NULL, NULL, NULL, '2016-12-19 02:33:40', '2016-12-19 02:33:40'),
(2016, 49, 'E560', 'Nutritional diseases, Other nutritional deficiencies, Deficiency of vitamin E', '1', '55', NULL, NULL, NULL, NULL, '2016-12-19 02:33:40', '2016-12-19 02:33:40'),
(2017, 49, 'E561', 'Nutritional diseases, Other nutritional deficiencies, Deficiency of vitamin K', '1', '55', NULL, NULL, NULL, NULL, '2016-12-19 02:33:40', '2016-12-19 02:33:40'),
(2018, 49, 'E58', 'Nutritional diseases, Other nutritional deficiencies, Dietary calcium deficiency', '1', '55', NULL, NULL, NULL, NULL, '2016-12-19 02:33:40', '2016-12-19 02:33:40'),
(2019, 49, 'E59', 'Nutritional diseases, Other nutritional deficiencies, Dietary selenium deficiency', '1', '55', NULL, NULL, NULL, NULL, '2016-12-19 02:33:40', '2016-12-19 02:33:40'),
(2020, 49, 'E60', 'Nutritional diseases, Other nutritional deficiencies, Dietary zinc deficiency', '1', '55', NULL, NULL, NULL, NULL, '2016-12-19 02:33:40', '2016-12-19 02:33:40'),
(2021, 49, 'E61', 'Nutritional diseases, Other nutritional deficiencies, Deficiency of other nutrient elements', '1', '55', NULL, NULL, NULL, NULL, '2016-12-19 02:33:40', '2016-12-19 02:33:40'),
(2022, 49, 'E611', 'Nutritional diseases, Other nutritional deficiencies, Iron deficiency', '1', '55', NULL, NULL, NULL, NULL, '2016-12-19 02:33:40', '2016-12-19 02:33:40'),
(2023, 49, 'E612', 'Nutritional diseases, Other nutritional deficiencies, Magnesium deficiency', '1', '55', NULL, NULL, NULL, NULL, '2016-12-19 02:33:40', '2016-12-19 02:33:40'),
(2024, 49, 'E613', 'Nutritional diseases, Other nutritional deficiencies, Manganese deficiency', '1', '55', NULL, NULL, NULL, NULL, '2016-12-19 02:33:40', '2016-12-19 02:33:40');
INSERT INTO `icds` (`id`, `icdCategoriesID`, `code`, `description`, `version`, `subIcdCategories1ID`, `subIcdCategories2ID`, `subIcdCategories3ID`, `subIcdCategories4ID`, `deleted_at`, `created_at`, `updated_at`) VALUES
(2025, 49, 'E614', 'Nutritional diseases, Other nutritional deficiencies, Chromium deficiency', '1', '55', NULL, NULL, NULL, NULL, '2016-12-19 02:33:40', '2016-12-19 02:33:40'),
(2026, 49, 'E615', 'Nutritional diseases, Other nutritional deficiencies, Molybdenum deficiency', '1', '55', NULL, NULL, NULL, NULL, '2016-12-19 02:33:40', '2016-12-19 02:33:40'),
(2027, 49, 'E616', 'Nutritional diseases, Other nutritional deficiencies, Vanadium deficiency', '1', '55', NULL, NULL, NULL, NULL, '2016-12-19 02:33:40', '2016-12-19 02:33:40'),
(2028, 49, 'E63', 'Nutritional diseases, Other nutritional deficiencies, Other nutritional deficiencies', '1', '55', NULL, NULL, NULL, NULL, '2016-12-19 02:33:40', '2016-12-19 02:33:40'),
(2029, 49, 'E630', 'Nutritional diseases, Other nutritional deficiencies, Essential fatty acid (EFA) deficiency', '1', '55', NULL, NULL, NULL, NULL, '2016-12-19 02:33:40', '2016-12-19 02:33:40'),
(2030, 49, 'E64', 'Nutritional diseases, Other nutritional deficiencies, Sequelae of malnutrition and other nutritional deficiencies', '1', '55', NULL, NULL, NULL, NULL, '2016-12-19 02:33:40', '2016-12-19 02:33:40'),
(2031, 49, 'E65', 'Nutritional diseases, Obesity and other hyperalimentation, Localized adiposity', '1', '50', NULL, NULL, NULL, NULL, '2016-12-19 02:33:40', '2016-12-19 02:33:40'),
(2032, 49, 'E66', 'Nutritional diseases, Obesity and other hyperalimentation, Obesity', '1', '50', NULL, NULL, NULL, NULL, '2016-12-19 02:33:40', '2016-12-19 02:33:40'),
(2033, 49, 'E67', 'Nutritional diseases, Obesity and other hyperalimentation, Other hyperalimentation', '1', '50', NULL, NULL, NULL, NULL, '2016-12-19 02:33:40', '2016-12-19 02:33:40'),
(2034, 49, 'E670', 'Nutritional diseases, Obesity and other hyperalimentation, Hypervitaminosis A', '1', '50', NULL, NULL, NULL, NULL, '2016-12-19 02:33:40', '2016-12-19 02:33:40'),
(2035, 49, 'E673', 'Nutritional diseases, Obesity and other hyperalimentation, Hypervitaminosis D', '1', '50', NULL, NULL, NULL, NULL, '2016-12-19 02:33:40', '2016-12-19 02:33:40'),
(2036, 49, 'E68', 'Nutritional diseases, Obesity and other hyperalimentation, Sequelae of hyperalimentation', '1', '50', NULL, NULL, NULL, NULL, '2016-12-19 02:33:40', '2016-12-19 02:33:40'),
(2037, 49, 'E70', 'Nutritional diseases, Amino-acids, Disorders of aromatic amino-acid metabolism', '1', '1', NULL, NULL, NULL, NULL, '2016-12-19 02:33:40', '2016-12-19 02:33:40'),
(2038, 49, 'E700', 'Nutritional diseases, Amino-acids, Classical phenylketonuria', '1', '1', NULL, NULL, NULL, NULL, '2016-12-19 02:33:40', '2016-12-19 02:33:40'),
(2039, 49, 'E701', 'Nutritional diseases, Amino-acids, Other hyperphenylalaninemias', '1', '1', NULL, NULL, NULL, NULL, '2016-12-19 02:33:40', '2016-12-19 02:33:40'),
(2040, 49, 'E702', 'Nutritional diseases, Amino-acids, Disorders of tyrosine metabolism', '1', '1', NULL, NULL, NULL, NULL, '2016-12-19 02:33:40', '2016-12-19 02:33:40'),
(2041, 49, 'E703', 'Nutritional diseases, Amino-acids, Albinism', '1', '1', NULL, NULL, NULL, NULL, '2016-12-19 02:33:40', '2016-12-19 02:33:40'),
(2042, 49, 'E71', 'Nutritional diseases, Amino-acids, Disorders of branched-chain amino-acid metabolism and fatty-acid metabolism', '1', '1', NULL, NULL, NULL, NULL, '2016-12-19 02:33:40', '2016-12-19 02:33:40'),
(2043, 49, 'E710', 'Nutritional diseases, Amino-acids, Maple-syrup-urine disease', '1', '1', NULL, NULL, NULL, NULL, '2016-12-19 02:33:40', '2016-12-19 02:33:40'),
(2044, 49, 'E711', 'Nutritional diseases, Amino-acids, Other disorders of branched-chain amino-acid metabolism', '1', '1', NULL, NULL, NULL, NULL, '2016-12-19 02:33:40', '2016-12-19 02:33:40'),
(2045, 49, 'E712', 'Nutritional diseases, Amino-acids, Disorder of branched-chain amino-acid metabolism, unspecified', '1', '1', NULL, NULL, NULL, NULL, '2016-12-19 02:33:40', '2016-12-19 02:33:40'),
(2046, 49, 'E713', 'Nutritional diseases, Amino-acids, Disorders of fatty-acid metabolism', '1', '1', NULL, NULL, NULL, NULL, '2016-12-19 02:33:40', '2016-12-19 02:33:40'),
(2047, 49, 'E72', 'Nutritional diseases, Amino-acids, Other disorders of amino-acid metabolism', '1', '1', NULL, NULL, NULL, NULL, '2016-12-19 02:33:40', '2016-12-19 02:33:40'),
(2048, 49, 'E720', 'Nutritional diseases, Amino-acids, Disorders of amino-acid transport', '1', '1', NULL, NULL, NULL, NULL, '2016-12-19 02:33:40', '2016-12-19 02:33:40'),
(2049, 49, 'E721', 'Nutritional diseases, Amino-acids, Disorders of sulfur-bearing amino-acid metabolism', '1', '1', NULL, NULL, NULL, NULL, '2016-12-19 02:33:40', '2016-12-19 02:33:40'),
(2050, 49, 'E722', 'Nutritional diseases, Amino-acids, Disorders of urea cycle metabolism', '1', '1', NULL, NULL, NULL, NULL, '2016-12-19 02:33:40', '2016-12-19 02:33:40'),
(2051, 49, 'E723', 'Nutritional diseases, Amino-acids, Disorders of lysine and hydroxylysine metabolism', '1', '1', NULL, NULL, NULL, NULL, '2016-12-19 02:33:40', '2016-12-19 02:33:40'),
(2052, 49, 'E724', 'Nutritional diseases, Amino-acids, Disorders of ornithine metabolism', '1', '1', NULL, NULL, NULL, NULL, '2016-12-19 02:33:40', '2016-12-19 02:33:40'),
(2053, 49, 'E725', 'Nutritional diseases, Amino-acids, Disorders of glycine metabolism', '1', '1', NULL, NULL, NULL, NULL, '2016-12-19 02:33:40', '2016-12-19 02:33:40'),
(2054, 49, 'F30', 'Nutritional diseases, Mood (affective) disorders, Manic episode', '1', '43', NULL, NULL, NULL, NULL, '2016-12-19 02:33:40', '2016-12-19 02:33:40'),
(2055, 49, 'F300', 'Nutritional diseases, Mood (affective) disorders, Hypomania', '1', '43', NULL, NULL, NULL, NULL, '2016-12-19 02:33:40', '2016-12-19 02:33:40'),
(2056, 49, 'F31', 'Nutritional diseases, Mood (affective) disorders, Bipolar affective disorder', '1', '43', NULL, NULL, NULL, NULL, '2016-12-19 02:33:40', '2016-12-19 02:33:40'),
(2057, 49, 'F32', 'Nutritional diseases, Mood (affective) disorders, Depressive episode', '1', '43', NULL, NULL, NULL, NULL, '2016-12-19 02:33:40', '2016-12-19 02:33:40'),
(2058, 49, 'F33', 'Nutritional diseases, Mood (affective) disorders, Recurrent depressive disorder', '1', '43', NULL, NULL, NULL, NULL, '2016-12-19 02:33:40', '2016-12-19 02:33:40'),
(2059, 49, 'F34', 'Nutritional diseases, Mood (affective) disorders, Persistent mood (affective) disorders', '1', '43', NULL, NULL, NULL, NULL, '2016-12-19 02:33:40', '2016-12-19 02:33:40'),
(2060, 49, 'F340', 'Nutritional diseases,  Mood (affective) disorders, Cyclothymia', '1', '43', NULL, NULL, NULL, NULL, '2016-12-19 02:33:40', '2016-12-19 02:33:40'),
(2061, 49, 'F341', 'Nutritional diseases, Mood (affective) disorders, Dysthymia', '1', '43', NULL, NULL, NULL, NULL, '2016-12-19 02:33:40', '2016-12-19 02:33:40'),
(2062, 49, 'F38', 'Nutritional diseases, Mood (affective) disorders, Other mood (affective) disorders', '1', '43', NULL, NULL, NULL, NULL, '2016-12-19 02:33:40', '2016-12-19 02:33:40'),
(2063, 49, 'F39', 'Nutritional diseases, Mood (affective) disorders, Unspecified mood (affective) disorder', '1', '43', NULL, NULL, NULL, NULL, '2016-12-19 02:33:40', '2016-12-19 02:33:40'),
(2064, 49, 'F431', 'Nutritional diseases, Mood (affective) disorders, Post-traumatic stress disorder', '1', '43', NULL, NULL, NULL, NULL, '2016-12-19 02:33:40', '2016-12-19 02:33:40'),
(2065, 49, 'F430', 'Nutritional diseases, Mood (affective) disorders, Acute stress reaction', '1', '43', NULL, NULL, NULL, NULL, '2016-12-19 02:33:40', '2016-12-19 02:33:40'),
(2066, 49, 'F43', 'Nutritional diseases, Mood (affective) disorders, Reaction to severe stress, and adjustment disorders', '1', '43', NULL, NULL, NULL, NULL, '2016-12-19 02:33:40', '2016-12-19 02:33:40'),
(2067, 49, 'F42', 'Nutritional diseases, Mood (affective) disorders, Obsessive-compulsive disorder', '1', '43', NULL, NULL, NULL, NULL, '2016-12-19 02:33:40', '2016-12-19 02:33:40'),
(2068, 49, 'F411', 'Nutritional diseases, Mood (affective) disorders, Generalized anxiety disorder', '1', '43', NULL, NULL, NULL, NULL, '2016-12-19 02:33:40', '2016-12-19 02:33:40'),
(2069, 49, 'F410', 'Nutritional diseases, Mood (affective) disorders, Panic disorder (episodic paroxysmal anxiety)', '1', '43', NULL, NULL, NULL, NULL, '2016-12-19 02:33:40', '2016-12-19 02:33:40'),
(2070, 49, 'F40', 'Nutritional diseases, Mood (affective) disorders, Phobic anxiety disorders', '1', '43', NULL, NULL, NULL, NULL, '2016-12-19 02:33:40', '2016-12-19 02:33:40'),
(2071, 49, 'F400', 'Nutritional diseases, Mood (affective) disorders, Agoraphobia', '1', '43', NULL, NULL, NULL, NULL, '2016-12-19 02:33:40', '2016-12-19 02:33:40'),
(2072, 49, 'F41', 'Nutritional diseases, Mood (affective) disorders, Other anxiety disorders', '1', '43', NULL, NULL, NULL, NULL, '2016-12-19 02:33:40', '2016-12-19 02:33:40'),
(2073, 49, 'F44', 'Nutritional diseases, Mood (affective) disorders, Dissociative (conversion) disorders', '1', '43', NULL, NULL, NULL, NULL, '2016-12-19 02:33:40', '2016-12-19 02:33:40'),
(2074, 49, 'F440', 'Nutritional diseases, Mood (affective) disorders, Dissociative amnesia', '1', '43', NULL, NULL, NULL, NULL, '2016-12-19 02:33:40', '2016-12-19 02:33:40'),
(2075, 49, 'F441', 'Nutritional diseases, Mood (affective) disorders, Dissociative fugue', '1', '43', NULL, NULL, NULL, NULL, '2016-12-19 02:33:40', '2016-12-19 02:33:40'),
(2076, 49, 'F45', 'Nutritional diseases, Mood (affective) disorders, Somatoform disorders', '1', '43', NULL, NULL, NULL, NULL, '2016-12-19 02:33:40', '2016-12-19 02:33:40'),
(2077, 49, 'F450', 'Nutritional diseases, Mood (affective) disorders, Somatization disorder', '1', '43', NULL, NULL, NULL, NULL, '2016-12-19 02:33:40', '2016-12-19 02:33:40'),
(2078, 49, 'F48', 'Nutritional diseases, Mood (affective) disorders, Other neurotic disorders', '1', '43', NULL, NULL, NULL, NULL, '2016-12-19 02:33:40', '2016-12-19 02:33:40'),
(2079, 49, 'F480', 'Nutritional diseases, Mood (affective) disorders, Neurasthenia', '1', '43', NULL, NULL, NULL, NULL, '2016-12-19 02:33:40', '2016-12-19 02:33:40');

-- --------------------------------------------------------

--
-- Table structure for table `labItem`
--

CREATE TABLE `labItem` (
  `id` int(10) UNSIGNED NOT NULL,
  `labItemClassID` int(11) DEFAULT NULL,
  `groupID` int(11) DEFAULT NULL,
  `name` varchar(100) COLLATE utf8_unicode_ci DEFAULT NULL,
  `rangeOfVal` text COLLATE utf8_unicode_ci,
  `isNumeric` tinyint(4) DEFAULT '0',
  `unit` char(30) COLLATE utf8_unicode_ci DEFAULT NULL,
  `normalMinValue` decimal(10,5) DEFAULT NULL,
  `normalMaxValue` decimal(10,5) DEFAULT NULL,
  `deleted_at` timestamp NULL DEFAULT NULL,
  `created_at` timestamp NOT NULL DEFAULT '0000-00-00 00:00:00',
  `updated_at` timestamp NOT NULL DEFAULT '0000-00-00 00:00:00'
) ENGINE=InnoDB DEFAULT CHARSET=utf8 COLLATE=utf8_unicode_ci;

--
-- Dumping data for table `labItem`
--

INSERT INTO `labItem` (`id`, `labItemClassID`, `groupID`, `name`, `rangeOfVal`, `isNumeric`, `unit`, `normalMinValue`, `normalMaxValue`, `deleted_at`, `created_at`, `updated_at`) VALUES
(1, 1, 0, 'Albumin', '', 1, 'g/L', '35.00000', '50.00000', NULL, '2016-12-19 02:31:07', '2016-12-19 02:31:07'),
(2, 1, 0, 'Alk Phos', '', 1, 'IU/L', '44.00000', '147.00000', NULL, '2016-12-19 02:31:07', '2016-12-19 02:31:07'),
(3, 1, 0, 'BUN', '', 1, 'mgs/dL', '5.00000', '23.00000', NULL, '2016-12-19 02:31:07', '2016-12-19 02:31:07'),
(4, 1, 0, 'Creatinine', '', 1, 'mgs/dL', '0.60000', '1.30000', NULL, '2016-12-19 02:31:07', '2016-12-19 02:31:07'),
(5, 1, 0, 'Globulins', '', 1, 'g/L', '25.00000', '35.00000', NULL, '2016-12-19 02:31:07', '2016-12-19 02:31:07'),
(6, 1, 0, 'HBA1C', '', 1, '%', '4.00000', '5.60000', NULL, '2016-12-19 02:31:07', '2016-12-19 02:31:07'),
(7, 1, 0, 'HDL', '', 1, 'mgs/dL', '30.00000', '0.00000', NULL, '2016-12-19 02:31:07', '2016-12-19 02:31:07'),
(8, 1, 0, 'LDH', '', 1, 'U/L', '50.00000', '150.00000', NULL, '2016-12-19 02:31:07', '2016-12-19 02:31:07'),
(9, 1, 0, 'LDL', '', 1, 'mgs/dL', '0.00000', '130.00000', NULL, '2016-12-19 02:31:07', '2016-12-19 02:31:07'),
(10, 1, 0, 'OGTT', '(FBS, 75g glucose, 1 Bld. sugar, 2 Bld sugar)', 1, 'mg/dL', '65.00000', '110.00000', NULL, '2016-12-19 02:31:07', '2016-12-19 02:31:07'),
(11, 1, 0, 'Protime', '', 1, 'seconds', '11.00000', '13.50000', NULL, '2016-12-19 02:31:07', '2016-12-19 02:31:07'),
(12, 1, 0, 'PSA', '', 1, 'ng/mL', '0.00000', '4.00000', NULL, '2016-12-19 02:31:07', '2016-12-19 02:31:07'),
(13, 1, 0, 'Serum Cl', '', 1, 'mEq/L', '96.00000', '106.00000', NULL, '2016-12-19 02:31:07', '2016-12-19 02:31:07'),
(14, 1, 0, 'Serum K', '', 1, 'mEq/L', '3.70000', '5.20000', NULL, '2016-12-19 02:31:07', '2016-12-19 02:31:07'),
(15, 1, 0, 'Serum Mg', '', 1, 'mg/dL', '1.70000', '2.20000', NULL, '2016-12-19 02:31:07', '2016-12-19 02:31:07'),
(16, 1, 0, 'Serum Na', '', 1, 'mEq/L', '135.00000', '145.00000', NULL, '2016-12-19 02:31:07', '2016-12-19 02:31:07'),
(17, 1, 0, 'SGOT', '', 1, 'R-F Units', '0.00000', '40.00000', NULL, '2016-12-19 02:31:07', '2016-12-19 02:31:07'),
(18, 1, 0, 'SGPT', '', 1, 'R-F Units', '0.00000', '45.00000', NULL, '2016-12-19 02:31:07', '2016-12-19 02:31:07'),
(19, 1, 0, 'T Protein', '', 1, 'g/L', '64.00000', '83.00000', NULL, '2016-12-19 02:31:07', '2016-12-19 02:31:07'),
(20, 1, 0, 'T3', '', 1, 'ng/dL', '70.00000', '132.00000', NULL, '2016-12-19 02:31:07', '2016-12-19 02:31:07'),
(21, 1, 0, 'T4', '', 1, 'ug/dl', '4.60000', '12.00000', NULL, '2016-12-19 02:31:07', '2016-12-19 02:31:07'),
(22, 1, 0, 'Total Cholesterol', '', 1, 'mgs/dL', '0.00000', '200.00000', NULL, '2016-12-19 02:31:07', '2016-12-19 02:31:07'),
(23, 1, 0, 'Triglycerides', '', 1, 'mgs/dL', '0.00000', '200.00000', NULL, '2016-12-19 02:31:07', '2016-12-19 02:31:07'),
(24, 1, 0, 'TSH', '', 1, 'uU/ml', '0.50000', '4.60000', NULL, '2016-12-19 02:31:07', '2016-12-19 02:31:07'),
(25, 1, 0, 'Uric Acid', '', 1, 'mgs/dL', '3.00000', '7.00000', NULL, '2016-12-19 02:31:07', '2016-12-19 02:31:07'),
(26, 2, 0, '12-Lead ECG', '', 0, '', '0.00000', '0.00000', NULL, '2016-12-19 02:31:07', '2016-12-19 02:31:07'),
(27, 2, 0, '2D-Echocardiogram', 'with Doppler', 0, '', '0.00000', '0.00000', NULL, '2016-12-19 02:31:07', '2016-12-19 02:31:07'),
(28, 2, 0, 'Ambulatory BP Monitoring', '', 0, '', '0.00000', '0.00000', NULL, '2016-12-19 02:31:07', '2016-12-19 02:31:07'),
(29, 2, 0, 'Arterial/Venous Duplex', '', 0, '', '0.00000', '0.00000', NULL, '2016-12-19 02:31:07', '2016-12-19 02:31:07'),
(30, 2, 0, 'Carotid Duplex', '', 0, '', '0.00000', '0.00000', NULL, '2016-12-19 02:31:07', '2016-12-19 02:31:07'),
(31, 2, 0, 'CT Angiogram', '1-15', 0, '', '0.00000', '0.00000', NULL, '2016-12-19 02:31:07', '2016-12-19 02:31:07'),
(32, 2, 0, 'Dipy-Thallium/Technetium', '', 0, '', '0.00000', '0.00000', NULL, '2016-12-19 02:31:07', '2016-12-19 02:31:07'),
(33, 2, 0, 'Exercise Technetium/Thalium', '', 0, '', '0.00000', '0.00000', NULL, '2016-12-19 02:31:07', '2016-12-19 02:31:07'),
(34, 2, 0, 'Holter Monitoring', 'No. of hours', 0, '', '0.00000', '0.00000', NULL, '2016-12-19 02:31:07', '2016-12-19 02:31:07'),
(35, 2, 0, 'Stress Test', 'Protocol:', 0, '', '0.00000', '0.00000', NULL, '2016-12-19 02:31:07', '2016-12-19 02:31:07'),
(36, 2, 0, 'Ventilation-Perfusion Scan', '', 0, '', '0.00000', '0.00000', NULL, '2016-12-19 02:31:07', '2016-12-19 02:31:07'),
(37, 3, 0, 'Blood', '', 0, '', '0.00000', '0.00000', NULL, '2016-12-19 02:31:07', '2016-12-19 02:31:07'),
(38, 3, 0, 'Drainage', '', 0, '', '0.00000', '0.00000', NULL, '2016-12-19 02:31:07', '2016-12-19 02:31:07'),
(39, 3, 0, 'Tissue', '', 0, '', '0.00000', '0.00000', NULL, '2016-12-19 02:31:07', '2016-12-19 02:31:07'),
(40, 3, 0, 'Wound', '', 0, '', '0.00000', '0.00000', NULL, '2016-12-19 02:31:07', '2016-12-19 02:31:07'),
(41, 4, 0, 'Bone Density (T-Score)', '', 1, 'SD', '-1.00000', '1.00000', NULL, '2016-12-19 02:31:07', '2016-12-19 02:31:07'),
(42, 4, 0, 'CAT Scan', '', 0, '', '0.00000', '0.00000', NULL, '2016-12-19 02:31:07', '2016-12-19 02:31:07'),
(43, 4, 0, 'MRI', '', 0, '', '0.00000', '0.00000', NULL, '2016-12-19 02:31:07', '2016-12-19 02:31:07'),
(44, 4, 0, 'Tomography', '', 0, '', '0.00000', '0.00000', NULL, '2016-12-19 02:31:07', '2016-12-19 02:31:07'),
(45, 4, 0, 'Ultrasound', '', 0, '', '0.00000', '0.00000', NULL, '2016-12-19 02:31:07', '2016-12-19 02:31:07'),
(46, 5, 0, 'Urinalysis', '', 0, '', '0.00000', '0.00000', NULL, '2016-12-19 02:31:07', '2016-12-19 02:31:07'),
(47, 5, 0, 'Urinary Deoxypyridinoline', '', 0, '', '0.00000', '0.00000', NULL, '2016-12-19 02:31:07', '2016-12-19 02:31:07'),
(48, 6, 0, 'Adrenals', '', 0, '', '0.00000', '0.00000', NULL, '2016-12-19 02:31:07', '2016-12-19 02:31:07'),
(49, 6, 0, 'Bladder', '', 0, '', '0.00000', '0.00000', NULL, '2016-12-19 02:31:07', '2016-12-19 02:31:07'),
(50, 6, 0, 'Gallbladder', '', 0, '', '0.00000', '0.00000', NULL, '2016-12-19 02:31:07', '2016-12-19 02:31:07'),
(51, 6, 0, 'Kidneys', '', 0, '', '0.00000', '0.00000', NULL, '2016-12-19 02:31:07', '2016-12-19 02:31:07'),
(52, 6, 0, 'Liver', '', 0, '', '0.00000', '0.00000', NULL, '2016-12-19 02:31:07', '2016-12-19 02:31:07'),
(53, 6, 0, 'Pancreas', '', 0, '', '0.00000', '0.00000', NULL, '2016-12-19 02:31:07', '2016-12-19 02:31:07'),
(54, 6, 0, 'Prostate', '', 0, '', '0.00000', '0.00000', NULL, '2016-12-19 02:31:07', '2016-12-19 02:31:07'),
(55, 6, 0, 'Ureters', '', 0, '', '0.00000', '0.00000', NULL, '2016-12-19 02:31:07', '2016-12-19 02:31:07'),
(56, 7, 0, 'Ankle A/P', '', 0, '', '0.00000', '0.00000', NULL, '2016-12-19 02:31:07', '2016-12-19 02:31:07'),
(57, 7, 0, 'Ankle Lateral', '', 0, '', '0.00000', '0.00000', NULL, '2016-12-19 02:31:07', '2016-12-19 02:31:07'),
(58, 7, 0, 'Ankle Mortise', '', 0, '', '0.00000', '0.00000', NULL, '2016-12-19 02:31:07', '2016-12-19 02:31:07'),
(59, 7, 0, 'Barium Enema', '', 0, '', '0.00000', '0.00000', NULL, '2016-12-19 02:31:07', '2016-12-19 02:31:07'),
(60, 7, 0, 'BMD Hips L', '', 0, '', '0.00000', '0.00000', NULL, '2016-12-19 02:31:07', '2016-12-19 02:31:07'),
(61, 7, 0, 'BMD Hips R', '', 0, '', '0.00000', '0.00000', NULL, '2016-12-19 02:31:07', '2016-12-19 02:31:07'),
(62, 7, 0, 'BMD Hips Lumbar', '', 0, '', '0.00000', '0.00000', NULL, '2016-12-19 02:31:07', '2016-12-19 02:31:07'),
(63, 7, 0, 'Bone Mineral Density', '', 0, '', '0.00000', '0.00000', NULL, '2016-12-19 02:31:07', '2016-12-19 02:31:07'),
(64, 7, 0, 'Cervical Spine Series', '', 0, '', '0.00000', '0.00000', NULL, '2016-12-19 02:31:07', '2016-12-19 02:31:07'),
(65, 7, 0, 'Chest X-Ray PA', '', 0, '', '0.00000', '0.00000', NULL, '2016-12-19 02:31:07', '2016-12-19 02:31:07'),
(66, 7, 0, 'Chest X-Ray Lat', '', 0, '', '0.00000', '0.00000', NULL, '2016-12-19 02:31:07', '2016-12-19 02:31:07'),
(67, 7, 0, 'Complete Abdomen', '', 0, '', '0.00000', '0.00000', NULL, '2016-12-19 02:31:07', '2016-12-19 02:31:07'),
(68, 7, 0, 'Femur A/P', '', 0, '', '0.00000', '0.00000', NULL, '2016-12-19 02:31:07', '2016-12-19 02:31:07'),
(69, 7, 0, 'Femur Lateral', '', 0, '', '0.00000', '0.00000', NULL, '2016-12-19 02:31:07', '2016-12-19 02:31:07'),
(70, 7, 0, 'Foot A/P', '', 0, '', '0.00000', '0.00000', NULL, '2016-12-19 02:31:07', '2016-12-19 02:31:07'),
(71, 7, 0, 'Foot Lateral', '', 0, '', '0.00000', '0.00000', NULL, '2016-12-19 02:31:07', '2016-12-19 02:31:07'),
(72, 7, 0, 'IVP', '', 0, '', '0.00000', '0.00000', NULL, '2016-12-19 02:31:07', '2016-12-19 02:31:07'),
(73, 7, 0, 'Hands A/P', '', 0, '', '0.00000', '0.00000', NULL, '2016-12-19 02:31:07', '2016-12-19 02:31:07'),
(74, 7, 0, 'Hands Lateral', '', 0, '', '0.00000', '0.00000', NULL, '2016-12-19 02:31:07', '2016-12-19 02:31:07'),
(75, 7, 0, 'Hips A/P', '', 0, '', '0.00000', '0.00000', NULL, '2016-12-19 02:31:07', '2016-12-19 02:31:07'),
(76, 7, 0, 'Hips Lateral', '', 0, '', '0.00000', '0.00000', NULL, '2016-12-19 02:31:07', '2016-12-19 02:31:07'),
(77, 7, 0, 'Humerus A/P', '', 0, '', '0.00000', '0.00000', NULL, '2016-12-19 02:31:07', '2016-12-19 02:31:07'),
(78, 7, 0, 'Humerus Lateral', '', 0, '', '0.00000', '0.00000', NULL, '2016-12-19 02:31:07', '2016-12-19 02:31:07'),
(79, 7, 0, 'Knee A/P', '', 0, '', '0.00000', '0.00000', NULL, '2016-12-19 02:31:07', '2016-12-19 02:31:07'),
(80, 7, 0, 'Knee Lateral', '', 0, '', '0.00000', '0.00000', NULL, '2016-12-19 02:31:07', '2016-12-19 02:31:07'),
(81, 7, 0, 'Knee Series', '', 0, '', '0.00000', '0.00000', NULL, '2016-12-19 02:31:07', '2016-12-19 02:31:07'),
(82, 7, 0, 'Lumbar Spine AP', '', 0, '', '0.00000', '0.00000', NULL, '2016-12-19 02:31:07', '2016-12-19 02:31:07'),
(83, 7, 0, 'Lumbar Spine Lateral', '', 0, '', '0.00000', '0.00000', NULL, '2016-12-19 02:31:07', '2016-12-19 02:31:07'),
(84, 7, 0, 'Lumbosacral Spine Series', '', 0, '', '0.00000', '0.00000', NULL, '2016-12-19 02:31:07', '2016-12-19 02:31:07'),
(85, 7, 0, 'Muscoskeletal A/P', '', 0, '', '0.00000', '0.00000', NULL, '2016-12-19 02:31:07', '2016-12-19 02:31:07'),
(86, 7, 0, 'Muscoskeletal Lateral', '', 0, '', '0.00000', '0.00000', NULL, '2016-12-19 02:31:07', '2016-12-19 02:31:07'),
(87, 7, 0, 'Thoracolumbar', '', 0, '', '0.00000', '0.00000', NULL, '2016-12-19 02:31:07', '2016-12-19 02:31:07'),
(88, 7, 0, 'Pelvis A/P', '', 0, '', '0.00000', '0.00000', NULL, '2016-12-19 02:31:07', '2016-12-19 02:31:07'),
(89, 7, 0, 'Pelvis Lateral', '', 0, '', '0.00000', '0.00000', NULL, '2016-12-19 02:31:07', '2016-12-19 02:31:07'),
(90, 7, 0, 'Radius/Ulna A/P', '', 0, '', '0.00000', '0.00000', NULL, '2016-12-19 02:31:07', '2016-12-19 02:31:07'),
(91, 7, 0, 'Radius/Ulna Lateral', '', 0, '', '0.00000', '0.00000', NULL, '2016-12-19 02:31:07', '2016-12-19 02:31:07'),
(92, 7, 0, 'Shoulder A/P', '', 0, '', '0.00000', '0.00000', NULL, '2016-12-19 02:31:07', '2016-12-19 02:31:07'),
(93, 7, 0, 'Shoulder Clavicle', '', 0, '', '0.00000', '0.00000', NULL, '2016-12-19 02:31:07', '2016-12-19 02:31:07'),
(94, 7, 0, 'Shoulder Lateral', '', 0, '', '0.00000', '0.00000', NULL, '2016-12-19 02:31:07', '2016-12-19 02:31:07'),
(95, 7, 0, 'Shoulder Scapula', '', 0, '', '0.00000', '0.00000', NULL, '2016-12-19 02:31:07', '2016-12-19 02:31:07'),
(96, 7, 0, 'Shoulder Series', '', 0, '', '0.00000', '0.00000', NULL, '2016-12-19 02:31:07', '2016-12-19 02:31:07'),
(97, 7, 0, 'Thoracic Spine AP', '', 0, '', '0.00000', '0.00000', NULL, '2016-12-19 02:31:07', '2016-12-19 02:31:07'),
(98, 7, 0, 'Thoracic Spine Lateral', '', 0, '', '0.00000', '0.00000', NULL, '2016-12-19 02:31:07', '2016-12-19 02:31:07'),
(99, 7, 0, 'Tibia A/P', '', 0, '', '0.00000', '0.00000', NULL, '2016-12-19 02:31:07', '2016-12-19 02:31:07'),
(100, 7, 0, 'Tibia Lateral', '', 0, '', '0.00000', '0.00000', NULL, '2016-12-19 02:31:07', '2016-12-19 02:31:07'),
(101, 7, 0, 'Toes A/P', '', 0, '', '0.00000', '0.00000', NULL, '2016-12-19 02:31:07', '2016-12-19 02:31:07'),
(102, 7, 0, 'Toes Lateral', '', 0, '', '0.00000', '0.00000', NULL, '2016-12-19 02:31:07', '2016-12-19 02:31:07'),
(103, 7, 0, 'UGI Series', '', 0, '', '0.00000', '0.00000', NULL, '2016-12-19 02:31:07', '2016-12-19 02:31:07'),
(104, 7, 0, 'Wrist Joint A/P', '', 0, '', '0.00000', '0.00000', NULL, '2016-12-19 02:31:07', '2016-12-19 02:31:07'),
(105, 7, 0, 'Wrist Joint Lateral', '', 0, '', '0.00000', '0.00000', NULL, '2016-12-19 02:31:07', '2016-12-19 02:31:07'),
(106, 7, 0, 'Wrist Series', '', 0, '', '0.00000', '0.00000', NULL, '2016-12-19 02:31:07', '2016-12-19 02:31:07'),
(107, 5, 0, 'Fecalysis', '', 0, '', '0.00000', '0.00000', NULL, '2016-12-19 02:31:07', '2016-12-19 02:31:07'),
(110, 8, 0, 'CBC', '', 0, '', '0.00000', '0.00000', '2016-10-03 00:05:25', '2016-12-19 02:31:07', '2016-12-19 02:31:07'),
(111, 2, 0, ',./,/.,./', '', 1, 'l;il;i;', '50000.00000', '99999.99999', '2016-03-31 01:26:12', '2016-12-19 02:31:07', '2016-12-19 02:31:07'),
(112, 1, 0, 'Ammonia', 'null', 1, 'u00b5mol/L', '15.00000', '50.00000', NULL, '2016-12-19 02:31:07', '2016-12-19 02:31:07'),
(113, 8, 0, 'Ceruloplasmin', 'null', 1, 'mg/dL', '15.00000', '60.00000', NULL, '2016-12-19 02:31:07', '2016-12-19 02:31:07'),
(114, 8, 0, 'Chloride', 'null', 1, 'mEq/L', '98.00000', '106.00000', '2016-10-03 01:39:49', '2016-12-19 02:31:07', '2016-12-19 02:31:07'),
(115, 1, 0, 'Copper', 'null', 1, 'u00b5g/dL', '70.00000', '150.00000', NULL, '2016-12-19 02:31:07', '2016-12-19 02:31:07'),
(116, 8, 0, 'Blood urea nitrogen', 'null', 1, 'mg/dL', '8.00000', '21.00000', '2016-10-02 23:52:25', '2016-12-19 02:31:07', '2016-12-19 02:31:07'),
(117, 1, 0, 'Ferritin (M)', 'null', 1, 'ng/mL', '12.00000', '300.00000', NULL, '2016-12-19 02:31:07', '2016-12-19 02:31:07'),
(118, 1, 0, 'Ferritin (F)', 'null', 1, 'ng/mL', '12.00000', '150.00000', NULL, '2016-12-19 02:31:07', '2016-12-19 02:31:07'),
(119, 1, 0, 'Phosphate', 'null', 1, 'mg/dL', '3.00000', '4.50000', NULL, '2016-12-19 02:31:07', '2016-12-19 02:31:07'),
(120, 1, 0, 'Ionized calcium', 'null', 1, 'mmol/L', '1.03000', '1.23000', NULL, '2016-12-19 02:31:07', '2016-12-19 02:31:07'),
(121, 8, 0, 'Magnesium', 'null', 1, 'mEq/L', '1.50000', '2.00000', '2016-10-03 01:43:45', '2016-12-19 02:31:07', '2016-12-19 02:31:07'),
(122, 1, 0, 'Phosphate', 'null', 1, '', '0.80000', '1.50000', '2016-10-03 18:44:24', '2016-12-19 02:31:07', '2016-12-19 02:31:07'),
(123, 8, 0, 'Potassium', 'null', 1, 'mEq/L', '3.50000', '5.00000', '2016-10-03 01:53:23', '2016-12-19 02:31:07', '2016-12-19 02:31:07'),
(124, 1, 0, 'Pyruvate', 'null', 1, 'u00b5g/dL', '300.00000', '900.00000', NULL, '2016-12-19 02:31:07', '2016-12-19 02:31:07'),
(125, 8, 0, 'Sodium', 'null', 1, 'mEq/L', '136.00000', '146.00000', '2016-10-03 01:44:52', '2016-12-19 02:31:07', '2016-12-19 02:31:07'),
(126, 1, 0, 'Total calcium', 'null', 1, 'mmol/L', '2.00000', '2.60000', NULL, '2016-12-19 02:31:07', '2016-12-19 02:31:07'),
(127, 1, 0, 'Total iron-binding capacity', 'null', 1, 'u00b5mol/L', '45.00000', '85.00000', NULL, '2016-12-19 02:31:07', '2016-12-19 02:31:07'),
(128, 1, 0, 'Total serum iron (M)', 'null', 1, 'u00b5g/dL', '65.00000', '180.00000', NULL, '2016-12-19 02:31:07', '2016-12-19 02:31:07'),
(129, 1, 0, 'Total serum iron (F)', 'null', 1, 'u00b5g/dL', '30.00000', '170.00000', NULL, '2016-12-19 02:31:07', '2016-12-19 02:31:07'),
(130, 1, 0, 'Transferrin', 'null', 1, 'mg/dL', '200.00000', '350.00000', NULL, '2016-12-19 02:31:07', '2016-12-19 02:31:07'),
(131, 8, 0, 'Urea', 'null', 1, 'mmol/L', '1.20000', '3.00000', '2016-10-03 01:56:45', '2016-12-19 02:31:07', '2016-12-19 02:31:07'),
(132, 1, 0, 'Zinc', 'null', 1, 'u00b5mol/L', '7.00000', '100.00000', NULL, '2016-12-19 02:31:07', '2016-12-19 02:31:07'),
(133, 1, 0, 'Hemoglobin (M)', 'null', 1, 'Gms./dL', '13.00000', '18.00000', NULL, '2016-12-19 02:31:07', '2016-12-19 02:31:07'),
(134, 1, 0, 'Hemoglobin (F)', 'null', 1, 'Gms./dL', '12.00000', '16.00000', NULL, '2016-12-19 02:31:07', '2016-12-19 02:31:07'),
(135, 1, 0, 'Hematocrit (M)', 'null', 1, '%', '40.00000', '54.00000', NULL, '2016-12-19 02:31:07', '2016-12-19 02:31:07'),
(136, 1, 0, 'Hematocrit (F)', 'null', 1, '%', '36.00000', '48.00000', NULL, '2016-12-19 02:31:07', '2016-12-19 02:31:07'),
(137, 1, 0, 'Glycosylated hemoglobin', 'null', 1, '%', '4.00000', '6.00000', '2016-10-06 23:52:16', '2016-12-19 02:31:07', '2016-12-19 02:31:07'),
(138, 1, 0, 'MCV', 'null', 1, 'fL', '80.00000', '100.00000', NULL, '2016-12-19 02:31:07', '2016-12-19 02:31:07'),
(139, 1, 0, 'RDW', 'null', 1, '%', '11.50000', '14.50000', NULL, '2016-12-19 02:31:07', '2016-12-19 02:31:07'),
(140, 1, 0, 'MCH', 'null', 1, 'pg/cell', '26.00000', '34.00000', NULL, '2016-12-19 02:31:07', '2016-12-19 02:31:07'),
(141, 1, 0, 'MCHC', 'null', 1, 'gm/dL', '31.50000', '36.30000', NULL, '2016-12-19 02:31:07', '2016-12-19 02:31:07'),
(142, 1, 0, 'Reticulocytes', 'null', 1, '%', '0.50000', '1.50000', NULL, '2016-12-19 02:31:07', '2016-12-19 02:31:07'),
(143, 1, 0, 'WBC', 'null', 1, 'cu. mm.', '5000.00000', '10000.00000', NULL, '2016-12-19 02:31:07', '2016-12-19 02:31:07'),
(144, 1, 0, 'Neutrophils', 'null', 1, '%', '50.00000', '70.00000', NULL, '2016-12-19 02:31:07', '2016-12-19 02:31:07'),
(145, 1, 0, 'Bands', 'null', 1, '%', '0.00000', '3.00000', NULL, '2016-12-19 02:31:07', '2016-12-19 02:31:07'),
(146, 1, 0, 'Lymphocytes', 'null', 1, '%', '25.00000', '40.00000', NULL, '2016-12-19 02:31:07', '2016-12-19 02:31:07'),
(147, 1, 0, 'Monocytes', 'null', 1, '%', '2.00000', '8.00000', NULL, '2016-12-19 02:31:07', '2016-12-19 02:31:07'),
(148, 1, 0, 'Eosinophils', 'null', 1, '%', '1.00000', '3.00000', NULL, '2016-12-19 02:31:07', '2016-12-19 02:31:07'),
(149, 1, 0, 'Platelets', 'null', 1, 'cu. mm.', '99999.99999', '99999.99999', NULL, '2016-12-19 02:31:07', '2016-12-19 02:31:07'),
(150, 1, 0, 'ALT', 'null', 1, 'U/L', '5.00000', '30.00000', '2016-10-03 01:12:01', '2016-12-19 02:31:07', '2016-12-19 02:31:07'),
(151, 1, 0, 'AST', 'null', 1, 'U/L', '5.00000', '30.00000', '2016-10-03 01:12:47', '2016-12-19 02:31:07', '2016-12-19 02:31:07'),
(152, 1, 0, 'ALP', 'null', 1, 'IU/L', '44.00000', '147.00000', NULL, '2016-12-19 02:31:07', '2016-12-19 02:31:07'),
(153, 1, 0, 'Direct bilirubin', 'null', 1, 'mg/dl', '0.00000', '0.20000', NULL, '2016-12-19 02:31:07', '2016-12-19 02:31:07'),
(154, 1, 0, 'Total bilirubin', 'null', 1, 'mg/dL', '0.10000', '1.20000', NULL, '2016-12-19 02:31:07', '2016-12-19 02:31:07'),
(155, 1, 0, 'GGT', 'null', 1, 'U/L', '0.00000', '45.00000', NULL, '2016-12-19 02:31:07', '2016-12-19 02:31:07'),
(156, 1, 0, 'PT', 'null', 1, 'seconds', '11.00000', '14.00000', '2016-10-03 01:38:09', '2016-12-19 02:31:07', '2016-12-19 02:31:07'),
(157, 1, 0, 'ESR', 'null', 1, 'mm/hr', '0.00000', '20.00000', NULL, '2016-12-19 02:31:07', '2016-12-19 02:31:07'),
(158, 1, 0, 'PTT', 'null', 1, 'seconds', '25.00000', '35.00000', NULL, '2016-12-19 02:31:07', '2016-12-19 02:31:07'),
(159, 1, 0, 'INR', 'null', 1, 'ratio', '0.80000', '1.20000', NULL, '2016-12-19 02:31:07', '2016-12-19 02:31:07'),
(160, 1, 0, 'Bicarbonate', 'null', 1, 'mEq/L', '23.00000', '29.00000', NULL, '2016-12-19 02:31:07', '2016-12-19 02:31:07'),
(161, 1, 0, 'Calcium', 'null', 1, 'mg/dL', '8.50000', '10.50000', NULL, '2016-12-19 02:31:07', '2016-12-19 02:31:07'),
(162, 1, 0, 'Uric Acid (F)', 'null', 1, 'mg/dL', '2.60000', '6.00000', '2016-10-06 23:16:20', '2016-12-19 02:31:07', '2016-12-19 02:31:07'),
(163, 1, 0, 'Amylase', 'null', 1, 'U/L', '0.00000', '130.00000', NULL, '2016-12-19 02:31:07', '2016-12-19 02:31:07'),
(164, 1, 0, 'Lipase', 'null', 1, 'U/L', '0.00000', '160.00000', NULL, '2016-12-19 02:31:07', '2016-12-19 02:31:07'),
(165, 1, 0, 'Osmolality', 'null', 1, 'mosm/kg', '275.00000', '295.00000', NULL, '2016-12-19 02:31:07', '2016-12-19 02:31:07'),
(166, 1, 0, 'Arterial pH', 'null', 1, 'unit', '7.35000', '7.45000', NULL, '2016-12-19 02:31:07', '2016-12-19 02:31:07'),
(167, 1, 0, 'pCO2', 'null', 1, 'mmHg', '35.00000', '40.00000', NULL, '2016-12-19 02:31:07', '2016-12-19 02:31:07'),
(168, 1, 0, 'pO2', 'null', 1, 'mmHg', '83.00000', '100.00000', NULL, '2016-12-19 02:31:07', '2016-12-19 02:31:07'),
(169, 8, 0, 'Urine osmolality', 'null', 1, 'mOsm/L', '38.00000', '1400.00000', NULL, '2016-12-19 02:31:07', '2016-12-19 02:31:07'),
(170, 1, 0, 'WBC', 'null', 1, 'K/mL', '4.00000', '10.00000', '2016-10-03 01:57:15', '2016-12-19 02:31:07', '2016-12-19 02:31:07'),
(171, 1, 0, 'FBS', 'null', 1, 'mgs/dL', '70.00000', '110.00000', NULL, '2016-12-19 02:31:07', '2016-12-19 02:31:07'),
(172, 1, 0, 'Basophils', 'null', 1, '%', '0.00000', '1.00000', NULL, '2016-12-19 02:31:07', '2016-12-19 02:31:07'),
(173, 1, 0, 'IGRA (QFT-GIT) Antigen -\n Nil', NULL, 1, 'IU/mL', '0.00000', '0.35000', NULL, '2017-06-14 07:46:47', '2017-06-14 08:00:47');

-- --------------------------------------------------------

--
-- Table structure for table `labItemClass`
--

CREATE TABLE `labItemClass` (
  `id` int(10) UNSIGNED NOT NULL,
  `value` varchar(100) COLLATE utf8_unicode_ci DEFAULT NULL,
  `deleted_at` timestamp NULL DEFAULT NULL,
  `created_at` timestamp NOT NULL DEFAULT CURRENT_TIMESTAMP,
  `updated_at` timestamp NOT NULL DEFAULT CURRENT_TIMESTAMP
) ENGINE=InnoDB DEFAULT CHARSET=utf8 COLLATE=utf8_unicode_ci;

--
-- Dumping data for table `labItemClass`
--

INSERT INTO `labItemClass` (`id`, `value`, `deleted_at`, `created_at`, `updated_at`) VALUES
(1, 'Blood Chemistry', NULL, '2016-12-19 02:29:55', '2016-12-19 02:29:55'),
(2, 'Cardiovascular', NULL, '2016-12-19 02:29:55', '2016-12-19 02:29:55'),
(3, 'Culture', NULL, '2016-12-19 02:29:55', '2016-12-19 02:29:55'),
(4, 'Special Exams', NULL, '2016-12-19 02:29:55', '2016-12-19 02:29:55'),
(5, 'Standard Labs', NULL, '2016-12-19 02:29:55', '2016-12-19 02:29:55'),
(6, 'Ultrasonogram', NULL, '2016-12-19 02:29:55', '2016-12-19 02:29:55'),
(7, 'X-ray Examinations', NULL, '2016-12-19 02:29:55', '2016-12-19 02:29:55'),
(8, 'Unclassified Lab Item', NULL, '2016-12-19 02:29:55', '2016-12-19 02:29:55');

-- --------------------------------------------------------

--
-- Table structure for table `labwork`
--

CREATE TABLE `labwork` (
  `id` int(10) UNSIGNED NOT NULL,
  `patientID` int(11) NOT NULL,
  `userID` int(11) DEFAULT NULL,
  `diagnosisID` int(11) NOT NULL,
  `orderDate` date NOT NULL,
  `completionDate` date DEFAULT NULL,
  `completed` tinyint(4) DEFAULT NULL,
  `done` tinyint(1) NOT NULL DEFAULT '0',
  `labData` text COLLATE utf8_unicode_ci,
  `viewed` varchar(100) COLLATE utf8_unicode_ci DEFAULT NULL,
  `deleted_at` timestamp NULL DEFAULT NULL,
  `created_at` timestamp NOT NULL DEFAULT CURRENT_TIMESTAMP,
  `updated_at` timestamp NOT NULL DEFAULT CURRENT_TIMESTAMP
) ENGINE=InnoDB DEFAULT CHARSET=utf8 COLLATE=utf8_unicode_ci;

--
-- Dumping data for table `labwork`
--

INSERT INTO `labwork` (`id`, `patientID`, `userID`, `diagnosisID`, `orderDate`, `completionDate`, `completed`, `done`, `labData`, `viewed`, `deleted_at`, `created_at`, `updated_at`) VALUES
(31, 177, 0, 3500003, '2016-06-09', '2016-06-09', 0, 0, '2@@6:::60@@90', NULL, NULL, '2016-06-08 19:20:07', '2017-01-10 01:46:31'),
(42, 177, 0, 3500003, '2016-06-09', '2016-06-09', 1, 0, '4@@5:::200@@150', NULL, NULL, '2016-06-08 22:15:23', '2017-01-10 01:46:31'),
(43, 177, 0, 3500003, '2016-06-09', '2016-06-09', 1, 0, '1:::60', NULL, NULL, '2016-06-08 22:16:07', '2017-01-10 01:46:31'),
(44, 177, 0, 3500003, '2016-06-09', '2016-06-09', 1, 0, '1@@2@@4@@5@@6:::1.0@@20@@70@@135@@65', NULL, NULL, '2016-06-08 22:21:13', '2017-01-10 01:46:31'),
(45, 177, 0, 3500003, '2016-06-09', '2016-06-09', 1, 0, '2@@4:::14@@60', NULL, NULL, '2016-06-08 22:24:04', '2017-01-10 01:46:31'),
(46, 177, 0, 3500003, '2016-06-09', '2016-06-09', 1, 0, '1@@2@@4@@5@@6@@9:::2.1@@10@@98@@120@@110@@50', NULL, NULL, '2016-06-08 22:25:09', '2017-01-10 01:46:31'),
(47, 177, 0, 3500003, '2016-06-09', '2016-06-09', 1, 0, '1@@2@@4:::3.5@@13.5@@75.5', NULL, NULL, '2016-06-08 22:33:13', '2017-01-10 01:46:31'),
(48, 177, 0, 3500003, '2016-06-09', '2016-06-09', 1, 0, '1@@2@@5@@6:::5.0@@12.0@@115@@90.5', NULL, NULL, '2016-06-08 22:34:21', '2017-01-10 01:46:31'),
(49, 177, 0, 3500003, '2016-06-09', '2016-06-09', 1, 0, '1@@2:::3.0@@16.0', NULL, NULL, '2016-06-08 22:40:16', '2017-01-10 01:46:31'),
(50, 1, 0, 3500003, '2016-09-15', '2016-09-15', 1, 0, '1:::125.0', NULL, NULL, '2016-09-15 00:44:14', '2017-01-10 01:46:31'),
(51, 1, 0, 3500003, '2016-09-16', '2016-09-16', 1, 0, '1:::125.0', NULL, NULL, '2016-09-15 00:44:14', '2017-01-10 01:46:31'),
(52, 1, 0, 3500003, '2016-09-18', '2016-09-18', 1, 0, '2@@5@@6:::12@@4@@4', NULL, NULL, '2016-09-15 00:46:41', '2017-01-10 01:46:31'),
(53, 1, 0, 3500003, '2016-09-18', '2016-09-18', 1, 0, '2@@5@@6:::12@@4@@4', NULL, NULL, '2016-09-18 00:46:41', '2017-01-10 01:46:31'),
(54, 1, 0, 3500003, '2016-09-18', '2016-09-18', 1, 0, '2@@5@@6:::12@@4@@4', NULL, NULL, '2016-09-19 00:46:41', '2017-01-10 01:46:31'),
(55, 1, 0, 3500003, '2016-09-16', '2016-09-16', 1, 0, '1:::3.0', NULL, NULL, '2016-09-20 00:44:14', '2017-01-10 01:46:31'),
(56, 1, 0, 3500003, '2016-09-16', '2016-09-16', 1, 0, '1:::2.2', NULL, NULL, '2016-10-20 00:44:14', '2017-01-10 01:46:31'),
(57, 1, 0, 3500003, '2016-09-16', '2016-09-16', 1, 0, '1:::2.2', NULL, NULL, '2016-10-21 00:44:14', '2017-01-10 01:46:31'),
(58, 1, 0, 3500003, '2016-09-16', '2016-09-16', 1, 0, '1:::2.2', NULL, NULL, '2016-11-21 00:44:14', '2017-01-10 01:46:31'),
(59, 1, 0, 3500003, '2016-09-16', '2016-09-16', 1, 0, '1:::125.0', NULL, NULL, '2016-12-15 00:44:14', '2017-01-10 01:46:31'),
(60, 5, 0, 3500003, '2016-09-22', '2016-09-22', 1, 0, '1:::4.0', NULL, NULL, '2016-09-21 23:51:42', '2017-01-10 01:46:31'),
(61, 5, 0, 3500003, '2016-10-14', '2016-10-14', 1, 0, '7:::12.0', NULL, NULL, '2016-10-14 01:23:12', '2017-01-10 01:46:31'),
(62, 2, 28, 3500003, '2016-12-08', '2016-12-08', 1, 0, '22@@143:::210@@1900', 'null', NULL, '2016-12-07 21:52:26', '2017-01-10 01:46:31'),
(63, 2, 28, 3500003, '2015-12-08', '2015-12-08', 1, 0, '22@@143:::190@@2100', 'null', NULL, '2016-12-07 21:52:26', '2017-01-10 01:46:31'),
(64, 2, 28, 3500003, '2015-06-08', '2015-06-08', 1, 0, '22@@143:::250@@2200', 'null', NULL, '2016-12-07 21:52:26', '2017-01-10 01:46:31'),
(3800000, 4, 28, 4, '2017-01-03', '2017-01-03', 1, 0, '1:::', 'null', NULL, '2017-01-03 02:02:59', '2017-01-10 01:46:31'),
(3800001, 4, 28, 3500003, '2017-01-03', '2017-01-03', 1, 1, '3:::', 'null', NULL, '2017-01-03 02:13:37', '2017-01-10 01:46:31'),
(3800002, 7, 28, 4, '2017-01-03', '0000-00-00', 1, 0, '2:::', 'null', '2017-01-03 03:35:54', '2017-01-03 03:12:26', '2017-01-17 02:48:47'),
(3800003, 4, 28, 4, '2017-01-03', '2017-01-17', 1, 0, '4:::1.2', 'null', NULL, '2017-01-03 03:16:01', '2017-01-17 02:33:49'),
(3900000, 2, 28, 3500003, '2017-01-04', '2017-01-04', 1, 0, '2:::52', 'null', NULL, '2017-01-03 04:36:42', '2017-01-10 01:46:31'),
(3900001, 4, 28, 3500001, '2017-01-03', '0000-00-00', 1, 0, '1:::', 'null', NULL, '2017-01-03 08:47:46', '2017-01-17 01:42:13'),
(3900002, 4, 28, 3500001, '2017-01-03', '2017-01-17', 1, 0, '3:::1.2', 'null', NULL, '2017-01-03 08:50:28', '2017-01-17 01:42:13'),
(3900003, 4, 28, 3500001, '2017-01-10', '2017-01-11', 1, 0, '5:::99', 'null', NULL, '2017-01-03 08:54:08', '2017-01-11 09:19:29'),
(3900004, 4, 28, 3500001, '2017-01-03', '0000-00-00', 1, 0, '5:::', 'null', NULL, '2017-01-03 08:54:09', '2017-01-17 02:11:07'),
(3900005, 14, 28, 200001, '2017-01-16', '2017-01-06', 1, 0, '1@@2:::234@@132', 'null', NULL, '2017-01-03 09:22:24', '2017-01-16 09:38:35'),
(3900006, 2, 2, 2, '2017-01-04', '2017-01-04', 1, 0, '1@@2:::12@@12', NULL, NULL, '2017-01-03 09:37:27', '2017-01-10 01:46:31'),
(3900007, 4, 28, 4, '2017-01-03', '2017-01-04', 1, 0, '13@@17:::2@@2', 'null', NULL, '2017-01-03 09:53:19', '2017-01-10 01:46:31'),
(3900008, 4, 28, 4, '2017-01-03', '2017-01-04', 1, 0, '20:::5', 'null', NULL, '2017-01-03 09:53:54', '2017-01-10 01:46:31'),
(3900009, 4, 28, 4, '2017-01-03', '2017-01-04', 1, 0, '13@@22:::5@@5', 'null', NULL, '2017-01-03 09:55:52', '2017-01-10 01:46:31'),
(3900010, 4, 28, 4, '2017-01-03', '2017-01-04', 1, 0, '112:::12', 'null', NULL, '2017-01-03 09:56:44', '2017-01-10 01:46:31'),
(3900011, 4, 28, 4, '2017-01-03', '2017-01-04', 1, 0, '117:::123', 'null', NULL, '2017-01-03 09:57:16', '2017-01-10 01:46:31'),
(4200005, 4, 28, 3500001, '2017-01-04', '2017-01-17', 1, 0, '5@@8@@9:::2.0@@12@@21', 'null', NULL, '2017-01-03 09:36:25', '2017-01-17 02:09:45'),
(4500000, 4300000, 28, 4300000, '2017-01-05', '2017-01-05', 0, 1, '3@@18@@20:::232@@122@@324', 'null', NULL, '2017-01-05 02:00:37', '2017-01-10 01:46:31'),
(4500001, 4300000, 28, 4300000, '2017-01-05', '2017-01-05', 1, 1, '13@@146:::3@@1', 'null', NULL, '2017-01-05 02:01:29', '2017-01-10 02:47:52'),
(4500002, 4300000, 28, 4300000, '2017-01-05', '2017-01-06', 1, 1, '147@@149:::231@@432', 'null', NULL, '2017-01-05 02:02:28', '2017-01-10 02:47:28'),
(5300000, 200001, 28, 5100000, '2017-01-06', '2017-01-06', 0, 1, '4@@8:::1.7@@47', 'null', NULL, '2017-01-06 02:12:16', '2017-01-10 02:47:21'),
(5300001, 200001, 28, 5100000, '2017-01-06', '2016-11-30', 1, 1, '39:::', 'null', NULL, '2017-01-06 02:18:35', '2017-01-10 02:47:15'),
(5300002, 200001, 28, 5300004, '2017-01-06', '2017-01-06', 1, 0, '4@@8@@152:::2@@157@@140', 'null', NULL, '2017-01-06 03:35:03', '2017-01-10 01:46:31'),
(5400000, 7, 28, 4, '2017-01-06', '2017-01-17', 1, 0, '1@@2@@3@@4:::12.0@@23.0@@12.0@@23.0', 'null', '2017-01-06 09:03:31', '2017-01-06 09:00:39', '2017-01-17 02:33:05'),
(5500000, 200001, 28, 5500000, '2017-01-06', '2017-01-17', 1, 0, '4@@8@@152:::1.5@@7.0@@23.9', 'null', NULL, '2017-01-06 09:17:11', '2017-01-17 01:40:53'),
(6400000, 200001, 28, 6400000, '2017-01-16', '2017-01-17', 1, 0, '4@@8@@152:::2.5@@150@@130.0', 'null', NULL, '2017-01-09 07:49:08', '2017-01-17 01:40:08'),
(7000000, 200001, 28, 7000000, '2017-01-10', '2017-01-17', 1, 0, '4@@8@@152:::2.0@@150@@145', 'null', NULL, '2017-01-10 02:21:37', '2017-01-17 02:07:14'),
(7000001, 200001, 28, 7000001, '2017-01-10', '2017-01-10', 1, 0, '4@@8@@152:::100@@100@@100', 'null', NULL, '2017-01-10 02:35:17', '2017-01-10 02:44:11'),
(7000002, 200001, 28, 7000001, '2017-01-10', '2017-01-11', 1, 0, '6@@7@@8:::123@@321@@1123', 'null', NULL, '2017-01-10 02:39:53', '2017-01-11 09:21:25'),
(7000003, 200001, 28, 7000001, '2017-01-10', '0000-00-00', 1, 0, '12:::', 'null', NULL, '2017-01-10 02:46:39', '2017-01-16 08:39:37'),
(7000004, 5300002, 28, 7000002, '2017-01-10', '2017-01-10', 1, 0, '4@@8@@152:::3.0@@170@@190', 'null', NULL, '2017-01-10 04:02:06', '2017-01-10 04:02:43'),
(7200000, 200001, 28, 7000001, '2017-01-12', '2017-01-17', 1, 0, '12:::231', 'null', NULL, '2017-01-10 04:20:24', '2017-01-17 02:49:50'),
(7200001, 5300003, 28, 7200000, '2017-01-10', '2017-01-10', 0, 0, '4@@8@@152:::1.5@@180@@150', 'null', NULL, '2017-01-10 05:07:16', '2017-01-10 05:09:01'),
(7200002, 200001, 28, 7200001, '2017-01-10', '2017-01-10', 0, 0, '4@@8@@152:::1.5@@160@@150', 'null', NULL, '2017-01-10 06:16:37', '2017-01-10 06:17:40'),
(8400000, 200001, 28, 8400000, '2017-01-13', '2017-01-16', 1, 0, '4@@8@@152:::2.0@@145@@170', 'null', NULL, '2017-01-12 23:03:35', '2017-01-16 08:38:35'),
(8400001, 200001, 28, 8400001, '2017-01-16', '2017-01-16', 1, 0, '4@@8@@152:::2.0@@150@@170', 'null', NULL, '2017-01-16 02:34:19', '2017-01-16 08:32:38'),
(8400002, 5300002, 28, 8400002, '2017-01-16', '2017-01-16', 1, 0, '4@@8@@152:::120@@423@@122', 'null', NULL, '2017-01-16 03:51:18', '2017-01-16 08:20:11'),
(8400003, 8700001, 28, 8400003, '2017-01-16', '2017-01-16', 1, 1, '4@@8@@152:::125@@170@@202', 'null', NULL, '2017-01-16 04:52:50', '2017-01-16 05:54:59'),
(8400004, 8700002, 28, 8400004, '2017-01-16', '2017-01-16', 1, 1, '4@@8@@152:::210@@160@@132', 'null', NULL, '2017-01-16 05:03:52', '2017-01-16 05:54:53'),
(8400005, 8700002, 28, 8400005, '2017-01-16', '2017-01-16', 1, 0, '4@@8@@152:::125@@162@@172', 'null', NULL, '2017-01-16 05:06:39', '2017-01-16 08:18:39'),
(8400006, 8700002, 28, 8400006, '2017-01-16', '2017-01-16', 1, 1, '4@@8@@152:::2.1@@166@@154', 'null', NULL, '2017-01-16 06:00:03', '2017-01-16 06:10:36'),
(8400007, 7, 28, 8400007, '2017-01-16', '2017-01-16', 1, 1, '4@@8@@152:::2.3@@184@@151', 'null', NULL, '2017-01-16 06:22:23', '2017-01-16 06:42:03'),
(8400008, 7, 28, 8400008, '2017-01-16', '2017-01-16', 1, 1, '4@@8@@152:::3.2@@182@@166', 'null', NULL, '2017-01-16 06:29:06', '2017-01-16 06:42:00'),
(8400009, 7, 28, 8400009, '2017-01-16', '2017-01-16', 1, 1, '4@@8@@152:::2.4@@195@@174', 'null', NULL, '2017-01-16 06:33:45', '2017-01-16 06:41:56'),
(8400010, 7, 28, 8400010, '2017-01-16', '2017-01-16', 1, 0, '4@@8@@152:::2.2@@163@@153', 'null', NULL, '2017-01-16 06:43:41', '2017-01-16 06:44:19'),
(8400011, 7, 28, 8400011, '2017-01-16', '0000-00-00', 0, 0, '4@@8@@152:::2.2@@163@@153', 'null', NULL, '2017-01-16 09:21:12', '2017-01-16 09:31:44'),
(8400012, 7, 28, 8400012, '2017-01-16', '2017-01-16', 1, 0, '4@@8@@152:::2.1@@187@@167', 'null', NULL, '2017-01-16 09:25:04', '2017-01-16 09:25:48'),
(8400013, 7, 28, 8400016, '2017-01-17', '2017-01-17', 1, 1, '4@@8@@152:::2.4@@162@@154', 'null', NULL, '2017-01-17 02:56:02', '2017-01-17 05:14:17'),
(9900000, 200001, 28, 9900001, '2017-01-19', '2017-01-19', 1, 0, '4@@8@@152:::3.2@@192@@182', 'null', NULL, '2017-01-19 08:10:51', '2017-01-19 08:15:50'),
(10800000, 5300002, 28, 10800000, '2017-01-25', '2017-01-25', 1, 0, '4@@8@@152:::3.3@@131@@174', 'null', NULL, '2017-01-25 07:26:27', '2017-01-25 07:29:35'),
(10800001, 5300002, 28, 10800001, '2017-01-25', '2017-01-25', 1, 0, '4@@8@@152:::1.5@@164@@151', 'null', NULL, '2017-01-25 07:37:35', '2017-01-25 07:39:14'),
(10800002, 5300002, 28, 10800002, '2017-01-25', '2017-01-25', 1, 0, '4@@8@@152:::1.3@@174@@158', 'null', NULL, '2017-01-25 07:46:30', '2017-01-25 07:48:05'),
(10800003, 5300002, 28, 10800003, '2017-01-25', '2017-01-25', 1, 0, '4@@8@@152:::1.3@@164@@154', 'null', NULL, '2017-01-25 07:53:14', '2017-01-25 07:54:57'),
(11100000, 200001, 28, 9900001, '2017-02-14', '0000-00-00', 0, 0, '4@@8@@152:::@@@@', 'null', NULL, '2017-02-14 09:50:59', '2017-02-14 09:50:59'),
(11100001, 11100000, 28, 11100000, '2017-02-28', '2017-02-28', 1, 0, '4@@8@@152:::2.1@@155@@231', 'null', NULL, '2017-02-28 00:20:12', '2017-02-28 02:15:38'),
(11100002, 200001, 28, 11100001, '2017-06-05', '2017-06-13', 0, 0, '56:::123', 'null', NULL, '2017-06-05 09:45:47', '2017-06-13 06:49:44'),
(11100003, 11100002, 28, 11100003, '2017-06-13', '2017-06-13', 0, 0, '65@@145:::12@@2.0', 'null', NULL, '2017-06-13 06:53:01', '2017-06-13 06:55:21'),
(11100004, 14, 28, 5000000, '2017-06-13', '0000-00-00', 0, 0, '7@@8:::@@', 'null', NULL, '2017-06-13 09:28:16', '2017-06-13 09:28:16'),
(11100005, 5300002, 28, 10800003, '2017-06-14', '2017-06-14', 1, 0, '8@@9@@10:::123@@1234@@12345', 'null', NULL, '2017-06-14 05:07:20', '2017-06-14 05:37:22'),
(11100006, 200001, 28, 11100001, '2017-06-14', '2017-06-14', 1, 0, '4@@7@@12:::51@@52@@535', 'null', NULL, '2017-06-14 05:41:27', '2017-06-14 05:43:18'),
(11100007, 5300002, 28, 10800003, '2017-06-14', '2017-06-14', 1, 1, '13@@15@@17:::1414@@232@@244', 'null', NULL, '2017-06-14 05:48:17', '2017-06-14 05:49:55'),
(11900000, 5300002, 28, 10800003, '2017-06-15', '0000-00-00', 0, 0, '65:::', 'null', NULL, '2017-06-15 06:54:20', '2017-06-15 06:54:20'),
(11900001, 11100002, 28, 11100003, '2017-06-15', '0000-00-00', 0, 0, '65@@173:::@@', 'null', NULL, '2017-06-15 07:02:59', '2017-06-15 07:02:59'),
(11900002, 11100002, 28, 11100003, '2017-06-15', '2017-06-15', 1, 0, '173:::0.39', 'null', NULL, '2017-06-15 07:03:18', '2017-06-15 07:05:47');

-- --------------------------------------------------------

--
-- Table structure for table `medicineDosages`
--

CREATE TABLE `medicineDosages` (
  `id` int(10) UNSIGNED NOT NULL,
  `medicineID` int(11) DEFAULT NULL,
  `dosage` varchar(100) COLLATE utf8_unicode_ci DEFAULT NULL,
  `frequency` varchar(50) COLLATE utf8_unicode_ci DEFAULT NULL,
  `form` varchar(100) COLLATE utf8_unicode_ci DEFAULT NULL,
  `deleted_at` timestamp NULL DEFAULT NULL,
  `created_at` timestamp NOT NULL DEFAULT '0000-00-00 00:00:00',
  `updated_at` timestamp NOT NULL DEFAULT '0000-00-00 00:00:00'
) ENGINE=InnoDB DEFAULT CHARSET=utf8 COLLATE=utf8_unicode_ci;

--
-- Dumping data for table `medicineDosages`
--

INSERT INTO `medicineDosages` (`id`, `medicineID`, `dosage`, `frequency`, `form`, `deleted_at`, `created_at`, `updated_at`) VALUES
(3, 2, '500mg', NULL, 'Capsules', NULL, '2016-05-31 00:18:52', '2016-05-31 00:18:52'),
(6, 1, '250mg', 'Twice a day ', 'Tablets', NULL, '2016-10-06 17:55:39', '2016-10-06 17:55:39'),
(7, 1, '100mL', 'As desired', 'Syrups', NULL, '2016-10-06 17:55:39', '2016-10-06 17:55:39');

-- --------------------------------------------------------

--
-- Table structure for table `medicines`
--

CREATE TABLE `medicines` (
  `id` int(10) UNSIGNED NOT NULL,
  `genericMedicineID` int(11) DEFAULT NULL,
  `groupID` int(11) DEFAULT NULL,
  `properName` varchar(255) COLLATE utf8_unicode_ci DEFAULT NULL,
  `manufacturer` varchar(255) COLLATE utf8_unicode_ci DEFAULT NULL,
  `deleted_at` timestamp NULL DEFAULT NULL,
  `created_at` timestamp NOT NULL DEFAULT '0000-00-00 00:00:00',
  `updated_at` timestamp NOT NULL DEFAULT '0000-00-00 00:00:00'
) ENGINE=InnoDB DEFAULT CHARSET=utf8 COLLATE=utf8_unicode_ci;

--
-- Dumping data for table `medicines`
--

INSERT INTO `medicines` (`id`, `genericMedicineID`, `groupID`, `properName`, `manufacturer`, `deleted_at`, `created_at`, `updated_at`) VALUES
(1, 2, NULL, 'Biogesic', 'Unilab', NULL, '2016-05-30 17:23:15', '2016-05-30 17:23:15'),
(2, 3, NULL, 'moxyvit', '', NULL, '2016-05-31 00:18:52', '2016-05-31 00:18:52');

-- --------------------------------------------------------

--
-- Table structure for table `migrations`
--

CREATE TABLE `migrations` (
  `migration` varchar(255) COLLATE utf8_unicode_ci NOT NULL,
  `batch` int(11) NOT NULL
) ENGINE=InnoDB DEFAULT CHARSET=utf8 COLLATE=utf8_unicode_ci;

--
-- Dumping data for table `migrations`
--

INSERT INTO `migrations` (`migration`, `batch`) VALUES
('2014_10_12_000000_create_users_table', 1),
('2014_10_12_100000_create_password_resets_table', 1),
('2015_09_17_023219_create_patients_table', 1),
('2015_09_17_054433_create_doctors_table', 1),
('2015_09_17_073301_create_diagnosis_table', 1),
('2015_09_18_034351_create_user_access_level_table', 1),
('2015_09_21_060355_create_prescriptions_table', 1),
('2015_09_21_060414_create_appointments_table', 1),
('2015_09_24_084359_create_followup_table', 1),
('2015_09_24_085212_create_diagnosis_icds_table', 1),
('2015_09_24_085236_create_icds_table', 1),
('2015_09_24_085314_create_icd_categories_table', 1),
('2015_09_24_090056_create_procedures_table', 1),
('2015_09_24_090206_create_procedure_cpts_table', 1),
('2015_09_24_090234_create_procedure_doctors_table', 1),
('2015_09_28_022312_create_patient_images_table', 1),
('2015_09_28_033419_create_admitting_table', 1),
('2015_09_28_054902_create_pe_templates_table', 1),
('2015_09_28_054948_create_procedure_templates_table', 1),
('2015_09_28_060342_create_pe_categories_table', 1),
('2015_09_28_060415_create_procedure_categories_table', 1),
('2015_09_29_033051_create_discharging_table', 1),
('2015_09_29_033135_create_post_diagnosis_table', 1),
('2015_09_29_052613_create_cpts_table', 1),
('2015_09_29_052946_create_followup_icds_table', 1),
('2015_09_29_053204_create_cpt_categories_table', 1),
('2015_10_01_031102_create_labwork_table', 1),
('2015_10_01_031138_create_lab_item_table', 1),
('2015_10_01_032111_create_lab_item_class_table', 1),
('2015_10_01_063756_create_hospitals_table', 1),
('2015_10_01_064553_create_hospital_affiliated_facility_table', 1),
('2015_10_07_014545_create_table_logger_table', 1),
('2015_10_13_074157_create_medicines_table', 1),
('2015_10_13_074251_create_medicine_dosages_table', 1),
('2015_10_13_080041_create_generic_medicine_table', 1),
('2015_10_13_080155_create_vaccines_table', 1),
('2015_10_13_080226_create_vaccine_records_table', 1),
('2015_10_14_054536_create_group_members_table', 1),
('2015_10_14_054737_create_groups_table', 1),
('2015_10_15_015403_create_staff_table', 1),
('2015_10_15_015430_create_nurses_table', 1),
('2015_11_12_043046_create_cache_table', 1),
('2016_01_11_055354_create_bmi_records_table', 1);

-- --------------------------------------------------------

--
-- Table structure for table `mobile`
--

CREATE TABLE `mobile` (
  `id` int(11) NOT NULL,
  `userID` int(11) DEFAULT NULL,
  `doctorID` int(11) DEFAULT NULL,
  `token` varchar(200) DEFAULT NULL,
  `server` varchar(100) DEFAULT NULL,
  `online` tinyint(1) DEFAULT '0',
  `created_at` datetime NOT NULL DEFAULT CURRENT_TIMESTAMP,
  `updated_at` datetime NOT NULL DEFAULT CURRENT_TIMESTAMP,
  `deleted_at` datetime DEFAULT NULL
) ENGINE=InnoDB DEFAULT CHARSET=utf8;

--
-- Dumping data for table `mobile`
--

INSERT INTO `mobile` (`id`, `userID`, `doctorID`, `token`, `server`, `online`, `created_at`, `updated_at`, `deleted_at`) VALUES
(17, 28, 2, 'esTUXi74Y9s:APA91bGohBWgBkVPZT_RsZe4Ah2iMgnqXL9RfghyieBC8ajcA9OTW28KK58WHvWdjLa6Jk-z-fj3D7L3PyH8JqNLF4a_K-zb_Fsu0hCHdeGfGs6aG0bGySsUFRAiFGXO70BwQgso9-XK', NULL, 0, '2016-12-19 11:26:06', '2016-12-19 11:26:06', NULL),
(18, 28, 2, 'dZBNuV8zgrI:APA91bHi86v23iMcQuG2kC2QOhAszFutau3QLYprbOi6IAcAwHFqCo_fiADonz8P4LWScpx5KNXCjZMr8Ft_d2KIKjuMgx_nj-ZW3uOGcFeD9HG3eavZlrYNhAO0lngyk_5zEK6CVQVP', NULL, 0, '2016-12-19 11:27:26', '2016-12-19 11:27:26', NULL),
(19, 28, 2, 'fztg_xopJvg:APA91bEr05_w2qt4UoJyCwahE0Y7PP7BXrAFfce6X7DFcW7Uhk1CJiZdIDjjpPCzjz6w7JqedIxjdkECh0C-vPtauTo1MQGUXTEokmwdhywou4_6qX9tzkBle_uZBI68TPOT7Pnm6TlV', NULL, 0, '2016-12-19 13:11:43', '2016-12-19 13:11:43', NULL),
(20, 28, 2, 'fqLKQZ9bye0:APA91bETlkJ3-vcOZZkGZo5CfBWDJcRxrBvKwpqjM1Ty0eEjWQA-5OLgFtx4jTr41zhvopUJuJIP8pCxeUIMp37vTXcbZJIg3w-lJqd5owi4IPaRj4HnoGVhpLoJlVZ3DdF8PriGF65C', NULL, 0, '2016-12-19 14:33:16', '2016-12-19 14:33:16', NULL),
(21, 28, 2, 'd9GLkb5dTto:APA91bE81f5sVUvdKTcWcSbW83pSAo2fxHXpguS7oXMsqikF_DUDKbzvBjHk1EvnoyHOMAmhGUuRhWlfmP2DtLOAoBNIRCQ74OMn9rIX7rNRhxD_LasaeDGzDfvYXTdTnaIWNW2jlAD4', NULL, 0, '2016-12-19 14:54:07', '2016-12-19 14:54:07', NULL),
(22, 28, 2, 'c7NCucUuZy0:APA91bE6iT18td66JR42dpAK95FcAMgTwJa23LAWQSQPMcwF19l_mzuD9DVT5OvcssxgI5HTboix4yhboHcVhc2MQKxjMPL_r5Ok6XlXAH0GjH21vwyQDhFZ9lne6Tpklq0lxLOaey-s', NULL, 0, '2016-12-19 17:03:42', '2016-12-19 17:03:42', NULL),
(23, 28, 2, 'dRbt5wtAvqs:APA91bHhrGub_a1Gqtkqt8RTEpJKxUDykiNTwZudno2zVG3LBrCv5hYsAyAwzylnOwEHQuL_rGdhw7ZzTLusJHY_mx0joSvRBSx2n9rd9Cjb9vsW4Oy8rdSXr-3mtMxwl1lxBlX10I1A', NULL, 0, '2016-12-19 17:23:16', '2016-12-19 17:23:16', NULL),
(24, 28, 2, 'ciyx1H1EnXY:APA91bGX7cY8-cRKIcSD8AkRFM2g-9xvAs9-Kl7uBycKtHBwFNbXT9kr-i6DvvHubqoUfPDXG5H4_b4950PCBJWLCuQRFDZesU-MFs4HPRHC_Wg4eDEGRDCg_w-mhd6C9RZdxSTih0bp', NULL, 0, '2016-12-20 13:32:21', '2016-12-20 13:32:21', NULL),
(25, 28, 2, 'fCCGzk-XvcE:APA91bG63Rq2cMo90RNXS3cBYneXvBD0X8jY1-FNAtuc7h87YdAX91GmYBKgsQ08G4nT8xX_N3Qsurcz3QX3PJErCeude6fAw-yh6jT-HLYnnbeeJyEwzt1ZZVA8tL_A7uVkxIJDw1hF', NULL, 0, '2016-12-20 14:12:46', '2016-12-20 14:12:46', NULL),
(26, 28, 2, 'ditWjYrNsJY:APA91bHTeYJXb5PNC7GsjPcQqAGKhReWaADEKy5GR1wiVYto7GHZfb-_FItRUMeyXZfwyr-7YmwxnqRpIk3QHnjyBjGHnPs1DaSrCqDXJ58eLlOirJkgngfI4ElBelLdPLkNDgncVJ69', NULL, 0, '2016-12-20 16:00:12', '2016-12-20 16:00:12', NULL),
(27, 28, 2, 'esqTGlArCtE:APA91bGJ7_MOib3VCIVMxIU_D3WE8qFQtvVd-DalTU534yrtiQaBpX-P2Hyt-s0xguAu3z1zdX6ECwSrO6twpn4qXpZ7_KNKRqzZSqXh27tqO-mUFTkWnudbX2wxhD76Lsr_tjURutU8', NULL, 0, '2016-12-20 18:14:35', '2016-12-20 18:14:35', NULL),
(28, 28, 2, 'dC1C8e_aVKs:APA91bFWaH12c7d58jlMadJuQdETlDtcB5GIZTa0-74Zf7UBMaVxRWoM4Kky95UFc9tjt7jAq6MMoR2Q6bMvO9-lZc78wK4mbLU0yBh6kmm7xMCWRHlCqMdAWU-jsWs9SVnzXzmiIYN0', NULL, 0, '2016-12-21 10:17:20', '2016-12-21 10:17:20', NULL),
(29, 28, 2, 'fKnGe2UKvDA:APA91bEeyaa5tkpiAUiYhWAXzICvybtxr8C-2GUwybz66-zA8egls6Excy1rT9vtuyrJSgb1NSf3Iy7hdY4xi9PfMTXUs57BGZ4kU3GOWYX6J_tWU-gm3flsOjCQef2mr54IBwG8RbgX', NULL, 0, '2016-12-21 11:33:46', '2016-12-21 11:33:46', NULL),
(30, 28, 2, 'f4PaunEhfXI:APA91bGtzaS4j1JQIhQio1NmhR73ktM27HZoyd5M2JLI6GcagwF0r9rwvLAMdRFGxE_-SbvhcY1SM8njY3QxH5oGjgnYs7mYKlxXDcRR43Fypdw7-Qy8kY5l5BRuivUTgIXXUgFsDPGS', NULL, 0, '2016-12-21 11:55:56', '2016-12-21 11:55:56', NULL),
(31, 28, 2, 'c6C4Om2Fw08:APA91bG852TUVAPJnjsM4VdA2YaTGxFSoyHWVRE1Tm14xL6bW9exxAtHmgdOzbu9QeQqDQOFq44oPm498wSkCKVkJ44q7Ezemv9M8UWuytqFntkGjgrfWkxr7q1Q85gon9jBzFoV5Y-M', NULL, 0, '2016-12-21 12:29:40', '2016-12-21 12:29:40', NULL),
(32, 28, 2, 'd4uKQUSQaUk:APA91bGXkTpQ12qA9PrXhkhJ2jdhEKId_l5lquhV-67HAacMn4fJzaZFx3TiYiO9OWG2mytjbhJNPP-9sOGhqAO6tAw6fM-9xwPY1tr_-wS8jyrRcUFTf5Amh1TGMgibt4Y0Q5KJYwRF', NULL, 0, '2016-12-28 17:38:32', '2016-12-28 17:38:32', NULL),
(33, 28, 2, 'efO5CBnJHXQ:APA91bEaOp1lQ1eje4q4Bj8LbCdczQasQyxokx6pji_v7CUGdllvFA6W7eWLRhXQZ16K3xmf-dNDfXcA7-QleUK6ZBA5_gkHv7LrKP4RQJlxdy9X-70UgokF68s2MccyPk3UT_9hgeJQ', NULL, 0, '2016-12-28 17:52:30', '2016-12-28 17:52:30', NULL),
(34, 28, 2, 'c7cncNI7QxA:APA91bHvQQhKPf5SVcGtuGYh0wJaROuO6f8OQZHisK-bPsT5-_VQWlYSmrlxoZv7hX9U2yRiekxphuqNy8b-2olmEXOAH7-NEPztTZ3T_Qhi6dVujRp878w8ExMdcr9m9XR424I02Dvu', NULL, 0, '2016-12-28 18:10:28', '2016-12-28 18:10:28', NULL),
(35, 28, 2, 'dANDDK3LiUw:APA91bGSAXxhk0ZgJwfoTROxQuWdQClP8qtUxYegMbR1f4KkEBFVcQA6UoNZ--juExs8JvMZHIvEUIYlOaXrQ7fn76Ihqu_oNrvuOnUHe2gp-W1fIst4_AMlAcgUu8d9AeSKbMmw9OLR', NULL, 0, '2016-12-29 10:52:28', '2016-12-29 10:52:28', NULL),
(36, 28, 2, 'eiKFpF8BpBM:APA91bH86aJHM47mvNo5Q66UdjqXM57oKO7dHDiRxz6yHheaqD7MzqMdxKUEZiib4c4PvZ24K2s-9rCJGy1sOwG_zU77NlWUKISD8reNsIl1azOVR14A6F_0v-hV03aqufANaObNtZ7q', NULL, 0, '2016-12-29 16:54:34', '2016-12-29 16:54:34', NULL),
(37, 28, 2, 'null', NULL, 0, '2016-12-29 17:21:55', '2016-12-29 17:21:55', NULL),
(38, 28, 2, 'f-SgWoD-quI:APA91bGqGJyNydTCa-m2RASp0JRSPofxacDqAST85ApP7gG0p28kWbH6ZG8Eq50fRiABgJGZ0OuzYD9tM6SucT3DryfmdlwRRauu99W4xuX8PZJrW26MuIbaiZ3K82gyVGSaHJJWZgDP', NULL, 0, '2017-01-03 09:53:51', '2017-01-03 09:53:51', NULL),
(39, 28, 2, 'cSB9O2TWAbM:APA91bFxRMS5seJXLRc9RpbNjIgm2xfetMiipUGtjA7U-wsSFYK6BoKgx1DRVWKlWFcUpnukEri0sKRchIcef-fes6KEoi4vv7dCy392UXieQvfRFO4ZIfOEvk3C1cT8RBrrg6DFA7al', NULL, 0, '2017-01-03 12:34:49', '2017-01-03 12:34:49', NULL),
(40, 28, 2, 'dT_1hOJHS3Y:APA91bGHjUtYw4GFfmgVSZcZ-mfakkWgn0NYcfcsyzK2SVVIS4aWmCzLpGoIYTSuleqpEIBKggVW3IgGhvweI45dx4SKBgut9uu2uYRSo1-8nUWh6Gzi-puM0jOukiStIHwYXsgD3XYR', NULL, 0, '2017-01-03 15:19:58', '2017-01-03 15:19:58', NULL),
(41, 28, 2, 'fGlmDArDllc:APA91bEBhgxE_ok8P_ZFpGf7u3__5v58-aW4Kiesj7qeVkOyfassXv6PV6OpGu34FXXpRSZvfpFMce8dgvrPUnlioPtmMUQ4hc3wP9HWibXWXPy_k7ufyoJKcwdIhAOQnZq-1Zk-UPVZ', NULL, 0, '2017-01-03 16:10:11', '2017-01-03 16:10:11', NULL),
(42, 28, 2, 'f_c36iudEuo:APA91bHHKHZbXNAuM4-8Uxcj2ET93wVkIGjxZ8tjTETYuzpEX2oUf5WXIkRvnHPGt3urSKc5CKlX1Z7-TMQ0C6pG7YvWfXtVK-GDORTU5VckL5uKM_ogRQgK2STzaqR_bYK5yeCAA0gy', NULL, 0, '2017-01-03 16:24:25', '2017-01-03 16:24:25', NULL),
(43, 28, 2, 'cUBHl3y34-o:APA91bHsBp4tb3o7OyrNCJ50dDLUFOZfBleTCKymdsMhSGWC4mDXfUdJirq0jx0z_AVBMFvvLHS6qdJVOq_oc0WOSIh7432-J_svg9ZFwsr6msA3M0fsyyfeqO_f0LcPkPwsIbF_TB86', NULL, 0, '2017-01-04 14:11:35', '2017-01-04 14:11:35', NULL),
(44, 28, 2, 'cBjmfz1nkZE:APA91bFXmwSW7rIi1G0EmU_AyStn_KLV7uWD-tGBcSF9HpxPPsjKK6ilOFp0xBLa0x1ktXOM2WnZ1tQgAYCCz6FcdeylGoY1tayi1sQM2ev7bZ6rYZPjv_X14QrCdIpqC1Au5yhyp0ea', NULL, 0, '2017-01-04 17:49:56', '2017-01-04 17:49:56', NULL),
(45, 28, 2, 'cX-j1b0Efnw:APA91bGNf-SFNoPbbgzty18m2lp4YCh851I3cZV9TiU8PScZnFfy7khT935z6CwWf4bwo1VoX2Q-kTiP3-C_Ey9yaHoD5mcymFPnSTw2GKGoqUdnd_69NFHk4sm1CJQdxw6FNCZgSIUM', NULL, 0, '2017-01-04 19:12:50', '2017-01-04 19:12:50', NULL),
(46, 28, 2, 'd4myXkRF13s:APA91bH6wmbE6jE-FXI08tvdsFGM239NFLJnXD2zuBzKecZ2JJaZSjPY0JXhuh9dCvPScXS__gS3t4NJ23bKDJMhkkrJ5xgfKN7KytGJSgD3GhfLv_8sRb2dw-7K4JqfOHEvelK-um1V', NULL, 0, '2017-01-05 13:19:13', '2017-01-05 13:19:13', NULL),
(47, 28, 2, 'fbJhxpZVnFI:APA91bE0DI-V6yPagITVdxJSwVkz0WaJnYEpvfJxDbUr4n_gzcgiIuEwYiFPJDZMWE7F5aJhmnIa-D9216w4CTxpS0XNXT8m0vmKIcge44rcYP_vwdbvGIRm1ZYcu5_KIDgln1BF9zcQ', NULL, 0, '2017-01-05 13:50:58', '2017-01-05 13:50:58', NULL),
(48, 28, 2, 'dAsWrVv2Uro:APA91bFo4ZGsTdyR81AEWRpA-r_vM98vmrYE8kCaFAJiG8lqIUh0GP3CUcXiRhvrRxzmYrOvtOACauukPS8h_cZErcxPxG5RYK8WhVgE_Xs39vIbrd53LHD9sShj31Zo6p-QQqva0hNY', NULL, 0, '2017-01-05 14:18:47', '2017-01-05 14:18:47', NULL),
(49, 28, 2, 'cNEo8rzFfAY:APA91bHgYyPwWb67tImf2Ut1uxYz58jzJ7iPX50Liqit0_kZuSV6YId8UJbvgbAd3rIHoT_UesozODuIRFHBQDsi4Mrar6ep9MWsy0m1VsB74IIZyjtVqSUyqp6WzA6jeGJweH-CoPGf', NULL, 0, '2017-01-05 14:37:01', '2017-01-05 14:37:01', NULL),
(50, 28, 2, 'ec4V6F69EY8:APA91bG_JGtQ8-VOb1pOWVzYvx5UtTWCchEC7WIzt2puRkpUSqiu-6YAl7PwkOBz7zu4_ol11ex8HykS_gS8VKCz5iqSgUZEpRokvV146yH-ErKJSEaxjPg-8MZFF8KHnk3LpJT3Da1O', NULL, 0, '2017-01-05 15:25:26', '2017-01-05 15:25:26', NULL),
(51, 28, 2, 'cKQj3W5D3Tc:APA91bFKQAPtfbW88vJrBQIs4A1PqQ7l5ol2khBWwmyTofseKqs2ZsRTPm8pZjeh24iHWumoawxfkcsF64oSuLVCh353NP6c630BIWkv_c0Am5b3hb5OdIDxEntSBCdMWck0e9zG8qzQ', NULL, 0, '2017-01-05 15:55:15', '2017-01-05 15:55:15', NULL),
(52, 28, 2, 'cnbTfJ0rT58:APA91bGX_Wkqe7AQF-oc7Rk6Fa8mfym5HvVnuUyKJ_oYZ76o2KmaNkuKASAC6JIuGC5B0Os82lZSQlFDuA8jlmARK-gKqFWVgKMamXCvSzUTUxy8YS4_PqoYgTJV1_0C6AGnbegyZZbC', NULL, 0, '2017-01-05 16:21:51', '2017-01-05 16:21:51', NULL),
(53, 28, 2, 'eSSH839uVTQ:APA91bHaQnwQhwtSsGHHz7R95BfqraMaNDV7rJtLN9AFuC5nLAWa96I5ASr_2_0xDSmo3UXcB7CAFQ-yuXJ48nABiAAJRQxfLscSNEUMiaebBs9bs985sl45LfkA2aYKz2F3YBxF6oyg', NULL, 0, '2017-01-05 17:21:16', '2017-01-05 17:21:16', NULL),
(54, 28, 2, 'cP13_FPxEUA:APA91bFVrGbgBNopNulABv0btbKVtxJTFejlNXo8JcaHLWXXazVXb4QxthQkZ1WpWtZLTn1FhH3WUf3lqrX2ke3K_FTqtmrlpag6Dt_DO_E0dj7qv6QfKtRuabGh8D2zjdBfhK7atdKf', NULL, 0, '2017-01-06 15:54:51', '2017-01-06 15:54:51', NULL),
(55, 28, 2, 'dy3HzJjGdu4:APA91bGrYC6RvJwneXJwz_U440vlF_ZmuBTtcTPolEiS_ypm2UZUev10QGvLtJG6Lna0oGf7KcE71JFPnqQxtdt1NKRo-xT5LWc-kufhPbtX4XGZongku1LmVBOv9ixaoO9DkcIGrSpS', NULL, 0, '2017-01-06 17:07:53', '2017-01-06 17:07:53', NULL),
(56, 28, 2, 'eI5JlEgU9xo:APA91bEyuel-WrzMy0JfedU-JCrq5ra7HNvcVazsA6qe_8eZPjj1KhAH_OspjjRgN8MuzpWYyrmpt57TOdWZQbSSbi6znYHlIOkfmPn_480HzEuzV4RbSHD8yMTENel-VkGuhYc2Mzqn', NULL, 0, '2017-01-06 17:34:41', '2017-01-06 17:34:41', NULL),
(57, 28, 2, 'fzaD5xwE110:APA91bFTGs10HAEfeK4RzZbY9s_MCY2YMtpqrVobP_hbKF2-9lm4IdNpquJ-FMpugE5pMJo8PLNBF2V1XM6ydRsrszlqL165y8WlKSCT2ldtpG8fTeSWCfQg-jUYCnYFYy8Ji41eUy6J', NULL, 0, '2017-01-06 17:37:15', '2017-01-06 17:37:15', NULL),
(58, 28, 2, 'deTRyL-xoLo:APA91bHzv2mzQGhsTAs9kb_fXpVDvchJSfdHr6W0btjCUYbP66XdZ6FwhRiqMsZkjjCmUGPyIG145Va6oP9BIPN47vSbJJZJzR_Uhp44XyXIIoK-I17SMcRR2sGeAYdu21OwhijZCdhz', NULL, 0, '2017-01-06 17:41:01', '2017-01-06 17:41:01', NULL),
(59, 28, 2, 'eRp-qjg52BY:APA91bFQRltqWt-ZIwBJFKbrY7Iuu_6RmhjOYSLlRyL65_xwhXjKBMM3RWGo74Xp2ZGNyYyZkRZUmOMTkJTyxw6Bwatyj9EfL4yVaLG1J3jsTXc6vSxXrFdNfx484B4MaleD6NVA3SDv', NULL, 0, '2017-01-06 17:53:22', '2017-01-06 17:53:22', NULL),
(60, 28, 2, 'czgJSWNkg0E:APA91bGKUw5Os3HbGi8Q226eqscGFvh1KEjfq194WzFikff4tr3KwLJkf8pVyAL_qhKafVDVvUZacyFp3nTciNW_34sONYVGzVL7vy10Wc3iE8aGF0fUY1_w5BQaGePeLk1FqfJYUx7z', NULL, 0, '2017-01-06 17:55:17', '2017-01-06 17:55:17', NULL),
(61, 28, 2, 'duwzHsR8T6Y:APA91bFF_KDp1tZRz7kB-twrgsQsUipYznC-Xs1iOIwfUZykiWEhN330JPa3CGimuTqd5jnycFvrHwXeSXjKPKAObuY2xyKT3Wy1gspD8_9lhWzkL4eAEXrdPh4uNQ3psbFeU2qKwrpE', NULL, 0, '2017-01-06 18:03:39', '2017-01-06 18:03:39', NULL),
(62, 28, 2, 'd9s0T9GcLLo:APA91bFcqLT7x8s3d3BzYGWMWs_pNKvQa717Fz6AwdxBbuqiAkK-z2UE7qd08A27Df-OV106rAGLw0mwMa03s8MXkf4gkJPnIp1_l8seEFOnZte_RSbmAeEgGY5pLCce1Et-9ohnUFg5', NULL, 0, '2017-01-06 18:16:48', '2017-01-06 18:16:48', NULL),
(63, 28, 2, 'eX6BYJ2xzPc:APA91bHg5ohozezxgiSFdsftUDFDZtT7H1ZLtpu1vZWRqVYNMnWbfghtEy-a8ER6P3BD9D-avCz_357N0ADbA4oNA4qC5oSSVYcX1KQ5JoFu7SGXmQe7eJvIY4H3DSSL6D5ND7lOxS5x', NULL, 0, '2017-01-09 14:45:19', '2017-01-09 14:45:19', NULL),
(64, 28, 2, 'fKHlhLEtuIk:APA91bEoXcHf8eTCSjOVn2RqlAwZ8y5PKRmQRYjybRJu7E3McE1fghopt0hmOh2qONfT8V178-d56Wnc51zzcwg3ByfNb_hBxfgW97iVpEzHsndQGvMV8swBBHAAgfVPpKS0D1eLPWvm', NULL, 0, '2017-01-09 15:33:53', '2017-01-09 15:33:53', NULL),
(65, 28, 2, 'dLOYZnlfDa4:APA91bF0SwyhjEKPa08-iAgFSHg8XThMPFqubqVSnuTmPyAlJHIJXo_lPYKTAwDt5SGZ8UaOOB_wUyjq7cg8tLqGmWqZZ6wMzPLdswszRdZW5ni-PopLgfbUbxjQ6432g7p5TD3d3Iir', NULL, 0, '2017-01-09 16:55:12', '2017-01-09 16:55:12', NULL),
(66, 28, 2, 'dp2kBTykIdQ:APA91bF4N91J8-U8n97beUCGZcPDC0v6XW3dBD8e0G8h_q_-ZAMpHM97TGDzDcLEQTQbwht1vKvgf1SxgSLmjfvuUC3A8mA2lPQrVv1Yws1KLugSP-cDFAMIvjbohcZM7U3aFHWI5PFN', NULL, 0, '2017-01-09 17:17:38', '2017-01-09 17:17:38', NULL),
(67, 28, 2, 'dqcU6JC8ZU8:APA91bEp1BiOkJ0yBjU-4ez0EuZ2U9HXANPadW0f4Bohjg4REhUgo9cicukwwUMwWuthmo6wU2nzafb91OiZugMMwCjPOrLrMqiF_rfM31N8W4oSjd6WDVZmKHpWYm-4Ahh9NxZ4Q56l', NULL, 0, '2017-01-09 17:35:59', '2017-01-09 17:35:59', NULL),
(68, 28, 2, 'ez-j52eOMGU:APA91bGwR1AZ0VTBZO9S0veJxWRsI0CJ1N5XKCd7vx8FjBAMPQmlPb9Hxzn6GiVbs1GmF_Qbgj-FLRa3AYZDPC0k1bSZ_uiNU6ApC16OE-3m9HB64uRBM7WvizZGrHsgFDWWRBVpvOwT', NULL, 0, '2017-01-09 18:39:23', '2017-01-09 18:39:23', NULL),
(69, 28, 2, 'ddlR2ZHGLMs:APA91bEy72HmIMrJnz5m7IGQZ4dyFfWDlTVAxswxjaRabWa0bI97by1jEkvzfsvMrKJ4NjjEe6h9oxW15TJY5bm8TTOW3PRjRwVtNYc2ZDgwLAyLxET-8oXjpKzyvk916IIvfpFuvTsp', NULL, 0, '2017-01-10 09:29:12', '2017-01-10 09:29:12', NULL),
(70, 28, 2, 'f_m4cfpa_L4:APA91bEGJnsxKOWQ9HfLtwrljiw8xFtFtfH3hNQS4a3UawuZvH3k1X_vcflM2ahd6noUz-c7BNeBFipi9RqhJUf4HP68JSy1EKXHMaU7EH7Rq_oiMdqAq6XMp0-EY0RYcsMzaARaaxF0', NULL, 0, '2017-01-10 10:03:55', '2017-01-10 10:03:55', NULL),
(71, 28, 2, 'egFu67ombZY:APA91bFD04msif0diy0gV48knr7fuTNJTtz-Vuaqb2qGvOLdLIvSoWboE_uBfJu-GnPS34uG4HPxsD57Vaz7CTZWXz5Puric0wBCU7zyJ_iJMlOy9DHfBcWgs8GfyKpXiDni9CNlxcZf', NULL, 0, '2017-01-10 11:22:04', '2017-01-10 11:22:04', NULL),
(72, 28, 2, 'dLLmKtMLZ34:APA91bFKBlT9qr7IZYv3w6Cjk83o0l5SVceF-Jf-GtB3ih8Nm0fyyOkGPgMSwFvVX4DbgCRfCg4unvd1QHu-T3tZ3KaZp-bMg5sB-wt6D5ngyDDKSieKWLSY6Cirk9YsEi10PRvEXDbA', NULL, 0, '2017-01-10 12:13:27', '2017-01-10 12:13:27', NULL),
(73, 28, 2, 'eJHeFWJQGz0:APA91bGi9BPFm3cqp28y0z_n-LxQq3VsTl3b-oH1KrIRIWbBrkewUMTdpmP-gi4fUkZdPH1_KgzRjhVcSfKHhy4Udz6t-Q_NemXC0vQu8WpjHr7BPHRLwcA-8MF6NJbv5YGkNMY1ridX', NULL, 0, '2017-01-11 17:10:45', '2017-01-11 17:10:45', NULL),
(74, 28, 2, 'dP3pzKufi9c:APA91bGyi-0dpS0FJ-p_489raoQT3OnRYNrAsg7YZi0L2jIwpAaIHP3PGHCmUTtalYwou5RweP_kEYpiE6Dw08KdJhqZqdYJjP2ae8W2UXkpS5Jpj4nOD4GP8Od3ion2oHwMUNW67w-W', NULL, 0, '2017-01-12 09:59:46', '2017-01-12 09:59:46', NULL),
(75, 28, 2, 'eD76VnA2Tww:APA91bG60WtoLeJTIfjQ-uKxjUu37fizl65iJnXMUsIxB-pDmpmJlkiSnL8zwwHZIdPP11zCQmPgU-IPP-yD-FdoJQzxBxEXWAhX1n26jAtWAg9D_wKMAzHRpDe4HAR4-nTsVzAbjx7E', NULL, 0, '2017-01-12 10:13:26', '2017-01-12 10:13:26', NULL),
(76, 28, 2, 'dSQKh8yB-Vk:APA91bEpWItIcNSaxNMDYVtAQjKtiBZggRFdQ78HhIKJtRRDndfiSEtLHqGlZRPzTCFaj1yl5WRP7E4y_Qn2MMP85BLYe4akjneKd3y-zUTyPG3jdwuhRoyY33t8uIxVrwR4b94zEoJ_', NULL, 0, '2017-01-12 10:20:19', '2017-01-12 10:20:19', NULL),
(77, 28, 2, 'eNVUavta61w:APA91bEZo_cVmXwONLjLOmhn3GQiWtelACZzDZo8H0Go26DoIZXQPXGDHW8UHLONhO-5ygeJ4F7ev-q7eEVbwaXUt-sjFz7xIs3lw5E_ryJItQ0uQCODnb--GqLFWaGH1boXSXWl6Zqi', NULL, 0, '2017-01-12 10:25:59', '2017-01-12 10:25:59', NULL),
(78, 28, 2, 'cwMhOhrUuzI:APA91bFfzYJ3WOy_xYAFzDMsjwKl7SWkmmgORPCTZ4J4DXtPsXBE2_Ba2OP6PrnxN-tKjVcIYT4VGmaCH3QcI0gui8GIrsMnkoaBAM07GNjPxBfwt35RgksU0B4aTcANl9fQVd1njxiU', NULL, 0, '2017-01-12 10:31:59', '2017-01-12 10:31:59', NULL),
(79, 28, 2, 'fUBTxKpDUtw:APA91bE62N6WVzGlBpmu0abC-X_fXQ234bUAC9P0E9PIzwxUfFCS5nuJy4UCtl53uFR7wjRLwk-kuwR9u3ANBhh5eSdN0w7HsqKuE6i8LLiHfaiQIGhpeRnMrbtLm20ZnEyyo5oNDg5f', NULL, 0, '2017-01-12 10:34:14', '2017-01-12 10:34:14', NULL),
(80, 28, 2, 'c_0SW4RxMAM:APA91bEDsS6SNu7i9YTgqIJkhpTLwg25YToZrL407JNlGs338Qwmtft6x9BXrRwG4e_d-HH151UjaZWPLPojMQzmxU5h2mn83KDHjgMO6Iw77n1MCm6C9_au-F6j_5otlU-ozsY5m8HT', NULL, 0, '2017-01-12 13:11:00', '2017-01-12 13:11:00', NULL),
(81, 28, 2, 'edVCDIHkcFs:APA91bFTkAPbksh2DhaNgyWMNGpXphvLmMt5AzCbvoLAtqP857oerPcqanzBpmeW74t2jrS-Awzyv-utlFls1qm6ILthfKscPUt0opibQF5ZyQHSEIlbFtjNEI2T84DUkb8nEVrBdgx5', NULL, 0, '2017-01-12 15:24:46', '2017-01-12 15:24:46', NULL),
(82, 28, 2, 'eSLtxMhRPZQ:APA91bGnd2KMI3OPj31pv_QJlCo7AWZwR7OxmJbdhP3wx1dcMb03aaPOhmYpMraPIARq_5dYc884LVm3PAHa4f3EucboPLc_l35KT2JFPBZ36bIKWHpOVeT3THHk7YkMZXW8pKdehFJt', NULL, 0, '2017-01-12 16:21:34', '2017-01-12 16:21:34', NULL),
(83, 28, 2, 'dr3Aqz8GDUs:APA91bFA2mbPBhrtojhnzkKbtq7YDcCXRGzKIEaXa0Z1-8dxkmdHlSIsIhGw_dS4yipV_5Rlm47DQW8SyO82nZIVNaZLSLM0ZgSQHjs83N3ttB-isaUfClFZySB-W_arR5smoe1GzjVB', NULL, 0, '2017-01-12 16:32:26', '2017-01-12 16:32:26', NULL),
(84, 28, 2, 'djtlrtwQN0g:APA91bHCRigfEbfPzjv94SvmJ5PN8_LQ041XsDiDWcte8jn6gS60aFwA37Xt_RUAt2fF0wDmx5HuvTMB2EWhn7w0sFhH2OoGP_aQBtGAgls3knKsGpW1-BrqYwUHObHE3B9DE5q_tzSS', NULL, 0, '2017-01-12 17:00:56', '2017-01-12 17:00:56', NULL),
(85, 28, 2, 'eLb3FzCd5Z4:APA91bGcb5_ulNpAzlkZoLOSMjwOit_QfgRHTJ4sIELdBFZ_xrlsBS6APVsQ202Kv5LTqd8Y3WOn0S1zF-wPPT5GaLCx1ySAGXzoZ5J_tLBoiIN919cD7eVb7kJZzocIKu3wfkU2iLwA', NULL, 0, '2017-01-13 10:06:20', '2017-01-13 10:06:20', NULL),
(86, 28, 2, 'c3hsoThyTlw:APA91bHmGv0_BMCQQeZDx-ReV1aYyzTpa-cP35Q9dd0cmYNDf5z6jlnRp-dXXmqYOd2br-v1T4uPf2Ar-F5O1hHCDPwejqxOpnbO3m_ZV6bLHhSKzqtKHY0WrGA86mqktCw-NGCCadat', NULL, 0, '2017-01-13 15:59:05', '2017-01-13 15:59:05', NULL),
(87, 28, 2, 'e-CtFZaZEns:APA91bEksMi14pKT0Hl-BwtEnS6fOJ5-RSEwYOcR1o6UffuwbANNKtHGwatqhKaOTfNDThz6rdQV_HWR5wQGelNoxskqsIjGaXbubOWnkTZ0kqpmt-WXsYcAFZuXE2GLRe1hL_n3JCAt', NULL, 0, '2017-01-13 16:57:51', '2017-01-13 16:57:51', NULL),
(88, 28, 2, 'dsCGDjEMwGA:APA91bFuU-XZBdP5slYlimPq5kcrx8RWz02Er-Smt1KnyT1ondT1UFyLYuxSbz6EjVvOUmBZKJfc0YczP0bEL3G9qLZj9sumGXZH6nScl-I7ZQ8FDaZM3XHhjGAdqq8Af82_MM49tg9X', NULL, 0, '2017-01-13 17:32:03', '2017-01-13 17:32:03', NULL),
(89, 28, 2, 'd1PSq1DqDYo:APA91bGR2FMNgl635YLN258CiJpY8PGIKzWr5rqz8whLhvdtQ9elScG0ebZ2tUHJpTuvsnCkaMGgDQw6aK024og0xPAO_tmnEo_sj3cFflXdv0CNRdVGkGgrRtWntusyHT7T135wROx2', NULL, 0, '2017-01-13 18:38:28', '2017-01-13 18:38:28', NULL),
(90, 28, 2, 'd24vtBXcee4:APA91bFVSYhaeZaOv_VFgKtcgN_ukvqK4GkiGHbztMawejWSaqiqe7biepr-QIFlubA6YyczQoUBoM3T_OsngKspMLfP2BtVX1ZDnUz248GSPtwlIQUQFPsQ63sUl8DSmMSFxDJHZsyu', NULL, 0, '2017-01-13 18:40:52', '2017-01-13 18:40:52', NULL),
(91, 28, 2, 'fVjiAQTt-Ys:APA91bFGghL0DHreEk1-ATPUbJYAnR-wkIW6HHWuXBMonVgU1TcySrfUlZp-9UUpAJFl2XgKGxhxSjhltL_Pr_dkygj8XX3R4AWkA6aeVqo5UCqgLDTwg6po1Lx3yjnH9XR9XV9Q_T2Q', NULL, 0, '2017-01-16 10:07:34', '2017-01-16 10:07:34', NULL),
(92, 28, 2, 'cYCAzHaqTDk:APA91bHA9-Ly6FIVqRF5gTOnJ1w5seBfEOpDyNtdHw5x5M2Iu0Bv7uHrYphet9DYIIQaEATTeGHwliISSlTvqGR_V1i_uKK8og6tmJS7z3kwyjxcCEJbpYj76Zg8prBbC0_x6nmMm0lA', NULL, 0, '2017-01-16 10:17:53', '2017-01-16 10:17:53', NULL),
(93, 28, 2, 'eI7Wt-JKNzM:APA91bGw_iSaWX7CNHfVxuAvTIxr786C05VC5aJno0IhupOAqXAKnMuDcEdILOtoxEYZ0GX0p1lCD9g-B03wDGP1gDukaMXAJ_eTzKX4IzJeyBaPGyo4_uBuKjlDGxRnY8hQ2xWSqJfc', NULL, 0, '2017-01-16 10:44:59', '2017-01-16 10:44:59', NULL),
(94, 28, 2, 'cw6TQhMk3zs:APA91bEGHja1uGc6le7sHRUIADXl7ieoc2CjGgRe-xPzxGhPql1c46E4VCCy05Cwil1jxglO4BUa_foFhurDRIz4OD5z2Vj6aK7bt4tm8y1fJmnKYq_14YRCEATb5n-6dybiA0UPZBlD', NULL, 0, '2017-01-16 13:02:42', '2017-01-16 13:02:42', NULL),
(95, 28, 2, 'f7bLpAOKfaY:APA91bF6jmDppeFCHoojszlAIr1fGkNojEt-teezkFwdHW7nUcC6OPCwm6mjcZ4sPHkW0npAwJb4lRIt4HGwFf9DMseKm8qPKFShVCznHW8xLHeW6Ot9cQPENsHtZdv3_0nHvtlpbTSV', NULL, 0, '2017-01-16 15:53:28', '2017-01-16 15:53:28', NULL),
(96, 28, 2, 'cm5K5Del37s:APA91bGsbQRH5ziXqjeXywpw1nROJnFKZXp4dSCsSBZINzVDoUd2018RpmyeHOBa-zxsm75CU-B-KGAUo0gpTw5mUR5sbuPLqBHZp36q7oPk5GYBQmu706To5QVIB8pcvywy4f1NsT16', NULL, 0, '2017-01-16 16:09:09', '2017-01-16 16:09:09', NULL),
(97, 28, 2, 'fzi5W4eovk4:APA91bFwMdLIrTNW08VvRmnHjrtyV5aLG3ez9eeM0Pab5bfrtOWy_cGbNfwoGLTIIUeGQh39lAntrqP4JJF3YhJeRV5LUGMmXDNP-lV8oZbyiKai9gGTmdQ0QYHL2PlstC2ZhLe1DSJr', NULL, 0, '2017-01-16 17:16:58', '2017-01-16 17:16:58', NULL),
(98, 28, 2, 'dJPInfWq8gs:APA91bGDF0IMB38IYeVIGkDTI3hr2NyM14RI5wJygZHA9vkV3uXWDPVxmkpGAGOcHyFOLAP6sdU7dKnvfHQWuDXKVoJSb9GVc2VQCIXvxFB9NRc5skLMynxNRjSCUcsL3U9DPrwJ5mdk', NULL, 0, '2017-01-18 09:34:58', '2017-01-18 09:34:58', NULL),
(99, 28, 2, 'fBNg4EVLriE:APA91bHtz_Ljq_B0Eugbt9DAXQqJmAPvJdMtCYyXMyphUz0z47HWv6aPXUFV5VkfyYEZOk9j6YMb_rcx8_ffjtlVU--i40jlH9btpCuqKvHYH6xzwp1Bk8etUGwt-W7I-osDvt1_29Cn', NULL, 0, '2017-01-19 15:06:22', '2017-01-19 15:06:22', NULL),
(100, 28, 2, 'dxvuqs-6T0E:APA91bE1FquKmNlZ6UhNXXDiR5AjTC7AXqkRq2xm5gbnorv3okp8OBvj0Xoh_GFTUHMRrta_d6GKBsv8UQQjRhKK9KIVYclY-oZnyUZeKPUBzNkkr8yuH8sxXMhk8_1rUuWC-OeEd7lH', NULL, 0, '2017-01-19 16:37:56', '2017-01-19 16:37:56', NULL),
(101, 28, 2, 'c0GyK7XkhVg:APA91bHORu1lxO2G2dk9SUnqrtcRmV1Wh2wR1EaIwtwV_Ry6tNnsGV2krAUEbsbA22prcZOwYshC9nikA06rK5QNdCtyslD8MAMiY4EdbQDS0T7SNYumgKr0DXVmx2BeLirTSLzJANIe', NULL, 0, '2017-01-19 16:49:44', '2017-01-19 16:49:44', NULL),
(102, 28, 2, 'ejP0bG_WWW0:APA91bHDR4Spqda5B27Cc4q29IrpnPG5KA7ZsrwixH_smgAh6JGHa_5OxaElUvLNiwcR4gJS3BF-pjch3m1BjsXCTPAMEt-1llOP_ghCM-e5B6nThmYUPJ7d8JCNX2ZjhYJrQVOrybvD', NULL, 0, '2017-01-23 16:48:07', '2017-01-23 16:48:07', NULL),
(103, 28, 2, 'eI7Wt-JKNzM:APA91bGT9WB4x5rXMGljjQAb9s_f9t1rfWpb_azK4_B3jr6UyB8CeoOZ3ydGl_t-a2bknsXFfahvbdzKuP01Qo6CAnpqkqAmQKY0bQbidHXmhcBtMJO2euNvw4ASRx4rtEszot_XKXiA', NULL, 0, '2017-01-24 15:31:55', '2017-01-24 15:31:55', NULL),
(104, 28, 2, 'foE5ZgibbSI:APA91bGkUPP_t9arweg0jamOCG11U_LVNP8eIOG86Q88k_OGwJc475A1cSADldtIsst_YKUgsKfwy8Rqh34RRW0XPt0hYVXHr4oyJoXfaAbpa1Z0512QVCpB8Z_91B5ZBeQuTjLk6Qq0', NULL, 0, '2017-01-24 18:14:55', '2017-01-24 18:14:55', NULL),
(105, 28, 2, 'c-XRrVP_Bk0:APA91bFEKsfMcztFnABFhjw5nwtsg7TJiakQgb-mlJcIkK4_2gv_tL0ycngcJK1LKVcmjmguC3J-Kzvzp5uB4Epz4ixy4g9hhrxZrHypflwaz-BcXUpWrFl9-VSkbxLtvs-41VvcIg9b', NULL, 0, '2017-01-25 11:14:16', '2017-01-25 11:14:16', NULL),
(106, 28, 2, 'cDhQLEUDmA0:APA91bE0-Ez3AcuNjcSCG2jN1c_s558ntK4c7JLlI6kK1Ya0gb4bAKEmo7syQy-dE2uxDnm64tqmibcLTzEODkz5fLJ-4Hh8L0CpPi4-HXOzZmbaEka-hyoUIO3gT2NyWp6wg4gPIIJt', NULL, 0, '2017-01-25 11:40:12', '2017-01-25 11:40:12', NULL),
(107, 28, 2, 'fZ2ybGirbCc:APA91bF-h4Xrb48EmKI2RcCCL_tp1heG8i0z1e0pf-lPDwZJc3fY82SvaRyIdBX_XIr8c3uCrcJcKmCAIST70QxkGDlUT9UB9lpFOY3wtEcUn4Ni5bWSJeoK7rZpPoCFTjxNHagPrQWo', NULL, 0, '2017-01-25 14:08:47', '2017-01-25 14:08:47', NULL),
(108, 28, 2, 'drspKmQ57xM:APA91bH28MxKCBUALtOMgioNPZg6juRhMdyrL9tVXGfABDPU1pVktQl7SGyf1DrCGevn9MVeQTDB_S9z6O_676NcsoGC8p4FFfuxChPLdKARvGlMVTnH9jP5TljdL3MQa1KQJIovPHDk', NULL, 0, '2017-01-25 14:46:50', '2017-01-25 14:46:50', NULL),
(109, 28, 2, 'e7U-LdMWFDE:APA91bFaQxMFI7P7bStKEA9jY0fr2sgJKhYc8jgRJn-AQoc1xhKZHz5Ri9kzoeB_f-kQmrXvB4yE5LRjYt2_iVOuaO9lj8U8P0vdencgn-2lYzrihE75I-q4VkXa3Ra-UKPraWOZtlAE', NULL, 0, '2017-01-25 15:07:15', '2017-01-25 15:07:15', NULL),
(110, 28, 2, '', NULL, 0, '2017-01-25 15:08:04', '2017-01-25 15:08:04', NULL),
(111, 28, 2, 'cKse7F8KJO4:APA91bH1EHiGN_HpGvpAjbO3YOgVM4xSGEV3egNXv0KDJiu7QdkPcJdg9KPcTGuBk79eTiXmGMnU9VGYI051geZ9gI8-eIR0YgBT-es3doGsL0bcEAW7-iv21_CfTB6502BSQCBCJcAn', NULL, 0, '2017-02-14 17:47:02', '2017-02-14 17:47:02', NULL),
(112, 28, 2, 'fI0Y-7zeO-E:APA91bHN96wP1T_uyVYqM7lJWJt6LrelF-VzV8gF3BA9Y5qx6Mw9Pvx-mzeOISWl0s2jhhFJ5oq_z9CyY10O3_UimPUYFySVfYJlwb-J84dfJBkyDr2JgTIKH2e6ZxaW8-3YTMLs4Yfe', NULL, 0, '2017-02-23 11:31:12', '2017-02-23 11:31:12', NULL),
(113, 28, 2, 'eRtaFbWA5KY:APA91bH8BQORkn9jSM7vSSH6PqEgUygIKsGroLnV7ZKiWViZ1fLJugvVp8YqvfjtPSaZUKwfZ3XxJ9FqhPxgurPLgrZbZVDhOU5rZQa93eZcJv-z0vClrKPdPEQ7GNb9gbi8O8zm8eRF', NULL, 0, '2017-02-23 15:34:49', '2017-02-23 15:34:49', NULL),
(114, 28, 2, 'cu7j64V8hSc:APA91bEjZajKhfKhfvrfENNpPTI3hvD5x2ciG31o3NlgvHQtHO2_3SoHhKhdPUmSyehFTLCZzUepk1Ryc1J3hfog6Z8HSOk6RRXgHcc2GoBLnSf8-WVyYuMdrYi-pnvECBnS-lfTUI_b', NULL, 0, '2017-02-23 15:37:31', '2017-02-23 15:37:31', NULL),
(115, 28, 2, 'eVCV-3R5aSo:APA91bGXAMRO1__I0-qh-Ik4QgvW_bgX_8e1barcUXWpGo57RD-67eyX0tJ5ab63fQRJpQvse79-IFE1d56Ic6Bo7-SIdqSHJmFqr1LoSzfb63mGRW4GpdYh81Mzwls396M1rA6ObSOH', NULL, 0, '2017-02-23 16:21:10', '2017-02-23 16:21:10', NULL),
(116, 28, 2, 'dVWwFhi22rc:APA91bGhekE91tbUv3WSJOV9qgx7VP6yeBzDEwz6hjRLUpKpRESTbWMq-dZRh_dQbwaZXSRM1GxHp42RpW4OK_D2crCFF6HWv_jcI-vl_KEAywcKw1YeWPy9_zb1uSOoGIlrn2zG971N', NULL, 0, '2017-02-23 16:56:48', '2017-02-23 16:56:48', NULL),
(117, 28, 2, 'eoVPCS7RZC8:APA91bFuY2COZn3P9Z0weDlbxdhr3tFAGLk-ST_Bf6nvZj6_m4GZQ7Kzc8_nL4bxt6xdDATsYLzDEblEfmmwXuFmt2Hb7L49KAEDW0x1bh6R02Snof-AgkEblH02KkMY4euJOx6FanTR', NULL, 0, '2017-06-14 17:17:23', '2017-06-14 17:17:23', NULL),
(118, 28, 2, 'cabbE6ylKqw:APA91bEFCxyCjCLCdWOYBzBl2SbYvRzhLCh250C3anD8BsFHAzx5VnpwBxV7Vzo0n-wR6FlIrv-T6oRsH2-K67uPiQJylgZFBjrjWQmNxPzjcGgFcwpFjsSGhEKFzmNXxRGYIsk5-cfm', NULL, 0, '2017-06-14 17:35:20', '2017-06-14 17:35:20', NULL),
(119, 28, 2, 'fTPYEgd8z7Q:APA91bEz3ivXuOyIMXNs8vpiVSFZIrq775Mz6fq5Ks-8JptGjoj-VtazvZYWBp13bxKMto7AiNIlQuZCTSkr7LQh0SzQkmIjr_9wMSqyHmNRuOwzDNAFR_NScOv6ezuo4LevPasSyZz0', NULL, 0, '2017-06-14 17:46:38', '2017-06-14 17:46:38', NULL),
(120, 28, 2, 'cJbrT_7uM3I:APA91bFTUo9U-vEvLkwDRRE1QwQHd5GpeuYTYZUTkvu11S1BIbLfBgS2c48_7ZbujLWvXr5FBoX0AcCLigH5WdSaK6glJ1n1-0HhkllGN3nVUkhnUtXzCZvIdKexEGwvHNKFOEdLM9Cg', NULL, 0, '2017-06-28 15:48:03', '2017-06-28 15:48:03', NULL),
(121, 28, 2, 'fZYIFYdWiNA:APA91bEMWPlUQ2614y8QXMX6rqMkIf_CErnmv_z4PTcenJBD7JNZvQYfmKF0Skx29mzLcuD5cb4Bl1_HZAEQIok9z3hpU3X2GM2EVZb6yCWFsn-tP80Xzw5TRdcIHOt0JOfaIU1OcgO7', NULL, 0, '2017-06-28 16:02:15', '2017-06-28 16:02:15', NULL),
(122, 28, 2, 'dumUJByxuhY:APA91bFW0y-hZMOb901GNW4UH--iPz7psSXPS7xhpjl5vByO2Z84Kk_oncqVuTtmZLVTz1lFzTGHz3XXTNFlw5Dn8H36hsiPBcCuJcel1mw80ey0ETU1rC0J0tcqez9Ap5D8JTvoxw49', NULL, 0, '2017-06-28 16:07:04', '2017-06-28 16:07:04', NULL),
(123, 28, 2, 'eKoqf0ClesE:APA91bETjZxBKVrzCNjVqwFn4KFmupJhFt1_riBiQoatLk99IlqCtcBw_MmN5fzsi0uujhZokfwKFJK9NSUBGjAPkA9AEYPa2RlqPcdutjz1ziRQr-BVLS6XGuISZE4OiFWhLyvOzoz_', NULL, 0, '2017-06-28 16:11:30', '2017-06-28 16:11:30', NULL),
(124, 28, 2, 'dgXO8mbvKAo:APA91bEHY_9PSoQHx1pyLnwXdWatgT1Vz3vBSc3iqvxeYm46OElXgVIgu7SLsoQcJG0_uJtHy9ex3Wy7UUAeG0Ga8TN-rwEppOL5STyXF3tXLCFISDxPp07goP9jJRA0zIgt2R6ExSFK', NULL, 0, '2017-06-28 16:14:18', '2017-06-28 16:14:18', NULL),
(125, 28, 2, 'dGP6w8sXQ10:APA91bHnng_Bm_HxEnO1qGsUppwt5mUW-fVcL7K707-tKcPw_y-AAVFgngV6d-M32--lD-a5S8vKxWY21bj83U8eAAx8pmUO5LHFouzvYE86lf5_Nb2i6dhg59cZUIfsL4vdYYKt29oQ', NULL, 0, '2017-06-28 16:31:24', '2017-06-28 16:31:24', NULL),
(126, 28, 2, 'fy2y7liBGvA:APA91bGBp7FYxVV6h37pzMdOx89Cej9OQUnJA_OFdXuIrS98CwlwNvtq0HV4gQLLBVU-NyjtISS4W_cATKv57VM2mRH0rdAbdINulNOMd1kZJ7DRVSy43oG0B1GSb8SwSL2dvc5ANxGl', NULL, 0, '2017-06-28 16:37:15', '2017-06-28 16:37:15', NULL),
(127, 28, 2, 'ckt2cfmsP5Y:APA91bHNHFJ3dNWi7ANyYnk7EowvXTf6RE-XTyx_MfGq4Pw1PQIsOFxJ-iVleI9woGrD-YcXopaL73zaMJXaGy5F-LjEFppeTO50D6E8wPhHLGRm6iPDK1K-6szn4MKP-n89bxlSYNmN', NULL, 0, '2017-06-28 16:47:46', '2017-06-28 16:47:46', NULL),
(128, 28, 2, 'fuXiQjj8CY4:APA91bGnGFCwox_GoVhFn7ceuJfVGOtw0fHzAfl8OWK4Uo-XBUILZmKqKY8OBrHkDOiSB8fCEmJH6-hR0dfR3IoU55Labz0-WAm3t7q0K_LavVSmKQPL7tTKEoC4wBl9bpGYygYjwAwM', NULL, 0, '2017-07-04 12:47:47', '2017-07-04 12:47:47', NULL),
(129, 28, 2, 'dLFJ1WhSnTQ:APA91bHBmBhLNRLl4SMHz12TSkhCKHaJg_XyyTCZiykPV4daae3S93A6cRWY5mQytbHUTb9jLIgf_1YLYg_uY5sa0lScCRzTxSsgPoAbEzNN0lSeFud1k0lmbN_bgAvgV5A5y_Z85M-z', NULL, 0, '2017-07-04 14:33:28', '2017-07-04 14:33:28', NULL),
(130, 28, 2, 'f-_NT-wNotw:APA91bHn1xto9DVcObElsXK_Q2akKNDdUIoGQRVi-4BLm7SvgKe50pfOX2xmWXVsWJRfFtnxgj7tXA0jj2tSofBchY4pCFq6qSw2UbihUfL_76mBQEaSDowUsOHobgsRMhzNkJfQSf_y', NULL, 0, '2017-07-07 11:56:17', '2017-07-07 11:56:17', NULL),
(131, 38, 3900001, 'cJdwSNWlrMo:APA91bF60-zTWI4t0T5FD6kkl6fKh9zXWwVvPemQWtKjeewwDbmEycyNjh3ytOfn7lp7HYRW4N4z04UFD2kdRvNDX_FXUvCwSuJFzQwGvxEY8P2CSEEf7WGHfqYw39YKj4Z_eZ-PY9l0', NULL, 0, '2017-07-07 12:00:29', '2017-07-07 12:00:29', NULL),
(132, 28, 2, 'distVCiwNL4:APA91bHqe6_hc3KYk_ZAaN3hS2NgKBOv6ps51_leuJO7pU5ood6OEMm4ICuEV6sWXwC-_0sJcPLyQSzmgQeeAdR0YY575xHMJn-dm4zmU39snxTlU-7rvWE1ISfmOjcZHoxJvcBm_8-A', NULL, 0, '2017-07-18 14:36:00', '2017-07-18 14:36:00', NULL),
(133, 28, 2, 'c7uALcYmRic:APA91bHVU82dXGpXZxjHwApdNs60CtGc2h8IzkBUbUOb0goIfNPxj4XwBi2EivSqLQ4CvmYvav5I4ims9tgvmf77nLDd98Rk2_SgnOT5I97LFfueY5xcy8Qc-Poov93vMsnC9aw3hj2m', NULL, 0, '2017-07-21 15:01:34', '2017-07-21 15:01:34', NULL),
(134, 28, 2, 'fvwMEMuXfwQ:APA91bEp5JPHfBQRgItGMQbCQ8s9jGOpGJ9-u_gUgvF2vPloXD9hiqauH919tdFVC4iDUv_R0kCANo3HFaX22gLN5tlNX-KGb1wLTVnC-bJDzZm_nTHR4YeR4KJetpFEU53Unxass56i', NULL, 0, '2017-07-31 13:25:34', '2017-07-31 13:25:34', NULL),
(135, 28, 2, 'cVUA45-K6so:APA91bF70xGeWzSk-wx2BxgT3SgiY5dS9efzfnjPcxCfaEWeMtQn_t72RprzIJBlC4yK1h1KI79hvgrlPLiXG0TJhdAWVe8-gzTaBVffzlcqU1qDgKHcmsaTaqxFqyemdKcVzD_1iY-I', NULL, 0, '2017-08-03 15:51:06', '2017-08-03 15:51:06', NULL),
(136, 28, 2, 'evSfMgBEago:APA91bGAKRk4WS1AVQW31fv043_PqDtIMeiBV3ktyOIjVDS039n5nD92iRT2MrrEJfEvdH2ApKmpa4MvYZCw7gn8cEsMF_G4x7J-S_YPtZV9gIz2gAnvkWoJP95pQlUYNxsqzp_xjIvc', NULL, 0, '2017-08-10 13:38:02', '2017-08-10 13:38:02', NULL);

-- --------------------------------------------------------

--
-- Table structure for table `nurses`
--

CREATE TABLE `nurses` (
  `id` int(10) UNSIGNED NOT NULL,
  `groupID` int(11) DEFAULT NULL,
  `patientID` int(11) DEFAULT NULL,
  `userID` int(11) DEFAULT NULL,
  `firstname` varchar(30) COLLATE utf8_unicode_ci DEFAULT NULL,
  `middlename` varchar(30) COLLATE utf8_unicode_ci DEFAULT NULL,
  `lastname` varchar(30) COLLATE utf8_unicode_ci DEFAULT NULL,
  `nameSuffix` varchar(10) COLLATE utf8_unicode_ci DEFAULT NULL,
  `birthdate` date DEFAULT NULL,
  `sex` tinyint(4) DEFAULT NULL,
  `status` enum('Married','Widowed','Separated','Divorced','Single') COLLATE utf8_unicode_ci DEFAULT NULL,
  `address` text COLLATE utf8_unicode_ci,
  `type` varchar(30) COLLATE utf8_unicode_ci DEFAULT NULL,
  `phone1` varchar(15) COLLATE utf8_unicode_ci DEFAULT NULL,
  `phone2` varchar(15) COLLATE utf8_unicode_ci DEFAULT NULL,
  `position` varchar(30) COLLATE utf8_unicode_ci DEFAULT NULL,
  `email` varchar(30) COLLATE utf8_unicode_ci DEFAULT NULL,
  `licenseID` varchar(30) COLLATE utf8_unicode_ci DEFAULT NULL,
  `imagePath` varchar(255) COLLATE utf8_unicode_ci DEFAULT NULL,
  `imageMime` varchar(20) COLLATE utf8_unicode_ci DEFAULT 'jpg',
  `allowAsPatient` tinyint(4) DEFAULT NULL,
  `deleted_at` timestamp NULL DEFAULT NULL,
  `created_at` timestamp NOT NULL DEFAULT '0000-00-00 00:00:00',
  `updated_at` timestamp NOT NULL DEFAULT '0000-00-00 00:00:00'
) ENGINE=InnoDB DEFAULT CHARSET=utf8 COLLATE=utf8_unicode_ci;

--
-- Dumping data for table `nurses`
--

INSERT INTO `nurses` (`id`, `groupID`, `patientID`, `userID`, `firstname`, `middlename`, `lastname`, `nameSuffix`, `birthdate`, `sex`, `status`, `address`, `type`, `phone1`, `phone2`, `position`, `email`, `licenseID`, `imagePath`, `imageMime`, `allowAsPatient`, `deleted_at`, `created_at`, `updated_at`) VALUES
(1, 1, NULL, 23, 'Nurse1', '', 'Nurse1', '', '2016-03-28', 1, 'Single', '', NULL, '1231412431', '', '', 'nurse@nurse.com', '', NULL, 'jpg', 0, NULL, '2016-03-27 18:06:36', '2016-03-27 18:07:48'),
(2, 1, NULL, NULL, 'Geraldine', 'Yanez', 'Velez', '', '1974-02-06', 0, 'Married', '87 Abad Santos St. Dagupan Metro Manila', NULL, '0941411000', '8942475', 'Sr. Nurse', 'velez_ge2123@yahoo.com', '142567', NULL, 'jpg', 1, NULL, '2016-03-28 01:36:54', '2016-03-28 01:36:54'),
(3, 1, NULL, 34, 'Lifeline', '', 'Nurse', '', '1974-04-30', 1, 'Single', '', NULL, '12341425', '', 'Nurse', 'test@test.com.ph', '', NULL, 'jpg', 0, NULL, '2016-05-31 17:45:12', '2016-05-31 18:12:44');

-- --------------------------------------------------------

--
-- Table structure for table `password_resets`
--

CREATE TABLE `password_resets` (
  `email` varchar(255) COLLATE utf8_unicode_ci NOT NULL,
  `token` varchar(255) COLLATE utf8_unicode_ci NOT NULL,
  `created_at` timestamp NOT NULL DEFAULT '0000-00-00 00:00:00'
) ENGINE=InnoDB DEFAULT CHARSET=utf8 COLLATE=utf8_unicode_ci;

--
-- Dumping data for table `password_resets`
--

INSERT INTO `password_resets` (`email`, `token`, `created_at`) VALUES
('aceborres02@yahoo.com', '9924facb45d4e89bd2addaac48a27e2f455b5d22f28b80a81dc06cedf1dac02c', '2016-10-28 06:17:32'),
('dbenas@ascendant.com.ph', '53101a1f830425031c63191350a89a18d5ef5f9132b2258eb4b578125a55e42b', '2016-12-04 22:36:40');

-- --------------------------------------------------------

--
-- Table structure for table `patientImages`
--

CREATE TABLE `patientImages` (
  `id` int(10) UNSIGNED NOT NULL,
  `patientID` int(11) DEFAULT NULL,
  `assocRecordID` int(11) DEFAULT NULL,
  `image` varchar(255) COLLATE utf8_unicode_ci DEFAULT NULL,
  `image1` varchar(255) COLLATE utf8_unicode_ci DEFAULT NULL,
  `imageAnnotation` text COLLATE utf8_unicode_ci,
  `forDisplay` bigint(20) DEFAULT NULL,
  `imageType` varchar(32) COLLATE utf8_unicode_ci DEFAULT NULL,
  `imageModule` varchar(255) COLLATE utf8_unicode_ci DEFAULT NULL,
  `deleted_at` timestamp NULL DEFAULT NULL,
  `created_at` timestamp NOT NULL DEFAULT '0000-00-00 00:00:00',
  `updated_at` timestamp NOT NULL DEFAULT '0000-00-00 00:00:00'
) ENGINE=InnoDB DEFAULT CHARSET=utf8 COLLATE=utf8_unicode_ci;

--
-- Dumping data for table `patientImages`
--

INSERT INTO `patientImages` (`id`, `patientID`, `assocRecordID`, `image`, `image1`, `imageAnnotation`, `forDisplay`, `imageType`, `imageModule`, `deleted_at`, `created_at`, `updated_at`) VALUES
(1, 5, 3, '32848b76-b9e8-4b0a-89fb-e846bb5812b7.jpg', NULL, 'taken at San Carlos Medical & Diagnostic Clinic', NULL, 'jpg', 'diagnosis', '2016-09-01 22:10:03', '2016-03-28 17:11:10', '2016-09-01 22:10:03'),
(2, 4, 4, 'dd4b034a-0f23-4f11-b92d-4414d4a07c33.jpg', NULL, '', NULL, 'jpg', 'follow-up', NULL, '2016-03-28 18:48:01', '2016-03-28 18:50:37'),
(3, 4, 4, '9a0140c6-80d9-415f-b722-e4e811469824.jpg', NULL, 'taken 022016', NULL, 'jpg', 'diagnosis', NULL, '2016-03-28 18:52:35', '2016-03-28 18:52:35'),
(4, 5, 3, '016d03ad-c247-47c8-a0e2-ed1eac365360.jpg', NULL, 'Test', NULL, 'jpg', 'diagnosis', '2016-09-01 22:09:57', '2016-03-28 22:39:15', '2016-09-01 22:09:57'),
(5, 7, 7, 'e885dbb6-809a-45f7-bc3e-529cabeb8aa9.jpg', NULL, '', NULL, 'jpg', 'diagnosis', NULL, '2016-04-04 17:35:07', '2016-04-04 17:35:07'),
(6, 9, 12, '83a55d18-cb82-4dbf-b550-2b0f9504f635.jpg', NULL, 'JHKHK', NULL, 'jpg', 'diagnosis', NULL, '2016-05-30 23:31:08', '2016-05-30 23:31:08'),
(7, 5, NULL, '7c25ef63-2ce0-4148-9a41-483e57092a58.jpg', NULL, '', NULL, 'jpg', NULL, NULL, '2016-09-01 21:25:18', '2016-09-01 21:25:18'),
(8, 5, NULL, '5ae8455a-3009-4b76-b95f-60cf4976be97.jpg', NULL, '', NULL, 'jpg', NULL, NULL, '2016-09-01 22:10:33', '2016-09-01 22:10:33'),
(200000, 200000, 200000, '1481097727727-1a0a-a404-fe1c-b12d9c5d05bc.jpg', 'null', 'bshsh', 0, 'jpg', 'diagnosis', NULL, '2016-12-07 08:02:07', '2016-12-07 08:02:07'),
(200001, 14, 200002, '1481098565419-1498-2a98-9969-b2fd7859c714.jpg', 'null', 'jgj', 0, 'jpg', 'diagnosis', NULL, '2016-12-07 08:16:05', '2016-12-07 18:44:13'),
(300000, 14, 200001, '1481163603580-c1ae-b846-f170-f80a5cfb6131.jpg', 'null', '', 0, 'jpg', 'diagnosis', NULL, '2016-12-08 02:20:03', '2016-12-08 02:20:03'),
(300001, 200001, 0, '74b9389f-02ab-434d-a8de-0b9e15ef25c7.jpg', 'null', 'test', 0, 'jpg', 'null', '2017-01-10 03:24:46', '2016-12-12 08:03:30', '2017-01-10 03:24:46'),
(300002, 200001, 0, 'c2104883-75ae-43bf-b66e-55b73e6e6ccd.jpg', 'null', 'Lol', 0, 'jpg', 'null', '2017-01-10 03:24:43', '2016-12-12 08:34:27', '2017-01-10 03:24:43'),
(300003, 200001, 0, '829158ce-c2cc-4574-8fe1-8dd00f410eb6.jpg', 'null', 'Brain Scan', 0, 'jpg', 'diagnosis', NULL, '2016-12-12 08:38:34', '2017-01-10 03:24:37'),
(300004, 200001, 0, 'b2bbf99b-89c0-4525-9088-8ed5e90aa706.jpg', 'null', 'scan', 0, 'jpg', 'diagnosis', NULL, '2016-12-12 08:42:01', '2017-01-10 03:24:15'),
(300005, 200001, 0, '9f438057-98c2-4cc9-bbc7-60782669f807.jpg', 'null', 'MIR Scan', 0, 'jpg', 'diagnosis', NULL, '2016-12-12 08:43:51', '2017-01-10 03:23:51'),
(300006, 200001, 0, 'ebac8e3e-a0e8-4aab-9cef-1cc860ef3ec9.jpg', 'null', 'Thermal Scan', 0, 'jpg', 'diagnosis', NULL, '2016-12-12 08:45:57', '2017-01-10 03:23:29'),
(300007, 200001, 0, '5620e341-fd36-41cb-9bb3-afac3aa3f8e6.jpg', 'null', 'Chest Xray', 0, 'jpg', 'diagnosis', NULL, '2016-12-12 08:49:22', '2017-02-14 09:51:52'),
(300008, 5, NULL, 'd8b8906f-0ec0-4b4f-8d21-d8c5be9fd273.jpg', NULL, 'lak', NULL, 'jpg', NULL, NULL, '2016-12-12 08:53:24', '2016-12-12 08:53:24'),
(300009, 5, NULL, '3d4959e1-1618-4591-b850-5986faf7db40.jpg', NULL, 'kampay', NULL, 'jpg', NULL, NULL, '2016-12-12 08:55:33', '2016-12-12 08:55:33'),
(1100000, 5, 0, '1481771978916-6c83-5bac-8da0-51dc53b999bc.jpg', 'null', 'wow', 0, 'jpg', 'diagnosis', NULL, '2016-12-15 03:19:39', '2017-02-23 09:10:24'),
(1100001, 13, 0, '1481772158821-2c45-37f3-59fd-7a2596fa7172.jpg', 'null', 'wow', 0, 'jpg', 'diagnosis', NULL, '2016-12-15 03:22:38', '2016-12-15 03:22:38'),
(1100002, 13, 0, '1481772213478-2bf7-7dcd-1a2f-a85083125cc3.jpg', 'null', 'text', 0, 'jpg', 'diagnosis', NULL, '2016-12-15 03:23:33', '2016-12-15 03:23:33'),
(1100003, 13, 0, '1481779538084-7de8-0766-9732-b4b67c5dac52.jpg', 'null', 'lol', 0, 'jpg', 'diagnosis', NULL, '2016-12-15 05:25:38', '2016-12-15 05:25:38'),
(3100000, 200000, 0, '1482296481820-858a-22c9-cbef-7b69c9d03fef.jpg', 'null', '', 0, 'jpg', 'diagnosis', NULL, '2016-12-21 05:01:21', '2016-12-21 05:01:21'),
(4300000, 4, 0, '1483512649558-6e9c-14ab-d3fa-0cc8fc753836.jpg', 'null', '', 0, 'jpg', 'diagnosis', NULL, '2017-01-04 06:50:49', '2017-01-04 06:58:49'),
(4300001, 4, 0, '1483513395404-3d1e-5c80-e9d1-194b2bd4ec51.jpg', 'null', '', 0, 'jpg', 'diagnosis', NULL, '2017-01-04 07:03:15', '2017-01-04 07:03:15'),
(4300002, 4, 0, '1483513588985-3e93-996e-7915-a6ca3ba4a171.jpg', 'null', '', 0, 'jpg', 'diagnosis', NULL, '2017-01-04 07:06:29', '2017-01-04 07:06:29'),
(5300000, 3, 0, '1483609183639-4cfb-bb0d-3155-190aa708a967.jpg', 'null', 'sample', 0, 'jpg', 'diagnosis', NULL, '2017-01-05 09:39:43', '2017-01-05 09:39:43'),
(9900000, 200001, 0, '1484814236353-4db3-4281-2d25-bcf6351985b7.jpg', 'null', 'testinge', 0, 'jpg', 'diagnosis', '2017-01-19 08:24:21', '2017-01-19 08:23:56', '2017-01-19 08:24:21'),
(11100000, 11100000, 0, '1488246248511-b1a5-d996-cc3a-cc89cbef0b44.jpg', 'null', 'MIR scan', 0, 'jpg', 'diagnosis', NULL, '2017-02-28 01:44:08', '2017-02-28 01:44:08'),
(11100001, 11100000, 0, '1488246263863-b3f9-4675-347e-e4791b7b9df5.jpg', 'null', 'CT scan', 0, 'jpg', 'diagnosis', NULL, '2017-02-28 01:44:23', '2017-02-28 01:44:23'),
(11100002, 11100000, 0, '1488246307503-4076-e658-a3a0-b9e9708a3385.jpg', 'null', 'Chest Xray Normal', 0, 'jpg', 'diagnosis', NULL, '2017-02-28 01:45:07', '2017-02-28 01:45:44'),
(11100003, 200001, NULL, 'babeb562-717f-4df9-acdc-bbbe8701009a.png', NULL, NULL, NULL, 'image/png', NULL, NULL, '2017-06-13 06:49:44', '2017-06-13 06:49:44'),
(11100006, 11100002, NULL, '0debad2d-b304-4dd3-aff4-ec3d45acbe28.jpg', NULL, NULL, NULL, 'image/jpg', NULL, NULL, '2017-06-15 07:05:33', '2017-06-15 07:05:33');

-- --------------------------------------------------------

--
-- Table structure for table `patients`
--

CREATE TABLE `patients` (
  `id` int(10) UNSIGNED NOT NULL,
  `otherID` int(11) DEFAULT NULL,
  `groupID` int(11) DEFAULT NULL,
  `userID` int(11) DEFAULT NULL,
  `primaryDoc` int(11) DEFAULT NULL,
  `secondaryDoc` int(11) DEFAULT NULL,
  `referredByID` int(11) DEFAULT NULL,
  `code` int(11) DEFAULT NULL,
  `category` varchar(30) COLLATE utf8_unicode_ci DEFAULT NULL,
  `firstname` varchar(30) COLLATE utf8_unicode_ci DEFAULT NULL,
  `lastname` varchar(30) COLLATE utf8_unicode_ci DEFAULT NULL,
  `middlename` varchar(30) COLLATE utf8_unicode_ci DEFAULT NULL,
  `nickname` varchar(30) COLLATE utf8_unicode_ci DEFAULT NULL,
  `birthdate` date DEFAULT NULL,
  `birthPlace` varchar(50) COLLATE utf8_unicode_ci DEFAULT NULL,
  `religion` text COLLATE utf8_unicode_ci,
  `address` text COLLATE utf8_unicode_ci,
  `status` enum('Married','Widowed','Separated','Divorced','Single') COLLATE utf8_unicode_ci DEFAULT NULL,
  `occupation` varchar(30) COLLATE utf8_unicode_ci DEFAULT NULL,
  `sex` tinyint(4) DEFAULT NULL,
  `race` varchar(30) COLLATE utf8_unicode_ci DEFAULT NULL,
  `nationality` varchar(30) COLLATE utf8_unicode_ci DEFAULT NULL,
  `height` varchar(11) COLLATE utf8_unicode_ci DEFAULT NULL,
  `hmoID` varchar(30) COLLATE utf8_unicode_ci DEFAULT NULL,
  `hmo` varchar(100) COLLATE utf8_unicode_ci DEFAULT NULL,
  `hmoCode` varchar(100) COLLATE utf8_unicode_ci DEFAULT NULL,
  `telHome` varchar(15) COLLATE utf8_unicode_ci DEFAULT NULL,
  `telOffice` varchar(15) COLLATE utf8_unicode_ci DEFAULT NULL,
  `telMobile` varchar(15) COLLATE utf8_unicode_ci DEFAULT NULL,
  `email` varchar(30) COLLATE utf8_unicode_ci DEFAULT NULL,
  `company` varchar(100) COLLATE utf8_unicode_ci DEFAULT NULL,
  `companyAddress` text COLLATE utf8_unicode_ci,
  `companyContact` varchar(15) COLLATE utf8_unicode_ci DEFAULT NULL,
  `companyID` varchar(30) COLLATE utf8_unicode_ci DEFAULT NULL,
  `personNotify` varchar(30) COLLATE utf8_unicode_ci DEFAULT NULL,
  `personMobile` varchar(15) COLLATE utf8_unicode_ci DEFAULT NULL,
  `personRelation` varchar(50) COLLATE utf8_unicode_ci DEFAULT NULL,
  `personAddress` varchar(100) COLLATE utf8_unicode_ci DEFAULT NULL,
  `insuranceProvider` varchar(255) COLLATE utf8_unicode_ci DEFAULT NULL,
  `accountVerified` varchar(255) COLLATE utf8_unicode_ci NOT NULL DEFAULT '0',
  `policyNumber` varchar(15) COLLATE utf8_unicode_ci DEFAULT NULL,
  `imagePath` varchar(255) COLLATE utf8_unicode_ci DEFAULT NULL,
  `imageMime` varchar(20) COLLATE utf8_unicode_ci DEFAULT 'jpg',
  `isPedia` tinyint(4) DEFAULT '0',
  `fatherName` varchar(30) COLLATE utf8_unicode_ci DEFAULT NULL,
  `motherName` varchar(30) COLLATE utf8_unicode_ci DEFAULT NULL,
  `guardianName` varchar(30) COLLATE utf8_unicode_ci DEFAULT NULL,
  `spouseName` varchar(30) COLLATE utf8_unicode_ci DEFAULT NULL,
  `deleted_at` timestamp NULL DEFAULT NULL,
  `created_at` timestamp NOT NULL DEFAULT '0000-00-00 00:00:00',
  `updated_at` timestamp NOT NULL DEFAULT '0000-00-00 00:00:00'
) ENGINE=InnoDB DEFAULT CHARSET=utf8 COLLATE=utf8_unicode_ci;

--
-- Dumping data for table `patients`
--

INSERT INTO `patients` (`id`, `otherID`, `groupID`, `userID`, `primaryDoc`, `secondaryDoc`, `referredByID`, `code`, `category`, `firstname`, `lastname`, `middlename`, `nickname`, `birthdate`, `birthPlace`, `religion`, `address`, `status`, `occupation`, `sex`, `race`, `nationality`, `height`, `hmoID`, `hmo`, `hmoCode`, `telHome`, `telOffice`, `telMobile`, `email`, `company`, `companyAddress`, `companyContact`, `companyID`, `personNotify`, `personMobile`, `personRelation`, `personAddress`, `insuranceProvider`, `accountVerified`, `policyNumber`, `imagePath`, `imageMime`, `isPedia`, `fatherName`, `motherName`, `guardianName`, `spouseName`, `deleted_at`, `created_at`, `updated_at`) VALUES
(2, NULL, 1, NULL, 0, 0, NULL, 2, 'Resident', 'Juan', 'Salcedo', 'Diaz', 'Juan', '1975-01-06', 'Makati City', 'Roman Catholic', '#18 San Isidro St. Makati City', 'Married', 'businessman', 1, 'Asian', 'Filipino', '', '12132', 'Philcare', '112332', '028457577', NULL, '0914758877', 'salcedo12@gmail.com', 'Red Lane IT Group', 'Cityland Makati City', '', '0010', 'Grace Salcedo', '09152445258', 'Wife', '#18 San Isidro St. Makati City', '', '0', '', 'avatar/17b9bc84-e478-42cc-b452-d8f967807585.jpg', 'jpg', NULL, '', '', '', 'Grace Salcedo', NULL, '2016-03-22 20:32:47', '2017-01-11 09:15:02'),
(3, NULL, 1, 31, 0, 0, NULL, 3, 'Resident', 'Rafael', 'Gomez', 'Diaz', '', '1987-09-16', '20 Congressional Road Quezon City', 'Roman Catholic', 'Velasco Village Brgy. San Antonio, Paranaque City', 'Single', 'businessman', 1, 'Asian', 'Filipino', '', '01144', ' Philhealtcare, Inc.', 'P4234', '', NULL, '09442355869', 'rafgomez2@gmail.com', 'Gomez & Sons Construction ', 'Sucat Hiway, Paranaque City', '094485', '0041', 'Gina Gomez', '09163296956', 'Mother', 'Velasco Village Brgy. San Antonio, Paranaque City', 'Sun Life of Canada (Philippines)', '0', 'SL134342', 'avatar/5d41e554-b625-4ced-9187-cf75fa429ee2.jpg', 'jpg', NULL, 'Florante Gomez', 'Gina Gomez', '', '', NULL, '2016-03-22 21:25:48', '2017-01-11 09:15:02'),
(4, 0, 1, 0, 0, 0, 0, 4, 'Resident', 'Jeremy', 'Sandoval', 'Falcon', 'Jeremy', '1972-01-17', '', 'Catholic', 'Almazan, Las Pinas', 'Married', 'businessman', 1, 'Asian', 'Filipino', '49.0', '00857', 'Medicare', 'SF8505', '6582255', 'null', '0923 3217 893', 'j.sandoval@gmail.com', 'Oysteryfic, Inc.', 'Richstreet Tower Alabang, Muntinlupa City', '5528589', '07701', 'Letty Sandoval', '09285425362', 'Wife', 'Almazan, Las Pinas', 'Philam Life And General Insurance', '0', '9608', 'avatar/b2abd56a-6d3b-49e1-a47b-2a45fa222c0d.jpg', 'jpg', NULL, '', '', '', 'Letty Sandoval', NULL, '2016-03-23 18:17:56', '2017-01-11 09:15:02'),
(5, 0, 1, 32, 0, 0, 0, 5, 'Resident', 'Harolds', 'Abad', 'Roque', 'Rold', '1959-05-01', 'Avida Homes, Antipolo City Rizal', 'Seventh Day Adventist', 'Glendale California', 'Widowed', 'businessman', 1, 'Western', 'American', '49.0', '091145', 'Getwell Foundation, Inc.', 'FW1114S', '5488758', 'null', '0914711144', 'harolds.roque@gmail.com', 'New Cherry Corp.', 'Salcedo St. Makati City', '1422548', '0102', 'Trinidad Rodriguez', '09091447585', 'Guardian', 'Avida Homes, Antipolo City Rizal', 'Manila Bankers Life', '0', '6205', 'avatar/19164a8c-9b1f-4664-a3e5-14c2d042f658.jpg', 'jpg', NULL, '', '', 'Trinidad Rodriguez', '', NULL, '2016-03-23 19:15:54', '2017-01-13 06:20:12'),
(7, 0, 1, 0, 2, 1, 0, 7, 'Employee', 'Juan', 'Dela Cruz', 'Perez', 'Juan', '1962-07-01', 'Manila', 'Roman Catholic', '31 Sulu St. Brgy San Lorenzo Makati', 'Married', 'employee', 1, 'Asian', 'Filipino', '49.0', '05548', 'Fortune Medicare, Inc.', '0D524L', '6572312', 'null', '09178449858', 'jdc@ph.com', 'Cabalen Food Restaurant', 'Ayala Ave. Makati City', '8457558', '02455', 'Amy Dela Cruz', '09174800259', 'Wife', '31 Sulu St. Brgy San Lorenzo Makati', 'Sunlife of Canada (Philippines)', '0', '6624', 'avatar/42928082-ed18-4f72-976f-bf3b2d177ce3.jpg', 'jpg', NULL, 'Amadeo Dela Cruz', 'Teresita Dela Cruz', '', 'Amy Dela Cruz', NULL, '2016-04-03 22:59:18', '2017-01-11 09:15:02'),
(8, NULL, 1, NULL, 0, 0, NULL, 8, 'Resident', 'Joaquin', 'Ibaviosa', 'Pama', 'Keno', '1998-01-01', 'Manila', '', '', 'Single', 'businessman', 1, '', '', NULL, '', '', '', '', NULL, '8079090', '', '', '', NULL, '', '', '', '', '', '', '0', '', NULL, 'jpg', NULL, '', '', '', '', '2016-05-30 17:30:59', '2016-05-30 17:11:35', '2017-01-11 09:15:02'),
(9, NULL, 1, NULL, 2, 3, NULL, 9, 'Resident', 'Kimball', 'Cho', 'Sy', 'Kimball', '1955-05-05', '400 Pan Yu Road, Shanghai 200052', '', 'Forbes Park, Makati City', 'Married', 'Finance Manager', 1, 'Asian', 'Chinese', '', '08775', 'Medocare Health Systems, Inc.', 'OE1220', '', NULL, '09158846992', 'kimballcho@gmail.com', 'Amdocs, Inc.', 'Edsa Highway, Mandaluyong City', '0448754', 'P2057', 'Camille Cho', '09665758445', 'Wife', 'Forbes Park, Makati City', 'Paramount Life and General Insurance ', '0', '00849', 'avatar/04061a56-3497-4372-bea3-697a6769a989.jpg', 'jpg', NULL, 'Michael Cho', 'Ysa Cho', '', 'Camille Cho', NULL, '2016-05-30 23:05:51', '2017-01-11 09:15:02'),
(10, NULL, 1, NULL, 0, 0, NULL, 10, 'Resident', 'NICOLAS', 'ANONIMUS', 'MNH', '', '2016-01-01', '', '', '', 'Single', 'businessman', 1, '', '', '', '', '', '', '', NULL, '093590958490583', '', '', '', '', '', '', '', '', '', '', '0', '', 'avatar/173db837-2774-4c5b-9f04-921626ce2d33.jpg', 'jpg', NULL, '', '', '', '', '2016-12-07 18:32:25', '2016-05-31 00:43:30', '2017-01-11 09:15:02'),
(11, 0, 1, 0, 0, 0, 0, 11, 'Resident', 'Patrick', 'Simon', 'Jane', 'Pat', '1985-03-06', 'Beijing China', '', 'Ayala Alabang, Muntinlupa City', 'Single', 'businessman', 1, 'Asian', 'Chinese', '49.0', '00325', 'Medicard Philippines, Inc.', 'SF15E2', '', 'null', '09168002157', 'simon.patrick@gmail.com', 'Serenitea Corp.', 'Nuvali, Sta. Rosa', '0847585', '00035', 'Johnny Simon', '09258466254', 'Brother', 'Ayala Alabang, Muntinlupa City', 'Insular Life Assurance', '0', '095248', 'avatar/d6737864-3fab-40ba-bce6-ad0ba62ecbc9.jpg', 'jpg', 0, '', '', '', '', '2017-01-17 05:35:44', '2016-05-31 00:47:02', '2017-01-17 05:35:44'),
(12, NULL, 1, NULL, 0, 0, NULL, 12, 'Resident', 'peter', 'co', 'gigi', '', '2016-01-01', '', '', '', 'Single', 'businessman', 1, '', '', NULL, '', '', '', '', NULL, '804967498764768', '', '', '', NULL, '', '', '', '', '', '', '0', '', NULL, 'jpg', NULL, '', '', '', '', '2016-12-07 18:32:30', '2016-06-05 00:06:56', '2017-01-11 09:15:02'),
(13, 0, 1, 0, 0, 0, 0, 13, 'Resident', 'Tommy', 'Reyes', 'Cruz', 'Tom', '1982-12-12', 'Marikina City', 'Roman Catholic', '2312 Market St. Marikina', 'Married', 'Sales Manager', 1, 'Asian', 'Filipino', '49.0', '1034', 'Healthcard', 'HG030', '5845512', 'null', '09098854312', 'tommyreyes@yahoo.com', 'Nexus Philippines', 'Ayala Ave. Makati City', '4461355', '03790', 'Amelia Reyes', '09488542136', 'Wife', '2312 Market St. Marikina', 'Manulife', '0', '0397', 'avatar/cca5fca7-b624-41ce-ad98-2efd043e0710.jpg', 'jpg', NULL, '', '', '', 'Amelia Reyes', NULL, '2016-08-21 23:41:53', '2017-01-11 09:15:02'),
(14, 0, 1, 0, 0, 0, 0, 14, 'Resident', 'James', 'Reid', 'Robert', 'James', '1963-01-01', 'New York', 'Roman Catholic', '2418 Rose St. Pembo Makati City', 'Married', 'employee', 1, 'Asian', 'Filipino', '49.0', '00779', 'Medicare', 'SF8504', '5588625', 'null', '09335255325', 'jamesreid@gmail.com', 'Elite Group of Companies', 'Alabang Hills, Muntinlupa City', '5582568', '0461', 'Nadine Reid', '09098858042', 'Wife', '2418 Rose St. Pembo Makati City', 'Sun Life of Canada (Philippines)', '0', '08879', 'avatar/61840543-24d1-4d55-be31-073b5e10984e.jpg', 'jpg', NULL, '', '', '', 'Nadine Reid', NULL, '2016-09-20 21:50:03', '2017-01-11 09:15:02'),
(200000, 0, 1, 0, 0, 0, 0, 188, 'Resident', 'Teresa', 'Lisbon', 'Mersa', 'Tere', '1989-06-13', 'Cebu City', 'Roman Catholic', '', 'Single', 'other', 0, 'Asian', 'Filipino', '', '', '', '', '', '', '8311232', 'teresalisbon@yahoo.com', '', '', '', '', '', '', '', '', '', '', '', '', 'jpeg', 0, '', '', '', '', '2017-01-06 06:49:10', '2016-12-07 07:59:03', '2017-01-11 09:15:02'),
(200001, 0, 1, 0, 0, 0, 0, 200001, 'Resident', 'Donald', 'Benas', 'Platino', 'Don', '1978-10-15', '', 'Seventh Day Adventist', 'Trese Martires, Cavity City', 'Married', 'businessman', 1, 'Asian', 'Filipino', '49.0', '00735', 'Avega Managed Care, lnc.', 'AMC294', '0415852', 'null', '09282812314', 'dbenas@ascendant.com.ph', 'CodeMobilizer Corp.', 'Bonifacio Global City, Taguig City', '6635288', '00250', 'Harley Domingo', '09185524862', 'Auntie', 'Trese Martires, Cavity City', ' BF Life Insurance Corporation', '0', '02873', 'avatar/ff39c922-7553-4a71-bc31-00d4a5bb3825.jpg', 'jpg', NULL, '', '', 'Harley Domingo', '', NULL, '2016-12-12 07:14:14', '2017-01-11 09:15:02'),
(4300000, 0, 1, 0, 0, 0, 0, 21, 'Resident', 'John Rendell', 'Nuez', 'Mendoza', 'Dell', '1963-07-21', 'Pasay', 'Baptist', 'San Pedro Laguna', 'Single', 'Web Developer', 1, '', 'Filipino', '49.0', '63663', 'Medicare', '3748', '8919406', '', '09330309898', 'jnunez@ascendant.com.ph', 'Ascendant Technology', 'Muntinlupa', '8942516', '0032', 'Ruben', '0909090909', 'Father', 'San Pedro Laguna', 'First Life Financial Company', '', '', 'avatar/53818bdb-fe15-4b74-90b8-49fcdcb3052b.jpg', 'jpg', NULL, '', '', '', '', NULL, '2017-01-04 07:01:58', '2017-01-11 09:15:02'),
(5300000, 0, 1, 0, 0, 0, 0, 182, 'Resident', 'Daniel', 'Padilla', 'Estrada', 'DJ', '1995-03-15', 'Manila', 'Roman Catholic', 'Manila', 'Single', 'Actor', 1, 'Asian', 'Filipino', '49.0', '0021', 'Manulife', 'GH9384', '0458145', '', '09163433464', 'dj@abscbn.com.ph', 'ABS-CBN', 'Quezon Ave. Metro Manila', '6455215', '0039', 'Karla Estrada', '0908686592', 'Mother', 'Avida Homes Teresa Highway, Antipolo City Rizal', 'BPI Insurance', '', '0949', 'avatar/c50447ed-cb79-4100-9d96-622b5609e551.jpg', 'jpg', NULL, 'Rommel Padilla', 'Karla Padilla', '', '', NULL, '2017-01-05 09:53:36', '2017-01-11 09:15:02'),
(5300001, NULL, 1, NULL, 0, 0, NULL, 5300001, 'Resident', 'Hayate', 'Ryota', 'Shin', 'Hayate', '1967-07-27', 'Osaka Japan', '', 'Forbes Park, Makati City', 'Married', 'businessman', 1, 'Asian', 'Japanese', '', '02842', 'Intellicare', 'DS1294', '5152774', NULL, '09201441521', 'h.ryota@gmail.com', 'Coffee Healthy', 'Ayala Triangle, Makati City', '5542158', '00021', 'Shiina Ryota', '09244152452', 'Wife', 'Forbes Park, Makati City', 'Sun Life of Canada (Philippines)', '0', '05524', 'avatar/6b6881e0-8321-4c4c-b6db-7b0d9bc0f8c5.jpg', 'jpg', NULL, '', '', '', 'Shiina Ryota', NULL, '2017-01-09 06:08:12', '2017-01-11 09:15:02'),
(5300002, NULL, 1, NULL, 0, 0, NULL, 5300002, 'Resident', 'Evaline', 'Sarmiento', 'Rufino', 'Eva', '1987-07-16', 'San Juan Manila', 'Roman Catholic', 'Sitio Maligaya, Sta. Ana Manila', 'Married', 'housewife', 0, 'Asian', 'Filipino', NULL, '04320', 'Insular Health Care, Inc.', 'HS4218S', '5548529', NULL, '09084855875', 'sarmiento.eva@gmail.com', '', '', NULL, '', 'Roger Sarmiento', '09440552366', 'Husband', 'Sitio Maligaya, Sta. Ana Manila', 'Philam Life and General Insurance Company', '0', '2993', 'avatar/15450217-3b9c-467b-8de8-44cc88ec2674.jpg', 'jpg', 0, '', '', '', 'Roger Sarmiento', NULL, '2017-01-09 00:41:39', '2017-01-11 09:15:02'),
(5300003, NULL, 1, NULL, 0, 0, NULL, 5300003, 'Resident', 'Johanna Mae', 'De Guzman', 'Tan', 'Yohan', '1986-12-13', '', 'Roman Catholic', 'Palmera 6, Antipolo City Rizal', 'Single', 'student', 0, 'Asian', 'Filipino', '', '05442', 'Cocolife Health Care', 'JK29011', '8854758', NULL, '09420202554', 'yohanmae.deguzman@yahoo.com', '', '', '', '', 'Eidelyn Tan', '09998455728', 'Auntie', 'Southern Heights, San Pedro Laguna', 'BF Life Insurance', '0', '03029', 'avatar/47da8d90-31a1-4cb4-9f4b-baf2ec5d9d6f.jpg', 'jpg', NULL, '', '', 'Eidelyn Tan', '', NULL, '2017-01-09 09:19:09', '2017-01-11 09:15:02'),
(8700000, 0, 1, 0, 0, 0, 0, 0, 'Resident', 'Don', 'Benas', 'Platino', '', '2017-01-13', '', '', '', 'Single', '', 1, '', '', '48.66666793', '', '', '', '', '', '928', '', '', '', '', '', '', '', '', '', '', '', '', '', 'jpeg', 0, '', '', '', '', '2017-01-25 07:18:37', '2017-01-13 09:15:43', '2017-01-25 07:18:37'),
(8700001, 0, 1, 0, 0, 0, 0, 2, 'Resident', 'Kenneth', 'Almeda', 'Guevarra', 'Ken', '1961-04-20', 'Manila', 'Catholic', 'Lingayen, Pangasinan', 'Married', 'Farmer', 1, 'Asian', 'Filipino', '49.0', '', '', '', '5426763', '', '09163934625', '', '', '', '', '', 'Emilia Almeda', '09463562248', 'Wife', 'Lingayen, Pangasinan', '', '', '', 'avatar/1484542299843-6808-786e-2275-c45921306b37.jpeg', 'jpeg', 0, '', '', '', '', '2017-01-16 04:59:10', '2017-01-16 04:51:39', '2017-01-16 04:59:10'),
(8700002, 0, 1, 0, 0, 0, 0, 2, 'Resident', 'Kenneth', 'Almeda', 'Guevarra', 'Kenong', '1961-04-24', 'Pangasinan', 'Catholic', 'Lingayen, Pangasinan', 'Married', 'Farmer', 1, 'Asian', 'Filipino', '49.0', '', '', '', '5194366', '', '09162425784', '', '', '', '', '', 'Emilia', '096634512554', 'Wife', 'Lingayen, Pangasinan', '', '', '', 'avatar/1484542979737-5b91-a703-e7a6-f79134ddc478.jpeg', 'jpeg', 0, '', '', '', '', NULL, '2017-01-16 05:02:59', '2017-01-16 05:02:59'),
(11100000, 0, 1, 0, 0, 0, 0, 239, 'Resident', 'Maria Celestina', 'Conde', 'Amor', 'Nanay Tina', '1966-03-26', 'Marikina City', 'Roman Catholic', 'Brgy. Barangka Marikina City', 'Married', 'Teacher', 0, '', 'Filipino', '47.23809432', '', '', '', '541274', '', '0933144212', 'Ma. Celestina', '', '', '', '', 'Ramon Conde', '09326499572', 'Husband', 'Brgy Barangka Marikina City', '', '', '', 'avatar/1488213829072-3e59-4d2e-1cc7-49c174b00919.jpeg', 'jpeg', 0, '', '', '', '', NULL, '2017-02-27 16:43:49', '2017-02-27 16:43:49'),
(11100001, 0, 1, 0, 0, 0, 0, 2833, 'Resident', 'Marisol', 'Dela Cruz', 'Garcia', 'Maris', '1961-03-18', 'Muntinlupa City', 'Roman Catholic', 'Mahogany St., Bagumbayan, Muntinlupa City', 'Married', 'Housewife', 0, '', 'Filipino', '49.0', '', '', '', '5481643', '', '09345751312', 'marisdelacruz@gmail.com', '', '', '', '', 'Jose Dela Cruz', '09094661437', 'Husband', 'Mahogany St., Bagumbayan, Muntinlupa City', '', '', '', 'avatar/1496655189815-e9db-78b2-7383-ab194a52b9a4.jpeg', 'jpeg', 0, '', '', '', '', NULL, '2017-06-05 09:28:08', '2017-06-05 09:33:09'),
(11100002, 0, 1, 0, 0, 0, 0, 3772, 'Resident', 'Danillo', 'Santos', 'Estrada', 'Dan', '1991-08-08', 'Muntinlupa City', 'Roman Catholic', '', 'Single', '', 1, '', 'Filipino', '49.0', '', '', '', '', '', '09338845114', 'dan.santos@gmail.com', '', '', '', '', '', '', '', '', '', '', '', 'avatar/1497000419015-9c76-2e33-4125-e8fc2092733b.jpeg', 'jpeg', 0, '', '', '', '', NULL, '2017-06-09 09:22:18', '2017-06-09 09:26:59');

-- --------------------------------------------------------

--
-- Table structure for table `peCategories`
--

CREATE TABLE `peCategories` (
  `id` int(10) UNSIGNED NOT NULL,
  `value` varchar(100) COLLATE utf8_unicode_ci DEFAULT NULL,
  `deleted_at` timestamp NULL DEFAULT NULL,
  `created_at` timestamp NOT NULL DEFAULT '0000-00-00 00:00:00',
  `updated_at` timestamp NOT NULL DEFAULT '0000-00-00 00:00:00'
) ENGINE=InnoDB DEFAULT CHARSET=utf8 COLLATE=utf8_unicode_ci;

--
-- Dumping data for table `peCategories`
--

INSERT INTO `peCategories` (`id`, `value`, `deleted_at`, `created_at`, `updated_at`) VALUES
(1, '', '2016-03-28 22:35:18', '2016-12-19 02:33:41', '2016-12-19 02:33:41'),
(2, 'Physical Exam', NULL, '2016-12-19 02:33:41', '2016-12-19 02:33:41');

-- --------------------------------------------------------

--
-- Table structure for table `peTemplates`
--

CREATE TABLE `peTemplates` (
  `id` int(10) UNSIGNED NOT NULL,
  `text` text COLLATE utf8_unicode_ci,
  `title` varchar(100) COLLATE utf8_unicode_ci DEFAULT NULL,
  `peCategories1ID` int(11) DEFAULT NULL,
  `peCategories2ID` int(11) DEFAULT NULL,
  `peCategories3ID` int(11) DEFAULT NULL,
  `deleted_at` timestamp NULL DEFAULT NULL,
  `created_at` timestamp NOT NULL DEFAULT '0000-00-00 00:00:00',
  `updated_at` timestamp NOT NULL DEFAULT '0000-00-00 00:00:00'
) ENGINE=InnoDB DEFAULT CHARSET=utf8 COLLATE=utf8_unicode_ci;

--
-- Dumping data for table `peTemplates`
--

INSERT INTO `peTemplates` (`id`, `text`, `title`, `peCategories1ID`, `peCategories2ID`, `peCategories3ID`, `deleted_at`, `created_at`, `updated_at`) VALUES
(1, '<p>VS:</p><p>HEENT:</p><p>Neck: ln</p><p>Lungs: RHALES</p><p>CV:</p><p>GI:</p><p>GU:</p><p>Pulses:</p><p>Lymphs:</p><p>Extremities:</p><p>Neuro:</p>', 'PE Template', 2, NULL, NULL, NULL, '2016-12-19 02:33:41', '2016-12-19 02:33:41'),
(2, '<p>heart: NSR, NO MURMUR</p><p>LUNGS: nbs, NO DMFDJKH</p><p>EARS: ,KKJDFK</p><p>ORAL: MJHKJH</p><p>LN: MHGJHJKH</p>', 'medical PE', 2, NULL, NULL, NULL, '2016-12-19 02:33:41', '2016-12-19 02:33:41');

-- --------------------------------------------------------

--
-- Table structure for table `postDiagnosis`
--

CREATE TABLE `postDiagnosis` (
  `id` int(10) UNSIGNED NOT NULL,
  `diagnosisID` int(11) DEFAULT NULL,
  `followupID` int(11) DEFAULT NULL,
  `medication` text COLLATE utf8_unicode_ci,
  `rehabPlan` text COLLATE utf8_unicode_ci,
  `hospitalCourse` text COLLATE utf8_unicode_ci,
  `ambulatoryAids` text COLLATE utf8_unicode_ci,
  `physTherapy` text COLLATE utf8_unicode_ci,
  `cultWound` text COLLATE utf8_unicode_ci,
  `cultJoint` text COLLATE utf8_unicode_ci,
  `cultBlood` text COLLATE utf8_unicode_ci,
  `labsOther` text COLLATE utf8_unicode_ci,
  `labsHemoglobin` text COLLATE utf8_unicode_ci,
  `labsHematocrit` text COLLATE utf8_unicode_ci,
  `labsPotassium` text COLLATE utf8_unicode_ci,
  `radiographs` text COLLATE utf8_unicode_ci,
  `preparedBy` text COLLATE utf8_unicode_ci,
  `preparedFor` text COLLATE utf8_unicode_ci,
  `relatedImages` text COLLATE utf8_unicode_ci,
  `deleted_at` timestamp NULL DEFAULT NULL,
  `created_at` timestamp NOT NULL DEFAULT '0000-00-00 00:00:00',
  `updated_at` timestamp NOT NULL DEFAULT '0000-00-00 00:00:00'
) ENGINE=InnoDB DEFAULT CHARSET=utf8 COLLATE=utf8_unicode_ci;

--
-- Dumping data for table `postDiagnosis`
--

INSERT INTO `postDiagnosis` (`id`, `diagnosisID`, `followupID`, `medication`, `rehabPlan`, `hospitalCourse`, `ambulatoryAids`, `physTherapy`, `cultWound`, `cultJoint`, `cultBlood`, `labsOther`, `labsHemoglobin`, `labsHematocrit`, `labsPotassium`, `radiographs`, `preparedBy`, `preparedFor`, `relatedImages`, `deleted_at`, `created_at`, `updated_at`) VALUES
(6, 3, 0, 'test', 'test', 'test', '', 'Home', '', '', '', '', '', '', '', NULL, NULL, NULL, NULL, NULL, '2016-03-28 22:55:22', '2016-03-28 22:55:22'),
(7, 5, 6, 'co-amoxiclav 500mg', 'with companion during activity', 'stable', 'Walker', 'Home', '', '', '', '', '23', '234', '23', NULL, NULL, NULL, NULL, NULL, '2016-04-03 18:40:20', '2016-04-03 18:40:20'),
(8, 10, 0, 'test', 'test', 'test', '', 'Home', '', '', '', '', '', '', '', NULL, NULL, NULL, NULL, NULL, '2016-05-30 17:20:25', '2016-05-30 17:20:25');

-- --------------------------------------------------------

--
-- Table structure for table `prescriptions`
--

CREATE TABLE `prescriptions` (
  `id` int(10) UNSIGNED NOT NULL,
  `patientID` int(11) DEFAULT NULL,
  `doctorID` int(11) DEFAULT NULL,
  `frequency` text COLLATE utf8_unicode_ci,
  `dateIssued` date DEFAULT NULL,
  `genericName` varchar(50) COLLATE utf8_unicode_ci DEFAULT NULL,
  `notes` text COLLATE utf8_unicode_ci,
  `brandName` varchar(50) COLLATE utf8_unicode_ci DEFAULT NULL,
  `dosage` varchar(20) COLLATE utf8_unicode_ci DEFAULT NULL,
  `pharmacyDrugData` text COLLATE utf8_unicode_ci,
  `forms` varchar(100) COLLATE utf8_unicode_ci DEFAULT NULL,
  `deleted_at` timestamp NULL DEFAULT NULL,
  `created_at` timestamp NOT NULL DEFAULT CURRENT_TIMESTAMP,
  `updated_at` timestamp NOT NULL DEFAULT CURRENT_TIMESTAMP
) ENGINE=InnoDB DEFAULT CHARSET=utf8 COLLATE=utf8_unicode_ci;

--
-- Dumping data for table `prescriptions`
--

INSERT INTO `prescriptions` (`id`, `patientID`, `doctorID`, `frequency`, `dateIssued`, `genericName`, `notes`, `brandName`, `dosage`, `pharmacyDrugData`, `forms`, `deleted_at`, `created_at`, `updated_at`) VALUES
(1500000, 2, 2, 'every 4 hrs', '2016-12-16', 'Paracetamol', '', 'Sinutab', '1 tab', '', '', '2016-12-18 06:32:43', '2016-12-16 06:32:43', '2016-12-18 06:32:43'),
(3100000, 200000, 2, '3x a day', '2016-12-21', 'Carbocisteine', '', 'Ceasol', '500 mg', '', '', '2016-12-21 05:03:19', '2016-12-21 04:56:01', '2016-12-21 05:03:19'),
(3100001, 200000, 2, '3x a day', '2016-12-21', 'Carbocisteine', '', 'Ceasol', '500 mg', '', '', '2016-12-21 05:04:31', '2016-12-21 05:03:05', '2016-12-21 05:04:31'),
(3100002, 5, 2, 'ggv', '2016-12-27', 'hg', 'vbh', 'fh', 'gh', '', '', NULL, '2016-12-27 06:03:18', '2016-12-27 06:03:18'),
(3100003, 5, 2, 'fg', '2016-12-27', 'gg', 'gg', 'vg', 'cg', '', '', NULL, '2016-12-27 06:10:21', '2016-12-27 06:10:21'),
(3100004, 4, 2, 'freq', '2016-12-27', 'ge', 'notw', 'bran', 'dos', '', '', '2016-12-27 08:45:52', '2016-12-27 06:20:09', '2016-12-27 08:45:52'),
(3100005, 4, 2, 'f', '2016-12-27', 'g', 'n', 'b', 'd', '', '', '2016-12-27 08:45:56', '2016-12-27 06:36:06', '2016-12-27 08:45:56'),
(3100006, 4, 2, 'f', '2016-12-27', 'g', 'n', 'b', 'd', '', '', '2016-12-27 08:46:00', '2016-12-27 06:37:16', '2016-12-27 08:46:00'),
(3100007, 4, 2, 'f', '2016-12-27', 'g', 'n', 'b', 'd', '', '', '2016-12-27 08:46:03', '2016-12-27 08:38:41', '2016-12-27 08:46:03'),
(3100008, 4, 2, 'f', '2016-12-27', 'g', 'n', 'b', 'd', '', '', '2016-12-27 08:46:06', '2016-12-27 08:39:06', '2016-12-27 08:46:06'),
(3100009, 4, 2, 'f', '2016-12-27', 'g', 'n', 'b', 'd', '', '', '2016-12-27 08:46:09', '2016-12-27 08:40:38', '2016-12-27 08:46:09'),
(3100010, 4, 2, 'f', '2016-12-27', 'g', 'n', 'b', 'd', '', '', '2016-12-27 09:17:47', '2016-12-27 08:51:29', '2016-12-27 09:17:47'),
(3100011, 4, 2, 'f', '2016-12-27', 'g', 'n', 'b', 'd', '', '', '2016-12-27 09:17:52', '2016-12-27 08:56:52', '2016-12-27 09:17:52'),
(3100012, 4, 2, 'Tablets', '2016-12-27', 'Generic 1', '121', 'Biogesic', '250mg', '', 'Tablets', NULL, '2016-12-27 09:09:52', '2016-12-27 09:23:23'),
(5300000, 3, 2, 'per day', '2017-01-05', 'Paracetamol', 'take it every day', 'Biogesic', '250mg', '', '', NULL, '2017-01-05 09:36:01', '2017-01-05 09:36:01'),
(5300001, 3, 2, 'frequenncy', '2017-01-05', 'test', 'note', 'brand', 'dosage', '', '', NULL, '2017-01-05 09:36:29', '2017-01-05 09:36:29'),
(5300002, 3, 2, 'ook||gggpp||||ppor', '2017-01-05', 'eee||nnn||bsbbdbd||ee', 'nnn||okk||||', 'www||mmnvv||||dbdbdb', 'qqq||v  uj||||dddbv', '', '||||||', NULL, '2017-01-05 09:37:17', '2017-01-05 09:37:17'),
(5800000, 200001, 2, '1', '0000-00-00', '1', '1', '1', '', '', '2017-01-09', '2017-01-10 02:48:12', '2017-01-09 10:12:33', '2017-01-10 02:48:12'),
(11100000, 11100000, 2, '3x a day', '2017-02-28', 'Paracetamol', 'Eat first before intaking medicine', 'Biogesic', '250mg', '', '', NULL, '2017-02-28 00:50:04', '2017-02-28 00:50:04'),
(11100001, 11100000, 2, '1x a day', '2017-02-28', 'Meclizine', 'Take before leaving at home', 'Bonamine', '12.5mg', '', '', NULL, '2017-02-28 01:52:32', '2017-02-28 01:53:05'),
(11900000, 2, 2, 'every 4 hrs', '2017-06-28', 'paracetamol', '', 'biogesic', '500 mg', '', '', NULL, '2017-06-28 07:17:57', '2017-06-28 07:17:57');

-- --------------------------------------------------------

--
-- Table structure for table `procedureCategories`
--

CREATE TABLE `procedureCategories` (
  `id` int(10) UNSIGNED NOT NULL,
  `value` varchar(100) COLLATE utf8_unicode_ci DEFAULT NULL,
  `deleted_at` timestamp NULL DEFAULT NULL,
  `created_at` timestamp NOT NULL DEFAULT '0000-00-00 00:00:00',
  `updated_at` timestamp NOT NULL DEFAULT '0000-00-00 00:00:00'
) ENGINE=InnoDB DEFAULT CHARSET=utf8 COLLATE=utf8_unicode_ci;

-- --------------------------------------------------------

--
-- Table structure for table `procedureCpts`
--

CREATE TABLE `procedureCpts` (
  `id` int(10) UNSIGNED NOT NULL,
  `procedureID` int(11) DEFAULT NULL,
  `cptID` int(11) DEFAULT NULL,
  `deleted_at` timestamp NULL DEFAULT NULL,
  `created_at` timestamp NOT NULL DEFAULT '0000-00-00 00:00:00',
  `updated_at` timestamp NOT NULL DEFAULT '0000-00-00 00:00:00'
) ENGINE=InnoDB DEFAULT CHARSET=utf8 COLLATE=utf8_unicode_ci;

--
-- Dumping data for table `procedureCpts`
--

INSERT INTO `procedureCpts` (`id`, `procedureID`, `cptID`, `deleted_at`, `created_at`, `updated_at`) VALUES
(1, 1, 599, NULL, '2016-03-28 19:00:17', '2016-03-28 19:00:17'),
(2, 1, 585, NULL, '2016-03-28 19:00:17', '2016-03-28 19:00:17'),
(3, 1, 581, NULL, '2016-03-28 19:00:17', '2016-03-28 19:00:17');

-- --------------------------------------------------------

--
-- Table structure for table `procedureDoctors`
--

CREATE TABLE `procedureDoctors` (
  `id` int(10) UNSIGNED NOT NULL,
  `procedureID` int(11) DEFAULT NULL,
  `doctorID` int(11) DEFAULT NULL,
  `role` varchar(30) COLLATE utf8_unicode_ci DEFAULT NULL,
  `deleted_at` timestamp NULL DEFAULT NULL,
  `created_at` timestamp NOT NULL DEFAULT '0000-00-00 00:00:00',
  `updated_at` timestamp NOT NULL DEFAULT '0000-00-00 00:00:00'
) ENGINE=InnoDB DEFAULT CHARSET=utf8 COLLATE=utf8_unicode_ci;

--
-- Dumping data for table `procedureDoctors`
--

INSERT INTO `procedureDoctors` (`id`, `procedureID`, `doctorID`, `role`, `deleted_at`, `created_at`, `updated_at`) VALUES
(9, 1, 3, 'surgeon1', NULL, '2016-03-31 00:49:32', '2016-03-31 00:49:32'),
(10, 1, 0, 'surgeon2', NULL, '2016-03-31 00:49:32', '2016-03-31 00:49:32'),
(11, 1, 0, 'surgeon3', NULL, '2016-03-31 00:49:32', '2016-03-31 00:49:32'),
(12, 1, 0, 'anesthes', NULL, '2016-03-31 00:49:32', '2016-03-31 00:49:32'),
(13, 2, 0, 'surgeon1', NULL, '2016-04-03 18:37:24', '2016-04-03 18:37:24'),
(14, 2, 0, 'surgeon2', NULL, '2016-04-03 18:37:24', '2016-04-03 18:37:24'),
(15, 2, 0, 'surgeon3', NULL, '2016-04-03 18:37:24', '2016-04-03 18:37:24'),
(16, 2, 0, 'anesthes', NULL, '2016-04-03 18:37:24', '2016-04-03 18:37:24'),
(17, 3, 2, 'surgeon1', NULL, '2016-04-04 18:18:29', '2016-04-04 18:18:29'),
(18, 3, 3, 'surgeon2', NULL, '2016-04-04 18:18:29', '2016-04-04 18:18:29'),
(19, 3, 0, 'surgeon3', NULL, '2016-04-04 18:18:29', '2016-04-04 18:18:29'),
(20, 3, 2, 'anesthes', NULL, '2016-04-04 18:18:29', '2016-04-04 18:18:29'),
(21, 4, 0, 'surgeon1', NULL, '2016-04-04 18:19:19', '2016-04-04 18:19:19'),
(22, 4, 0, 'surgeon2', NULL, '2016-04-04 18:19:19', '2016-04-04 18:19:19'),
(23, 4, 0, 'surgeon3', NULL, '2016-04-04 18:19:19', '2016-04-04 18:19:19'),
(24, 4, 0, 'anesthes', NULL, '2016-04-04 18:19:19', '2016-04-04 18:19:19'),
(25, 5, 0, 'surgeon1', NULL, '2016-05-30 17:17:27', '2016-05-30 17:17:27'),
(26, 5, 0, 'surgeon2', NULL, '2016-05-30 17:17:27', '2016-05-30 17:17:27'),
(27, 5, 0, 'surgeon3', NULL, '2016-05-30 17:17:27', '2016-05-30 17:17:27'),
(28, 5, 0, 'anesthes', NULL, '2016-05-30 17:17:27', '2016-05-30 17:17:27');

-- --------------------------------------------------------

--
-- Table structure for table `procedures`
--

CREATE TABLE `procedures` (
  `id` int(10) UNSIGNED NOT NULL,
  `diagnosisID` int(11) DEFAULT NULL,
  `date` date DEFAULT NULL,
  `position` varchar(255) COLLATE utf8_unicode_ci DEFAULT NULL,
  `findings` text COLLATE utf8_unicode_ci,
  `anesthesia` varchar(255) COLLATE utf8_unicode_ci DEFAULT NULL,
  `bloodLoss` varchar(32) COLLATE utf8_unicode_ci DEFAULT NULL,
  `timeStart` time DEFAULT NULL,
  `timeEnd` time DEFAULT NULL,
  `implants` text COLLATE utf8_unicode_ci,
  `antibiotics` text COLLATE utf8_unicode_ci,
  `transfusion` varchar(32) COLLATE utf8_unicode_ci DEFAULT NULL,
  `proDescription` text COLLATE utf8_unicode_ci,
  `proName` text COLLATE utf8_unicode_ci,
  `emergencyOrElective` enum('emergency','elective') COLLATE utf8_unicode_ci DEFAULT 'elective',
  `pay` enum('charity','company','hmo','insurance','personal') COLLATE utf8_unicode_ci DEFAULT 'personal',
  `leadSurgeon` tinyint(4) DEFAULT NULL,
  `otherDoctors` varchar(255) COLLATE utf8_unicode_ci DEFAULT NULL,
  `deleted_at` timestamp NULL DEFAULT NULL,
  `created_at` timestamp NOT NULL DEFAULT '0000-00-00 00:00:00',
  `updated_at` timestamp NOT NULL DEFAULT '0000-00-00 00:00:00'
) ENGINE=InnoDB DEFAULT CHARSET=utf8 COLLATE=utf8_unicode_ci;

--
-- Dumping data for table `procedures`
--

INSERT INTO `procedures` (`id`, `diagnosisID`, `date`, `position`, `findings`, `anesthesia`, `bloodLoss`, `timeStart`, `timeEnd`, `implants`, `antibiotics`, `transfusion`, `proDescription`, `proName`, `emergencyOrElective`, `pay`, `leadSurgeon`, `otherDoctors`, `deleted_at`, `created_at`, `updated_at`) VALUES
(1, 3, '2016-04-04', 'beach chair', 'swollen tendons and ligaments', 'regional', '< 500 ml', '10:00:00', '11:30:00', 'none', 'co-amoxiclav 500mg 1-0-1', 'none', '<p><span style=\"color: rgb(51, 51, 51); font-family: Roboto, sans-serif; font-size: 12px; line-height: 18px;\">steroid injection in my wrist and wore a brace to immobilize the wrist and thumb</span><br></p>', 'de quervain tenosynovitis release', 'elective', 'hmo', 2, '', NULL, '2016-03-28 19:00:17', '2016-03-31 00:49:32'),
(2, 5, '2016-04-04', 'beach chair', '', 'general', '< 500 ml', '10:30:00', '11:00:00', '', '', '', '<p>test</p>', 'test', 'emergency', 'charity', 1, '', NULL, '2016-04-03 18:37:24', '2016-04-03 18:37:24'),
(3, 6, '2016-04-07', NULL, '', NULL, NULL, '10:15:00', '10:45:00', '', '', '', '<p>test</p>', 'test', 'emergency', 'hmo', 1, 'JPI', NULL, '2016-04-04 18:18:29', '2016-04-04 18:18:29'),
(4, 3, '2016-04-07', NULL, '', NULL, NULL, '10:15:00', '10:45:00', '', '', '', '<p><br></p>', 'test', 'emergency', 'insurance', 1, '', NULL, '2016-04-04 18:19:19', '2016-04-04 18:19:19'),
(5, 10, '2016-05-31', NULL, '', NULL, NULL, '09:15:00', '09:45:00', '', '', '', '<p><br></p>', 'test', 'emergency', 'charity', 1, '', NULL, '2016-05-30 17:17:27', '2016-05-30 17:17:27');

-- --------------------------------------------------------

--
-- Table structure for table `procedureTemplates`
--

CREATE TABLE `procedureTemplates` (
  `id` int(10) UNSIGNED NOT NULL,
  `text` text COLLATE utf8_unicode_ci,
  `title` varchar(100) COLLATE utf8_unicode_ci DEFAULT NULL,
  `procedureCategories1ID` int(11) DEFAULT NULL,
  `procedureCategories2ID` int(11) DEFAULT NULL,
  `procedureCategories3ID` int(11) DEFAULT NULL,
  `deleted_at` timestamp NULL DEFAULT NULL,
  `created_at` timestamp NOT NULL DEFAULT '0000-00-00 00:00:00',
  `updated_at` timestamp NOT NULL DEFAULT '0000-00-00 00:00:00'
) ENGINE=InnoDB DEFAULT CHARSET=utf8 COLLATE=utf8_unicode_ci;

-- --------------------------------------------------------

--
-- Table structure for table `referrals`
--

CREATE TABLE `referrals` (
  `id` int(11) NOT NULL,
  `diagnosisID` int(11) NOT NULL,
  `patientID` int(11) NOT NULL,
  `doctorReferralID` int(11) NOT NULL,
  `api_token` varchar(60) DEFAULT NULL,
  `comment` varchar(255) DEFAULT NULL,
  `type` enum('okay','monitor','seeDoctor','bloodTest','labwork') DEFAULT NULL,
  `note` varchar(255) DEFAULT NULL,
  `view` tinyint(1) DEFAULT '0',
  `labworkID` varchar(150) DEFAULT NULL,
  `deleted_at` datetime DEFAULT NULL,
  `created_at` timestamp NOT NULL DEFAULT CURRENT_TIMESTAMP,
  `updated_at` datetime NOT NULL DEFAULT CURRENT_TIMESTAMP
) ENGINE=InnoDB DEFAULT CHARSET=utf8 ROW_FORMAT=DYNAMIC;

--
-- Dumping data for table `referrals`
--

INSERT INTO `referrals` (`id`, `diagnosisID`, `patientID`, `doctorReferralID`, `api_token`, `comment`, `type`, `note`, `view`, `labworkID`, `deleted_at`, `created_at`, `updated_at`) VALUES
(1, 1, 2, 1, 'l3dtzjLADrljEqWhmoeuFSAtIYjXb9xa8cPq9Zjpt5R6dOgMsIJHJO8vIRij', '', 'okay', '', 1, NULL, NULL, '2017-01-03 09:51:34', '2017-01-04 01:32:36'),
(2, 3500001, 2, 1, '1rPCDJqY3lPKi02vkepWYDo0jMoGUEVWSUJB37Vey1i62b8mQX8wCamZkoMI', NULL, NULL, '', 0, NULL, NULL, '2017-01-03 09:54:42', '2017-01-04 13:00:49'),
(3, 3500003, 2, 1, 'AYwGgQcltH7V5LgdPuRz9pKLONKLpAwAozINU7xvHoj8o9cxEFtJtiHZJZad', 'Good.good.good.good.good.good.good.good.good.good.good.good', 'monitor', 'Can you see this patient?', 1, NULL, NULL, '2017-01-03 10:06:19', '2017-01-16 14:47:12'),
(4, 200001, 14, 3, 'GUBxIguiaTLSuwSYqP2cPtPlNdF72IrfuHQ87uulOPQfoVwXl9B0X0xTHARw', NULL, NULL, 'Hey', 0, NULL, NULL, '2017-01-04 05:38:52', '2017-01-04 13:38:52'),
(5, 4300000, 4300000, 3, 'u5nz5Y69B14mB5t56QAZ6z5QgaqPTi2bWltVGQZBgd3ouylXMujZfEkvLdkL', 'Ok Thanks', 'monitor', 'Hi can you handle this patient?', 1, NULL, NULL, '2017-01-05 02:47:15', '2017-01-05 10:57:27'),
(6, 5300003, 5300000, 3, 'j8ybffJ9LRhoM7U43qKwHEjuzv59txDs3K4uPGbAl5HoBKP1bcG0rrhYv5hN', 'Ok. Thanks', NULL, 'Go handle this patient', 1, NULL, NULL, '2017-01-05 09:59:38', '2017-01-05 18:01:25'),
(7, 5100000, 200001, 3, 'YGflExnIXCRvu16SeFcWCY5bKueo6RdEX5akuOxHbJzT3t9dUpMmTfoFxGJs', 'Do a blood test ', 'monitor', 'Consult', 1, NULL, NULL, '2017-01-06 01:45:43', '2017-01-06 09:48:10'),
(8, 5100000, 200001, 3, 'x6uEm0gTypDAJZv4MpeR9iMUJ8P3D8VB58iJ0r4n4rmUQkK90iWZYvZlu2Dg', '', NULL, 'creatinine: 50 ldh: 64', 1, NULL, NULL, '2017-01-06 01:59:05', '2017-01-06 10:02:07'),
(9, 5300004, 200001, 3, 'TpGrjLzGBLyZ1i5jkRPj42id0z0K00SQ3APz67pU3ulphaUHIBRE3wbKTxra', 'Do blood test', NULL, 'Suspected Hodgkins', 1, NULL, NULL, '2017-01-06 03:22:59', '2017-01-06 11:28:59'),
(10, 5300004, 200001, 3, 'NuDjn2CmtYuTp6Klh4dHjtGxsw424gbO63EjQUvzaHUws5YQv9Rw9ZZNGsqS', 'Schedule this wed', 'bloodTest', 'Requested blood test is done, now check', 1, NULL, NULL, '2017-01-06 03:39:43', '2017-01-06 15:50:50'),
(11, 5100001, 200001, 3, 'OzVqUvoILZJ7HsjQFrry3lpz7ay04nKCVWjxWArPE0n7OKQAzfzady0LLzSO', 'Test', 'labwork', 'hi', 1, '1,2,3,4', NULL, '2017-01-06 05:46:57', '2017-01-06 15:46:27'),
(12, 5500000, 200001, 3, 'KMs3S7LtunWTt92R2AczPXAHfprrLEitQLId00zZ0UCZl75RJT01ev0Z6TLr', NULL, NULL, 'please check ', 0, NULL, NULL, '2017-01-06 09:14:13', '2017-01-06 17:14:13'),
(13, 1, 3, 1, '8zjPLFUdQjEHhX5pqhixP7jw7eMe13G8fnvKFmKqUXHdV8OVEOc2fLYlg9Ml', NULL, NULL, 'This patient is blabla', 1, NULL, NULL, '2017-01-09 02:46:51', '2017-01-09 10:51:54'),
(14, 6400000, 200001, 1, 'UnB7tx7QH0JG3jHfQpEQF4IbSYcS0KHp4Gd9TlVGsDwgZC06bXD4o6VsKT1Q', 'Schedule: Monday 08:00 AM - 09:00 AM\r\nClinic Address: Taguig City\r\nContact No: 09352334125', NULL, 'check this out ', 1, NULL, NULL, '2017-01-09 07:54:00', '2017-01-09 15:59:20'),
(15, 5500000, 200001, 1, 'jSk8aKW4e7PrkJnAna0P2ogsAwy4v6gxdgdJQIY7N8SmXLkLttG6yDlDvx82', NULL, NULL, '12313', 0, NULL, NULL, '2017-01-09 08:33:02', '2017-01-09 16:33:02'),
(16, 5300004, 200001, 3, '2n7mKn4Le1hk0d0ExeOnCfvmnYplTBwOaap3frWOlCpdp267WuyCAUydnzNW', 'Dr. De Dios, Vergel\nSched: Monday 8:00 AM - 9:00 AM\nClinic Add: #4 Sikatuna Subdivision Quezon City\nContact No: 09154421444\n\ntest test', 'seeDoctor', 'Hi doc patient has trangkaso', 1, NULL, NULL, '2017-01-10 02:26:21', '2017-01-17 10:51:02'),
(17, 7000002, 5300002, 3, 'vuXjQsC0PzwFUlfNIAbTzMA2fvfJXwd94jPF6W0LeuzXFIRqqdVwuknVcmMN', 'Name: De Dios, Vergel\r\nSchedule: \r\nClinic Address: #4 Sikatuna Subdivision Quezon City\r\nContact No: 09154421444', NULL, 'Patient suffering loss of appetite', 1, NULL, NULL, '2017-01-10 04:04:27', '2017-01-10 12:06:33'),
(18, 7200000, 5300003, 3, 'MMotIC7RVuSWhrpVYmJ0MlvXM8VE3iZKTcttXHElvdbmYr7sslK1oHXhkwo5', 'Name: De Dios, Vergel\r\nSchedule: \r\nClinic Address: #4 Sikatuna Subdivision Quezon City\r\nContact No: 09154421444', NULL, 'Patient was bitten by cat', 1, NULL, NULL, '2017-01-10 05:10:33', '2017-01-10 13:11:57'),
(19, 7200001, 200001, 3, 'nKMqO2HmrQB9eSEfdGhfRlKjow9DoKXevzyB2cnkq6AgdjVa6yttkliXxAU6', 'Name: De Dios, Vergel\r\nSchedule: MWF 01:00 PM - 04:00PM \r\nClinic Address: #4 Sikatuna Subdivision Quezon City\r\nContact No: 09154421444', NULL, 'Suffering Headache', 1, NULL, NULL, '2017-01-10 06:19:44', '2017-01-10 14:22:52'),
(20, 7200002, 200001, 3, '6uxPQlbcxwA3wsLCtlryzFy9uSOAzXlvg3ssPDWHdWNWPzQlGUbJvgTuIeEy', 'Name: De Dios, Vergel\r\nSchedule: MWF 01:00 PM - 04:00PM \r\nClinic Address: #4 Sikatuna Subdivision Quezon City\r\nContact No: 09154421444', NULL, 'Suffering headache', 1, NULL, NULL, '2017-01-10 06:28:37', '2017-01-10 14:29:37'),
(21, 8400003, 8700001, 3, 'eOi6OMeEScAsIesMLm2OKZH1EMurVj3lPWP61PUXflo2ti5e1AEmWxLVnnYF', NULL, NULL, 'Suffering headache', 0, NULL, NULL, '2017-01-16 04:54:38', '2017-01-16 12:54:38'),
(22, 8400006, 8700002, 3900002, 'kTaS6yucA4iZTYENaVYEuSBaCpd8ah5Iz51QVIeGfrWftKS2sIENjDEQ3f5S', 'Dr. Hinton, Deborah\nSched: Monday 8:00 -9:00\nClinic Add: Camella, Ayala Alabang, Muntinlupa, Metro Manila\nContact No: 09162524885\n\nSend him right away', 'seeDoctor', 'Suffering Headache', 1, NULL, NULL, '2017-01-16 06:01:42', '2017-01-16 14:03:06'),
(23, 8400007, 7, 3900002, 'AS9ceoKOkgkr0qmzxuaCLnd6k0whpAnWnn3bbz5pSJb9Cn9ZWnVLAw5eHszC', 'Dr. Hinton, Deborah\nSched: Jan 23, Monday 8:00 AM-9:00AM\nClinic Add: Camella, Ayala Alabang, Muntinlupa, Metro Manila\nContact No: 09162524885\n\nI\'ll handle him', 'seeDoctor', 'Suffering from headache', 1, NULL, NULL, '2017-01-16 06:24:03', '2017-01-16 14:24:59'),
(24, 8400009, 7, 3900002, 'VazvK0JtDi6NsT0yXTiLnUECTp1jn5tAmRTcefGEsUtNfevhEyJKpBWBuTUK', 'Dr. Hinton, Deborah\nSched: Jan 23, Monday 8:00 AM-9:00AM\nClinic Add: Camella, Ayala Alabang, Muntinlupa, Metro Manila\nContact No: 09162524885\n\nI\'ll handle him', 'seeDoctor', 'Suffering from fever', 1, NULL, NULL, '2017-01-16 06:35:42', '2017-01-16 14:36:18'),
(25, 8400010, 7, 3900002, 'YqwEjKEnzunSAQcwFQOFTTeZnIKu9XgWYxiRglR3EBzIqGz0Fj2YLHAY82M1', 'Dr. Hinton, Deborah\nSched: Jan 23, Monday 8:00 AM-9:00AM\nClinic Add: Camella, Ayala Alabang, Muntinlupa, Metro Manila\nContact No: 09162524885\n\nI\'ll handle him. Thank you.', 'seeDoctor', 'Suffering from headache', 1, NULL, NULL, '2017-01-16 06:45:14', '2017-01-16 14:46:03'),
(26, 8400016, 7, 3900008, 's5iXUqeCph3BAhPvTJ6tKTI7uDr4YSOmDUkZCoQlvwmgQdi4qZooU51Bacwc', 'Dr. Cardona, Ana Lea\nSched: Monday 8:00 -9:00AM\nClinic Add: ASiA Enclaves Alabang, Muntinlupa City\nContact No: 09331278489\n\nI\'ll handle him', 'seeDoctor', 'Suffering from headache', 1, NULL, NULL, '2017-01-17 02:58:30', '2017-01-17 11:00:06'),
(27, 8400017, 11, 3900008, 'VC23s0aOeWZ5xD6VGGZ778BK8iJvnWF9wzo4uatz9WiEd8Bx7RRfeHOXzPAr', 'Dr. Cardona, Ana Lea\nSched: 9:00AM - 10:00AM\nClinic Add: ASiA Enclaves Alabang, Muntinlupa City\nContact No: 09331278489\n\nSend him to me immediately', 'seeDoctor', 'Patient has High Fever', 1, NULL, NULL, '2017-01-17 05:17:13', '2017-01-17 13:20:09'),
(28, 8400018, 11, 3900008, 'z99lfwB6xFNGsdepyxwdAXnsSwzBxQusR6asFYripFOG4Du6rak6MA5LncUI', 'Dr. Cardona, Ana Lea\nSched: 9:00AM - 10:00AM\nClinic Add: ASiA Enclaves Alabang, Muntinlupa City\nContact No: 09331278489\n\nPlease send him to me immediately!', 'seeDoctor', 'Patient has high fever', 1, NULL, NULL, '2017-01-17 05:30:13', '2017-01-17 13:31:51'),
(29, 8400019, 5300001, 3900008, '8M0dtJxJ35PvMnKhBrbdKKWrkqCOSuBcoW51S95iG7155dRTlemXMwIHo1Uz', 'Dr. Cardona, Ana Lea\nSched: 9:00AM - 10:00AM\nClinic Add: ASiA Enclaves Alabang, Muntinlupa City\nContact No: 09331278489\n\nPlease send him to me immediately!', 'seeDoctor', 'Suffering from weight loss', 1, NULL, NULL, '2017-01-17 05:43:01', '2017-01-17 13:43:51'),
(30, 9900000, 200001, 3900008, 'c0285TiB8e3Ulk3hDLCKUMuwrHy2bEtygwjLWx0ngSukFxVQY2UOc4zLuek3', 'Dr. Cardona, Ana Lea\nSched: 9:00AM - 10:00AM\nClinic Add: ASiA Enclaves Alabang, Muntinlupa City\nContact No: 09331278489\n\nTest', 'seeDoctor', 'test', 1, NULL, NULL, '2017-01-19 07:09:18', '2017-01-19 15:10:20'),
(31, 9900001, 200001, 3900008, '535BfN5azypuEppgdW2gfo35NYtmUXFJVsKRntGB8um7N1dXMTSmEdxpbEG7', 'Dr. Cardona, Ana Lea\nSched: Monday 8:00 -9:00\nClinic Add: ASiA Enclaves Alabang, Muntinlupa City\nContact No: 09331278489\n\nI\'ll handle him', 'seeDoctor', 'consult', 1, NULL, NULL, '2017-01-19 08:17:23', '2017-01-19 16:21:22'),
(32, 10800003, 5300002, 3900008, 'OS4hHMKljtKq98PyPyujYxG1xL3lyEezbVDtgz279sxNtVC5wvNM5PeD9Uw1', 'Dr. Cardona, Ana Lea\nSched: Monday 8:00 -9:00AM\nClinic Add: ASiA Enclaves Alabang, Muntinlupa City\nContact No: 09331278489\n\nI\'ll handle her.', 'seeDoctor', 'Could be fever but application advises potential HL', 1, NULL, NULL, '2017-01-25 07:58:46', '2017-01-25 16:14:24'),
(33, 10800004, 7, 3900008, 'uHd12huxl5kYxwsxL54x1i4bkHnmp8IR1h0fKK7VGTxEpu9u7dkOkJvVNaTS', 'Dr. Cardona, Ana Lea\nSched: 9:00AM - 10:00AM\nClinic Add: ASiA Enclaves Alabang, Muntinlupa City\nContact No: 09331278489\n\nPlease send him to me immediately', 'seeDoctor', 'Large mass on neck', 1, NULL, NULL, '2017-01-25 08:43:43', '2017-01-25 16:59:43'),
(34, 11100000, 11100000, 3900008, 'K96DADSiaSX44tuMnyPmevdgTR757sX3gf2pknOFAsACPhtzOTxb5IqReRgK', 'Dr. Cardona, Ana Lea\nSched: Monday 8:00 -9:00AM\nClinic Add: ASiA Enclaves Alabang, Muntinlupa City\nContact No: 09331278489\n\nPlease! send her to me immediately', 'seeDoctor', 'Suffering from Headache', 1, NULL, NULL, '2017-02-28 02:21:18', '2017-02-28 10:24:39'),
(35, 11100001, 200001, 3900008, 'n1hl53BKzVXL6Qp1woNnxERbKMZF7PveKTHPimpA1Msmb1AsMgEtuVVBo3O2', 'asd', 'monitor', 'test', 1, NULL, NULL, '2017-06-14 05:50:28', '2017-06-14 13:52:16'),
(37, 11100003, 11100002, 11900000, 'mCb7lL3JKwQqPFtNgYARQFORDeS13QN6OwCc3FZhlzXxCyTPbFpvIh7ibnEj', 'Dr. Reyes, Jerome\nSched: Tuesday 1PM-5PM\nClinic Add: 2nd flr. Molino Doctors Cavite\nContact No: 09219332199\n\n', 'seeDoctor', 'Artemis suspect patient has medium level of Tuberculosis', 1, NULL, NULL, '2017-06-15 08:18:39', '2017-06-15 16:29:29'),
(38, 11100003, 11100002, 11900000, 'LHOFNEdgAVJKdCqYuJ6sORm0Zlv6hJfJKTEk2tuWSZrH4daWR24UAXLDewM9', NULL, NULL, 'Artemis suspects patient has medium level of Tuberculosis', 0, NULL, NULL, '2017-06-20 06:13:08', '2017-06-20 14:13:08'),
(39, 11100003, 11100002, 11900000, 'JuNRiXZ7RbXWmN2XMV6Y06nVrc6iMgPwRGF6BYhXogBkT9BtvaZidXHtQKRN', NULL, NULL, 'Artemis suspects patient has medium level of Tuberculosis', 0, NULL, NULL, '2017-06-20 06:19:16', '2017-06-20 14:19:16'),
(40, 11100003, 11100002, 11900000, 'Q6UW4Ji1BOosH49td3c0ECn8JiCGkDQWOMjlVR4O7Dg56gOfmiDkp3oEGNOt', NULL, NULL, 'Artemis suspects patient has medium level of Tuberculosis', 0, NULL, NULL, '2017-06-20 06:20:11', '2017-06-20 14:20:11'),
(41, 9900000, 200001, 3900002, 'gEl9EWFMbrRbDBTr0ScQ6x4BHFbzfmz1m9jEjxnJGeVBIrgWgNhbHeappQjy', NULL, NULL, 'Kvjcjvjibnjj', 0, NULL, NULL, '2017-08-03 08:06:45', '2017-08-03 16:06:45');

-- --------------------------------------------------------

--
-- Table structure for table `staff`
--

CREATE TABLE `staff` (
  `id` int(10) UNSIGNED NOT NULL,
  `groupID` int(11) DEFAULT NULL,
  `patientID` int(11) DEFAULT NULL,
  `userID` int(11) DEFAULT NULL,
  `firstname` varchar(30) COLLATE utf8_unicode_ci DEFAULT NULL,
  `middlename` varchar(30) COLLATE utf8_unicode_ci DEFAULT NULL,
  `lastname` varchar(30) COLLATE utf8_unicode_ci DEFAULT NULL,
  `nameSuffix` varchar(10) COLLATE utf8_unicode_ci DEFAULT NULL,
  `birthdate` date DEFAULT NULL,
  `sex` tinyint(4) DEFAULT NULL,
  `status` enum('Married','Widowed','Separated','Divorced','Single') COLLATE utf8_unicode_ci DEFAULT NULL,
  `address` text COLLATE utf8_unicode_ci,
  `type` varchar(30) COLLATE utf8_unicode_ci DEFAULT NULL,
  `phone1` varchar(15) COLLATE utf8_unicode_ci DEFAULT NULL,
  `phone2` varchar(15) COLLATE utf8_unicode_ci DEFAULT NULL,
  `position` varchar(30) COLLATE utf8_unicode_ci DEFAULT NULL,
  `email` varchar(30) COLLATE utf8_unicode_ci DEFAULT NULL,
  `imagePath` varchar(255) COLLATE utf8_unicode_ci DEFAULT NULL,
  `imageMime` varchar(20) COLLATE utf8_unicode_ci DEFAULT 'jpg',
  `allowAsPatient` tinyint(4) DEFAULT NULL,
  `deleted_at` timestamp NULL DEFAULT NULL,
  `created_at` timestamp NOT NULL DEFAULT '0000-00-00 00:00:00',
  `updated_at` timestamp NOT NULL DEFAULT '0000-00-00 00:00:00'
) ENGINE=InnoDB DEFAULT CHARSET=utf8 COLLATE=utf8_unicode_ci;

--
-- Dumping data for table `staff`
--

INSERT INTO `staff` (`id`, `groupID`, `patientID`, `userID`, `firstname`, `middlename`, `lastname`, `nameSuffix`, `birthdate`, `sex`, `status`, `address`, `type`, `phone1`, `phone2`, `position`, `email`, `imagePath`, `imageMime`, `allowAsPatient`, `deleted_at`, `created_at`, `updated_at`) VALUES
(1, 1, NULL, NULL, 'Gerald', 'Benosa', 'Montemayor', '', '1984-03-24', 1, 'Single', '23 Santo Cristo Paranaque City', NULL, '09124477111', '', 'Senior Nurse', 'Montemayor21@yahoo.com', NULL, 'jpg', 0, NULL, '2016-03-22 21:06:41', '2016-03-27 18:07:48'),
(2, 1, NULL, NULL, 'Liza', 'Delara', 'Fernandez', '', '1986-08-21', 0, 'Single', '19 San Andres Bukid Manila', NULL, '09144555115', '', 'Junior Nurse', 'Fernliz_89@hotmail.com', NULL, 'jpg', 0, NULL, '2016-03-22 21:09:24', '2016-03-27 18:07:48');

-- --------------------------------------------------------

--
-- Table structure for table `tableLogger`
--

CREATE TABLE `tableLogger` (
  `id` int(10) UNSIGNED NOT NULL,
  `userID` int(11) DEFAULT NULL,
  `name` text COLLATE utf8_unicode_ci,
  `operation` enum('create','update','delete') COLLATE utf8_unicode_ci DEFAULT NULL,
  `sqlExecuted` text COLLATE utf8_unicode_ci,
  `entryKey` varchar(255) COLLATE utf8_unicode_ci DEFAULT NULL,
  `deleted_at` timestamp NULL DEFAULT NULL,
  `created_at` timestamp NOT NULL DEFAULT '0000-00-00 00:00:00',
  `updated_at` timestamp NOT NULL DEFAULT '0000-00-00 00:00:00'
) ENGINE=InnoDB DEFAULT CHARSET=utf8 COLLATE=utf8_unicode_ci;

--
-- Dumping data for table `tableLogger`
--

INSERT INTO `tableLogger` (`id`, `userID`, `name`, `operation`, `sqlExecuted`, `entryKey`, `deleted_at`, `created_at`, `updated_at`) VALUES
(1, 25, 'patients', 'create', '', '2', NULL, '2016-03-22 20:32:47', '0000-00-00 00:00:00'),
(2, 25, 'patients', 'update', '', '2', NULL, '2016-03-22 20:32:47', '0000-00-00 00:00:00'),
(3, 25, 'patients', 'update', '', '2', NULL, '2016-03-22 20:35:08', '0000-00-00 00:00:00'),
(4, 25, 'patients', 'update', '', '2', NULL, '2016-03-22 20:35:08', '0000-00-00 00:00:00'),
(5, 25, 'diagnosis', 'create', '', '1', NULL, '2016-03-22 20:47:43', '0000-00-00 00:00:00'),
(6, 25, 'diagnosis', 'update', '', '1', NULL, '2016-03-22 20:50:23', '0000-00-00 00:00:00'),
(7, 25, 'followup', 'create', '', '1', NULL, '2016-03-22 20:52:43', '0000-00-00 00:00:00'),
(8, 25, 'followup', 'update', '', '1', NULL, '2016-03-22 20:53:09', '0000-00-00 00:00:00'),
(9, 25, 'prescriptions', 'create', '', '1', NULL, '2016-03-22 21:01:25', '0000-00-00 00:00:00'),
(10, 25, 'appointments', 'create', '', '1', NULL, '2016-03-22 21:02:25', '0000-00-00 00:00:00'),
(11, 25, 'patients', 'create', '', '3', NULL, '2016-03-22 21:25:48', '0000-00-00 00:00:00'),
(12, 25, 'patients', 'update', '', '3', NULL, '2016-03-22 21:25:48', '0000-00-00 00:00:00'),
(13, 25, 'patients', 'update', '', '3', NULL, '2016-03-22 21:25:48', '0000-00-00 00:00:00'),
(14, 12, 'diagnosis', 'update', '', '1', NULL, '2016-03-22 21:28:08', '0000-00-00 00:00:00'),
(15, 12, 'followup', 'update', '', '1', NULL, '2016-03-22 21:28:41', '0000-00-00 00:00:00'),
(16, 25, 'patients', 'create', '', '4', NULL, '2016-03-23 18:17:56', '0000-00-00 00:00:00'),
(17, 25, 'patients', 'update', '', '4', NULL, '2016-03-23 18:17:56', '0000-00-00 00:00:00'),
(18, 24, 'patients', 'create', '', '5', NULL, '2016-03-23 19:15:55', '0000-00-00 00:00:00'),
(19, 24, 'patients', 'update', '', '5', NULL, '2016-03-23 19:15:55', '0000-00-00 00:00:00'),
(20, 23, 'appointments', 'create', '', '2', NULL, '2016-03-28 00:54:31', '0000-00-00 00:00:00'),
(21, 26, 'labwork', 'create', '', '1', NULL, '2016-03-28 01:45:15', '0000-00-00 00:00:00'),
(22, 26, 'labwork', 'create', '', '2', NULL, '2016-03-28 01:45:25', '0000-00-00 00:00:00'),
(23, 26, 'diagnosis', 'create', '', '2', NULL, '2016-03-28 01:45:57', '0000-00-00 00:00:00'),
(24, 26, 'followup', 'create', '', '2', NULL, '2016-03-28 01:49:08', '0000-00-00 00:00:00'),
(25, 12, 'patients', 'create', '', '6', NULL, '2016-03-28 16:47:04', '0000-00-00 00:00:00'),
(26, 28, 'diagnosis', 'create', '', '3', NULL, '2016-03-28 17:13:15', '0000-00-00 00:00:00'),
(27, 28, 'diagnosis', 'update', '', '3', NULL, '2016-03-28 17:13:28', '0000-00-00 00:00:00'),
(28, 28, 'diagnosis', 'update', '', '3', NULL, '2016-03-28 17:31:58', '0000-00-00 00:00:00'),
(29, 28, 'followup', 'create', '', '3', NULL, '2016-03-28 17:39:51', '0000-00-00 00:00:00'),
(30, 28, 'labwork', 'create', '', '3', NULL, '2016-03-28 18:35:46', '0000-00-00 00:00:00'),
(31, 28, 'diagnosis', 'create', '', '4', NULL, '2016-03-28 18:45:14', '0000-00-00 00:00:00'),
(32, 28, 'followup', 'create', '', '4', NULL, '2016-03-28 18:50:37', '0000-00-00 00:00:00'),
(33, 28, 'followup', 'update', '', '4', NULL, '2016-03-28 18:51:00', '0000-00-00 00:00:00'),
(34, 28, 'prescriptions', 'create', '', '2', NULL, '2016-03-28 18:56:30', '0000-00-00 00:00:00'),
(35, 28, 'procedures', 'create', '', '1', NULL, '2016-03-28 19:00:17', '0000-00-00 00:00:00'),
(36, 28, 'admitting', 'create', '', '1', NULL, '2016-03-28 19:01:42', '0000-00-00 00:00:00'),
(37, 28, 'admitting', 'update', '', '1', NULL, '2016-03-28 19:02:13', '0000-00-00 00:00:00'),
(38, 28, 'admitting', 'update', '', '1', NULL, '2016-03-28 19:02:18', '0000-00-00 00:00:00'),
(39, 28, 'admitting', 'update', '', '1', NULL, '2016-03-28 19:02:26', '0000-00-00 00:00:00'),
(40, 28, 'admitting', 'update', '', '1', NULL, '2016-03-28 19:02:38', '0000-00-00 00:00:00'),
(41, 28, 'admitting', 'update', '', '1', NULL, '2016-03-28 19:03:24', '0000-00-00 00:00:00'),
(42, 28, 'admitting', 'update', '', '1', NULL, '2016-03-28 19:03:29', '0000-00-00 00:00:00'),
(43, 28, 'admitting', 'update', '', '1', NULL, '2016-03-28 19:03:35', '0000-00-00 00:00:00'),
(44, 28, 'admitting', 'update', '', '1', NULL, '2016-03-28 19:03:40', '0000-00-00 00:00:00'),
(45, 28, 'admitting', 'update', '', '1', NULL, '2016-03-28 19:03:49', '0000-00-00 00:00:00'),
(46, 28, 'admitting', 'update', '', '1', NULL, '2016-03-28 19:05:11', '0000-00-00 00:00:00'),
(47, 28, 'admitting', 'update', '', '1', NULL, '2016-03-28 19:05:18', '0000-00-00 00:00:00'),
(48, 28, 'labwork', 'create', '', '4', NULL, '2016-03-28 19:14:21', '0000-00-00 00:00:00'),
(49, 28, 'appointments', 'create', '', '3', NULL, '2016-03-28 19:16:02', '0000-00-00 00:00:00'),
(50, 28, 'appointments', 'update', '', '3', NULL, '2016-03-28 19:16:09', '0000-00-00 00:00:00'),
(51, 28, 'postDiagnosis', 'create', '', '1', NULL, '2016-03-28 19:16:16', '0000-00-00 00:00:00'),
(52, 12, 'diagnosis', 'update', '', '3', NULL, '2016-03-28 21:10:04', '0000-00-00 00:00:00'),
(53, 12, 'diagnosis', 'update', '', '3', NULL, '2016-03-28 21:10:23', '0000-00-00 00:00:00'),
(54, 12, 'diagnosis', 'update', '', '3', NULL, '2016-03-28 21:18:59', '0000-00-00 00:00:00'),
(55, 12, 'diagnosis', 'update', '', '3', NULL, '2016-03-28 21:21:00', '0000-00-00 00:00:00'),
(56, 12, 'diagnosis', 'update', '', '3', NULL, '2016-03-28 21:21:38', '0000-00-00 00:00:00'),
(57, 12, 'diagnosis', 'update', '', '3', NULL, '2016-03-28 21:39:51', '0000-00-00 00:00:00'),
(58, 12, 'diagnosis', 'update', '', '3', NULL, '2016-03-28 21:43:35', '0000-00-00 00:00:00'),
(59, 12, 'patients', 'update', '', '5', NULL, '2016-03-28 21:53:22', '0000-00-00 00:00:00'),
(60, 12, 'patients', 'update', '', '5', NULL, '2016-03-28 21:54:12', '0000-00-00 00:00:00'),
(61, 12, 'patients', 'update', '', '4', NULL, '2016-03-28 22:20:30', '0000-00-00 00:00:00'),
(62, 12, 'patients', 'update', '', '5', NULL, '2016-03-28 22:40:30', '0000-00-00 00:00:00'),
(63, 12, 'patients', 'update', '', '5', NULL, '2016-03-28 22:40:30', '0000-00-00 00:00:00'),
(64, 12, 'admitting', 'update', '', '1', NULL, '2016-03-28 22:43:37', '0000-00-00 00:00:00'),
(65, 12, 'admitting', 'update', '', '1', NULL, '2016-03-28 22:43:47', '0000-00-00 00:00:00'),
(66, 12, 'admitting', 'update', '', '1', NULL, '2016-03-28 22:43:54', '0000-00-00 00:00:00'),
(67, 12, 'admitting', 'update', '', '1', NULL, '2016-03-28 22:44:00', '0000-00-00 00:00:00'),
(68, 12, 'admitting', 'update', '', '1', NULL, '2016-03-28 22:44:04', '0000-00-00 00:00:00'),
(69, 12, 'admitting', 'update', '', '1', NULL, '2016-03-28 22:45:29', '0000-00-00 00:00:00'),
(70, 12, 'admitting', 'update', '', '1', NULL, '2016-03-28 22:45:34', '0000-00-00 00:00:00'),
(71, 12, 'admitting', 'update', '', '1', NULL, '2016-03-28 22:45:39', '0000-00-00 00:00:00'),
(72, 12, 'admitting', 'update', '', '1', NULL, '2016-03-28 22:45:43', '0000-00-00 00:00:00'),
(73, 12, 'postDiagnosis', 'create', '', '2', NULL, '2016-03-28 22:47:41', '0000-00-00 00:00:00'),
(74, 12, 'postDiagnosis', 'create', '', '3', NULL, '2016-03-28 22:48:38', '0000-00-00 00:00:00'),
(75, 12, 'postDiagnosis', 'create', '', '4', NULL, '2016-03-28 22:48:57', '0000-00-00 00:00:00'),
(76, 12, 'postDiagnosis', 'create', '', '5', NULL, '2016-03-28 22:50:35', '0000-00-00 00:00:00'),
(77, 12, 'postDiagnosis', 'create', '', '6', NULL, '2016-03-28 22:55:22', '0000-00-00 00:00:00'),
(78, 12, 'procedures', 'update', '', '1', NULL, '2016-03-31 00:49:32', '0000-00-00 00:00:00'),
(79, 12, 'appointments', 'create', '', '4', NULL, '2016-03-31 01:19:48', '0000-00-00 00:00:00'),
(80, 12, 'appointments', 'create', '', '5', NULL, '2016-04-03 18:28:40', '0000-00-00 00:00:00'),
(81, 12, 'diagnosis', 'create', '', '5', NULL, '2016-04-03 18:32:22', '0000-00-00 00:00:00'),
(82, 12, 'followup', 'create', '', '5', NULL, '2016-04-03 18:33:59', '0000-00-00 00:00:00'),
(83, 12, 'followup', 'update', '', '5', NULL, '2016-04-03 18:34:11', '0000-00-00 00:00:00'),
(84, 12, 'labwork', 'create', '', '5', NULL, '2016-04-03 18:35:29', '0000-00-00 00:00:00'),
(85, 12, 'labwork', 'update', '', '5', NULL, '2016-04-03 18:36:09', '0000-00-00 00:00:00'),
(86, 12, 'procedures', 'create', '', '2', NULL, '2016-04-03 18:37:24', '0000-00-00 00:00:00'),
(87, 12, 'admitting', 'create', '', '2', NULL, '2016-04-03 18:37:56', '0000-00-00 00:00:00'),
(88, 12, 'appointments', 'create', '', '6', NULL, '2016-04-03 18:40:00', '0000-00-00 00:00:00'),
(89, 12, 'appointments', 'update', '', '6', NULL, '2016-04-03 18:40:05', '0000-00-00 00:00:00'),
(90, 12, 'postDiagnosis', 'create', '', '7', NULL, '2016-04-03 18:40:20', '0000-00-00 00:00:00'),
(91, 12, 'prescriptions', 'create', '', '3', NULL, '2016-04-03 18:41:14', '0000-00-00 00:00:00'),
(92, 30, 'patients', 'create', '', '7', NULL, '2016-04-03 22:59:18', '0000-00-00 00:00:00'),
(93, 30, 'patients', 'update', '', '7', NULL, '2016-04-03 22:59:18', '0000-00-00 00:00:00'),
(94, 30, 'labwork', 'create', '', '6', NULL, '2016-04-03 23:07:47', '0000-00-00 00:00:00'),
(95, 30, 'labwork', 'create', '', '7', NULL, '2016-04-03 23:08:07', '0000-00-00 00:00:00'),
(96, 30, 'diagnosis', 'create', '', '6', NULL, '2016-04-03 23:09:27', '0000-00-00 00:00:00'),
(97, 30, 'prescriptions', 'create', '', '4', NULL, '2016-04-03 23:20:48', '0000-00-00 00:00:00'),
(98, 30, 'appointments', 'create', '', '7', NULL, '2016-04-03 23:28:15', '0000-00-00 00:00:00'),
(99, 30, 'diagnosis', 'update', '', '6', NULL, '2016-04-03 23:45:24', '0000-00-00 00:00:00'),
(100, 31, 'appointments', 'create', '', '8', NULL, '2016-04-04 00:22:48', '0000-00-00 00:00:00'),
(101, 30, 'diagnosis', 'create', '', '7', NULL, '2016-04-04 00:48:15', '0000-00-00 00:00:00'),
(102, 31, 'diagnosis', 'create', '', '8', NULL, '2016-04-04 00:49:52', '0000-00-00 00:00:00'),
(103, 30, 'diagnosis', 'update', '', '7', NULL, '2016-04-04 01:23:53', '0000-00-00 00:00:00'),
(104, 30, 'patients', 'update', '', '7', NULL, '2016-04-04 01:25:08', '0000-00-00 00:00:00'),
(105, 30, 'diagnosis', 'update', '', '6', NULL, '2016-04-04 01:26:08', '0000-00-00 00:00:00'),
(106, 31, 'diagnosis', 'create', '', '9', NULL, '2016-04-04 01:37:04', '0000-00-00 00:00:00'),
(107, 30, 'appointments', 'update', '', '7', NULL, '2016-04-04 01:37:53', '0000-00-00 00:00:00'),
(108, 30, 'appointments', 'update', '', '7', NULL, '2016-04-04 01:38:18', '0000-00-00 00:00:00'),
(109, 31, 'diagnosis', 'delete', '', '9', NULL, '2016-04-04 01:38:55', '0000-00-00 00:00:00'),
(110, 31, 'diagnosis', 'delete', '', '8', NULL, '2016-04-04 01:39:01', '0000-00-00 00:00:00'),
(111, 30, 'appointments', 'update', '', '7', NULL, '2016-04-04 01:39:19', '0000-00-00 00:00:00'),
(112, 30, 'appointments', 'update', '', '7', NULL, '2016-04-04 01:40:30', '0000-00-00 00:00:00'),
(113, 30, 'appointments', 'update', '', '7', NULL, '2016-04-04 01:42:27', '0000-00-00 00:00:00'),
(114, 31, 'appointments', 'create', '', '9', NULL, '2016-04-04 01:59:11', '0000-00-00 00:00:00'),
(115, 31, 'appointments', 'create', '', '10', NULL, '2016-04-04 01:59:33', '0000-00-00 00:00:00'),
(116, 31, 'appointments', 'create', '', '11', NULL, '2016-04-04 01:59:50', '0000-00-00 00:00:00'),
(117, 31, 'appointments', 'create', '', '12', NULL, '2016-04-04 02:00:09', '0000-00-00 00:00:00'),
(118, 31, 'appointments', 'delete', '', '11', NULL, '2016-04-04 02:00:54', '0000-00-00 00:00:00'),
(119, 31, 'labwork', 'update', '', '5', NULL, '2016-04-04 02:01:26', '0000-00-00 00:00:00'),
(120, 31, 'labwork', 'update', '', '6', NULL, '2016-04-04 02:01:37', '0000-00-00 00:00:00'),
(121, 30, 'appointments', 'update', '', '7', NULL, '2016-04-04 17:39:04', '0000-00-00 00:00:00'),
(122, 30, 'appointments', 'create', '', '13', NULL, '2016-04-04 17:40:12', '0000-00-00 00:00:00'),
(123, 30, 'appointments', 'create', '', '14', NULL, '2016-04-04 17:40:48', '0000-00-00 00:00:00'),
(124, 30, 'appointments', 'delete', '', '14', NULL, '2016-04-04 17:41:39', '0000-00-00 00:00:00'),
(125, 30, 'appointments', 'update', '', '13', NULL, '2016-04-04 17:42:03', '0000-00-00 00:00:00'),
(126, 30, 'appointments', 'update', '', '7', NULL, '2016-04-04 17:53:57', '0000-00-00 00:00:00'),
(127, 30, 'appointments', 'create', '', '15', NULL, '2016-04-04 17:57:10', '0000-00-00 00:00:00'),
(128, 30, 'appointments', 'create', '', '16', NULL, '2016-04-04 17:58:30', '0000-00-00 00:00:00'),
(129, 30, 'diagnosis', 'update', '', '6', NULL, '2016-04-04 18:15:35', '0000-00-00 00:00:00'),
(130, 30, 'diagnosis', 'update', '', '6', NULL, '2016-04-04 18:16:18', '0000-00-00 00:00:00'),
(131, 30, 'procedures', 'create', '', '3', NULL, '2016-04-04 18:18:29', '0000-00-00 00:00:00'),
(132, 30, 'procedures', 'create', '', '4', NULL, '2016-04-04 18:19:19', '0000-00-00 00:00:00'),
(133, 30, 'appointments', 'create', '', '17', NULL, '2016-04-04 18:31:03', '0000-00-00 00:00:00'),
(134, 30, 'appointments', 'create', '', '18', NULL, '2016-04-04 18:31:44', '0000-00-00 00:00:00'),
(135, 30, 'appointments', 'update', '', '7', NULL, '2016-04-04 18:33:01', '0000-00-00 00:00:00'),
(136, 30, 'appointments', 'update', '', '7', NULL, '2016-04-04 18:33:20', '0000-00-00 00:00:00'),
(137, 30, 'appointments', 'update', '', '7', NULL, '2016-04-04 18:33:39', '0000-00-00 00:00:00'),
(138, 12, 'patients', 'update', '', '5', NULL, '2016-05-03 00:17:15', '0000-00-00 00:00:00'),
(139, 12, 'patients', 'create', '', '8', NULL, '2016-05-30 17:11:35', '0000-00-00 00:00:00'),
(140, 12, 'patients', 'update', '', '8', NULL, '2016-05-30 17:11:35', '0000-00-00 00:00:00'),
(141, 12, 'diagnosis', 'create', '', '10', NULL, '2016-05-30 17:12:59', '0000-00-00 00:00:00'),
(142, 12, 'labwork', 'create', '', '8', NULL, '2016-05-30 17:14:18', '0000-00-00 00:00:00'),
(143, 12, 'followup', 'create', '', '6', NULL, '2016-05-30 17:16:14', '0000-00-00 00:00:00'),
(144, 12, 'procedures', 'create', '', '5', NULL, '2016-05-30 17:17:27', '0000-00-00 00:00:00'),
(145, 12, 'admitting', 'create', '', '3', NULL, '2016-05-30 17:17:50', '0000-00-00 00:00:00'),
(146, 12, 'admitting', 'update', '', '3', NULL, '2016-05-30 17:19:30', '0000-00-00 00:00:00'),
(147, 12, 'postDiagnosis', 'create', '', '8', NULL, '2016-05-30 17:20:25', '0000-00-00 00:00:00'),
(148, 12, 'labwork', 'update', '', '8', NULL, '2016-05-30 17:20:59', '0000-00-00 00:00:00'),
(149, 12, 'appointments', 'create', '', '19', NULL, '2016-05-30 17:28:11', '0000-00-00 00:00:00'),
(150, 12, 'patients', 'delete', '', '8', NULL, '2016-05-30 17:30:59', '0000-00-00 00:00:00'),
(151, 12, 'diagnosis', 'create', '', '11', NULL, '2016-05-30 17:37:21', '0000-00-00 00:00:00'),
(152, 12, 'prescriptions', 'create', '', '5', NULL, '2016-05-30 19:00:22', '0000-00-00 00:00:00'),
(153, 12, 'prescriptions', 'delete', '', '5', NULL, '2016-05-30 19:00:37', '0000-00-00 00:00:00'),
(154, 12, 'appointments', 'create', '', '20', NULL, '2016-05-30 22:51:34', '0000-00-00 00:00:00'),
(155, 12, 'patients', 'create', '', '9', NULL, '2016-05-30 23:05:51', '0000-00-00 00:00:00'),
(156, 12, 'patients', 'update', '', '9', NULL, '2016-05-30 23:05:51', '0000-00-00 00:00:00'),
(157, 12, 'appointments', 'create', '', '21', NULL, '2016-05-30 23:08:03', '0000-00-00 00:00:00'),
(158, 12, 'diagnosis', 'create', '', '12', NULL, '2016-05-30 23:28:02', '0000-00-00 00:00:00'),
(159, 12, 'labwork', 'create', '', '9', NULL, '2016-05-30 23:33:14', '0000-00-00 00:00:00'),
(160, 12, 'diagnosis', 'update', '', '12', NULL, '2016-05-30 23:36:58', '0000-00-00 00:00:00'),
(161, 12, 'appointments', 'create', '', '22', NULL, '2016-05-31 00:00:27', '0000-00-00 00:00:00'),
(162, 12, 'labwork', 'update', '', '9', NULL, '2016-05-31 00:04:00', '0000-00-00 00:00:00'),
(163, 12, 'labwork', 'update', '', '9', NULL, '2016-05-31 00:04:23', '0000-00-00 00:00:00'),
(164, 12, 'labwork', 'create', '', '10', NULL, '2016-05-31 00:08:07', '0000-00-00 00:00:00'),
(165, 12, 'labwork', 'update', '', '10', NULL, '2016-05-31 00:08:40', '0000-00-00 00:00:00'),
(166, 12, 'labwork', 'update', '', '10', NULL, '2016-05-31 00:08:47', '0000-00-00 00:00:00'),
(167, 12, 'prescriptions', 'create', '', '6', NULL, '2016-05-31 00:20:46', '0000-00-00 00:00:00'),
(168, 12, 'labwork', 'create', '', '11', NULL, '2016-05-31 00:37:08', '0000-00-00 00:00:00'),
(169, 12, 'labwork', 'update', '', '11', NULL, '2016-05-31 00:41:30', '0000-00-00 00:00:00'),
(170, 12, 'labwork', 'update', '', '11', NULL, '2016-05-31 00:41:38', '0000-00-00 00:00:00'),
(171, 12, 'patients', 'create', '', '10', NULL, '2016-05-31 00:43:30', '0000-00-00 00:00:00'),
(172, 12, 'patients', 'update', '', '10', NULL, '2016-05-31 00:43:30', '0000-00-00 00:00:00'),
(173, 12, 'appointments', 'create', '', '23', NULL, '2016-05-31 00:44:22', '0000-00-00 00:00:00'),
(174, 12, 'patients', 'create', '', '11', NULL, '2016-05-31 00:47:02', '0000-00-00 00:00:00'),
(175, 12, 'patients', 'update', '', '11', NULL, '2016-05-31 00:47:02', '0000-00-00 00:00:00'),
(176, 12, 'appointments', 'create', '', '24', NULL, '2016-05-31 00:49:03', '0000-00-00 00:00:00'),
(177, 12, 'diagnosis', 'update', '', '11', NULL, '2016-05-31 00:50:20', '0000-00-00 00:00:00'),
(178, 12, 'diagnosis', 'update', '', '11', NULL, '2016-05-31 00:50:35', '0000-00-00 00:00:00'),
(179, 12, 'diagnosis', 'update', '', '11', NULL, '2016-05-31 00:50:46', '0000-00-00 00:00:00'),
(180, 12, 'diagnosis', 'create', '', '13', NULL, '2016-05-31 00:51:00', '0000-00-00 00:00:00'),
(181, 12, 'appointments', 'delete', '', '23', NULL, '2016-05-31 01:13:13', '0000-00-00 00:00:00'),
(182, 12, 'appointments', 'create', '', '25', NULL, '2016-05-31 01:13:30', '0000-00-00 00:00:00'),
(183, 12, 'diagnosis', 'update', '', '11', NULL, '2016-05-31 18:17:04', '0000-00-00 00:00:00'),
(184, 12, 'patients', 'update', '', '11', NULL, '2016-05-31 18:32:27', '0000-00-00 00:00:00'),
(185, 34, 'patients', 'create', '', '12', NULL, '2016-06-05 00:06:56', '0000-00-00 00:00:00'),
(186, 34, 'patients', 'update', '', '12', NULL, '2016-06-05 00:06:56', '0000-00-00 00:00:00'),
(187, 34, 'appointments', 'create', '', '26', NULL, '2016-06-05 00:07:39', '0000-00-00 00:00:00'),
(188, 34, 'labwork', 'create', '', '12', NULL, '2016-06-05 00:10:59', '0000-00-00 00:00:00'),
(189, 34, 'diagnosis', 'create', '', '14', NULL, '2016-06-05 00:12:07', '0000-00-00 00:00:00'),
(190, 34, 'labwork', 'update', '', '12', NULL, '2016-06-05 00:13:43', '0000-00-00 00:00:00'),
(191, 34, 'labwork', 'update', '', '12', NULL, '2016-06-05 00:13:48', '0000-00-00 00:00:00'),
(192, 34, 'appointments', 'create', '', '27', NULL, '2016-06-05 00:16:43', '0000-00-00 00:00:00'),
(193, 34, 'diagnosis', 'create', '', '15', NULL, '2016-06-05 00:19:55', '0000-00-00 00:00:00'),
(194, 34, 'diagnosis', 'update', '', '15', NULL, '2016-06-05 00:20:15', '0000-00-00 00:00:00'),
(195, 34, 'patients', 'update', '', '9', NULL, '2016-06-05 00:21:22', '0000-00-00 00:00:00'),
(196, 12, 'labwork', 'create', '', '13', NULL, '2016-08-16 23:45:29', '0000-00-00 00:00:00'),
(197, 12, 'labwork', 'update', '', '13', NULL, '2016-08-16 23:45:43', '0000-00-00 00:00:00'),
(198, 12, 'patients', 'create', '', '13', NULL, '2016-08-21 23:41:53', '0000-00-00 00:00:00'),
(199, 12, 'patients', 'update', '', '13', NULL, '2016-08-21 23:41:53', '0000-00-00 00:00:00'),
(200, 12, 'appointments', 'create', '', '28', NULL, '2016-08-22 22:21:12', '0000-00-00 00:00:00'),
(201, 12, 'appointments', 'create', '', '29', NULL, '2016-08-22 22:21:37', '0000-00-00 00:00:00'),
(202, 12, 'appointments', 'create', '', '30', NULL, '2016-08-22 22:22:03', '0000-00-00 00:00:00'),
(203, 12, 'patients', 'update', '', '5', NULL, '2016-08-30 01:41:34', '0000-00-00 00:00:00'),
(204, 12, 'patients', 'update', '', '5', NULL, '2016-08-30 01:41:34', '0000-00-00 00:00:00'),
(205, 12, 'patients', 'update', '', '3', NULL, '2016-08-30 01:45:33', '0000-00-00 00:00:00'),
(206, 12, 'patients', 'update', '', '3', NULL, '2016-08-30 01:45:42', '0000-00-00 00:00:00'),
(207, 12, 'patients', 'update', '', '3', NULL, '2016-08-30 01:45:42', '0000-00-00 00:00:00'),
(208, 12, 'labwork', 'create', '', '14', NULL, '2016-09-15 01:12:57', '0000-00-00 00:00:00'),
(209, 12, 'labwork', 'update', '', '14', NULL, '2016-09-15 01:13:10', '0000-00-00 00:00:00'),
(210, 12, 'labwork', 'update', '', '14', NULL, '2016-09-15 01:13:15', '0000-00-00 00:00:00'),
(211, 12, 'labwork', 'update', '', '3', NULL, '2016-09-15 01:14:28', '0000-00-00 00:00:00'),
(212, 12, 'labwork', 'update', '', '3', NULL, '2016-09-15 01:14:32', '0000-00-00 00:00:00'),
(213, 12, 'patients', 'create', '', '14', NULL, '2016-09-20 21:50:03', '0000-00-00 00:00:00'),
(214, 12, 'patients', 'update', '', '14', NULL, '2016-09-20 21:50:03', '0000-00-00 00:00:00'),
(215, 12, 'diagnosis', 'create', '', '16', NULL, '2016-09-20 21:50:19', '0000-00-00 00:00:00'),
(216, 12, 'labwork', 'create', '', '60', NULL, '2016-09-21 23:51:42', '0000-00-00 00:00:00'),
(217, 12, 'labwork', 'update', '', '60', NULL, '2016-09-21 23:54:19', '0000-00-00 00:00:00'),
(218, 12, 'labwork', 'update', '', '60', NULL, '2016-09-21 23:54:28', '0000-00-00 00:00:00'),
(219, 12, 'prescriptions', 'create', '', '7', NULL, '2016-10-05 00:05:43', '0000-00-00 00:00:00'),
(220, 12, 'appointments', 'delete', '', '28', NULL, '2016-10-06 17:46:49', '0000-00-00 00:00:00'),
(221, 12, 'appointments', 'delete', '', '29', NULL, '2016-10-06 17:47:16', '0000-00-00 00:00:00'),
(222, 12, 'prescriptions', 'update', '', '7', NULL, '2016-10-06 21:46:40', '0000-00-00 00:00:00'),
(223, 12, 'prescriptions', 'update', '', '7', NULL, '2016-10-06 22:34:28', '0000-00-00 00:00:00'),
(224, 12, 'prescriptions', 'create', '', '1', NULL, '2016-10-07 00:36:59', '0000-00-00 00:00:00'),
(225, 12, 'prescriptions', 'update', '', '1', NULL, '2016-10-07 00:37:16', '0000-00-00 00:00:00'),
(226, 12, 'labwork', 'create', '', '61', NULL, '2016-10-14 01:23:12', '0000-00-00 00:00:00'),
(227, 12, 'labwork', 'update', '', '61', NULL, '2016-10-14 01:23:28', '0000-00-00 00:00:00'),
(228, 12, 'labwork', 'update', '', '61', NULL, '2016-10-14 01:23:31', '0000-00-00 00:00:00'),
(229, 12, 'patients', 'update', '', '7', NULL, '2016-10-26 01:22:14', '0000-00-00 00:00:00'),
(230, 12, 'patients', 'update', '', '7', NULL, '2016-10-26 01:23:36', '0000-00-00 00:00:00'),
(231, 12, 'patients', 'update', '', '7', NULL, '2016-12-06 23:21:19', '0000-00-00 00:00:00'),
(232, 12, 'patients', 'update', '', '10', NULL, '2016-12-06 23:22:41', '0000-00-00 00:00:00'),
(233, 12, 'patients', 'update', '', '10', NULL, '2016-12-06 23:22:41', '0000-00-00 00:00:00'),
(234, 12, 'patients', 'delete', '', '10', NULL, '2016-12-07 18:32:25', '0000-00-00 00:00:00'),
(235, 12, 'patients', 'delete', '', '12', NULL, '2016-12-07 18:32:30', '0000-00-00 00:00:00'),
(236, 12, 'patients', 'update', '', '2', NULL, '2016-12-07 18:36:20', '0000-00-00 00:00:00'),
(237, 12, 'diagnosis', 'create', '', '200002', NULL, '2016-12-07 18:44:13', '0000-00-00 00:00:00'),
(238, 12, 'diagnosis', 'create', '', '200003', NULL, '2016-12-07 18:51:10', '0000-00-00 00:00:00'),
(239, 12, 'diagnosis', 'update', '', '1', NULL, '2016-12-07 18:51:24', '0000-00-00 00:00:00'),
(240, 12, 'patients', 'update', '', '11', NULL, '2016-12-07 18:53:43', '0000-00-00 00:00:00'),
(241, 12, 'patients', 'update', '', '200000', NULL, '2016-12-07 18:55:42', '0000-00-00 00:00:00'),
(242, 12, 'patients', 'update', '', '9', NULL, '2016-12-07 18:58:33', '0000-00-00 00:00:00'),
(243, 12, 'patients', 'update', '', '13', NULL, '2016-12-07 19:00:20', '0000-00-00 00:00:00'),
(244, 12, 'patients', 'update', '', '14', NULL, '2016-12-07 19:01:44', '0000-00-00 00:00:00'),
(245, 12, 'diagnosis', 'update', '', '1', NULL, '2016-12-07 19:02:13', '0000-00-00 00:00:00'),
(246, 12, 'diagnosis', 'create', '', '200004', NULL, '2016-12-07 19:10:51', '0000-00-00 00:00:00'),
(247, 12, 'diagnosis', 'update', '', '200002', NULL, '2016-12-07 19:11:18', '0000-00-00 00:00:00'),
(248, 12, 'diagnosis', 'update', '', '1', NULL, '2016-12-07 19:11:27', '0000-00-00 00:00:00'),
(249, 12, 'diagnosis', 'update', '', '200004', NULL, '2016-12-07 19:12:52', '0000-00-00 00:00:00'),
(250, 12, 'diagnosis', 'update', '', '200003', NULL, '2016-12-07 19:13:15', '0000-00-00 00:00:00'),
(251, 12, 'diagnosis', 'update', '', '1', NULL, '2016-12-07 19:13:44', '0000-00-00 00:00:00'),
(252, 12, 'diagnosis', 'update', '', '200002', NULL, '2016-12-07 19:14:10', '0000-00-00 00:00:00'),
(253, 12, 'diagnosis', 'update', '', '200004', NULL, '2016-12-07 19:14:21', '0000-00-00 00:00:00'),
(254, 12, 'diagnosis', 'update', '', '200004', NULL, '2016-12-07 19:14:54', '0000-00-00 00:00:00'),
(255, 12, 'prescriptions', 'create', '', '2', NULL, '2016-12-07 19:22:28', '0000-00-00 00:00:00'),
(256, 12, 'prescriptions', 'update', '', '2', NULL, '2016-12-07 19:24:47', '0000-00-00 00:00:00'),
(257, 12, 'prescriptions', 'create', '', '3', NULL, '2016-12-07 19:27:22', '0000-00-00 00:00:00'),
(258, 12, 'prescriptions', 'update', '', '3', NULL, '2016-12-07 19:27:38', '0000-00-00 00:00:00'),
(259, 12, 'prescriptions', 'create', '', '4', NULL, '2016-12-07 19:32:27', '0000-00-00 00:00:00'),
(260, 12, 'prescriptions', 'create', '', '5', NULL, '2016-12-07 19:33:38', '0000-00-00 00:00:00'),
(261, 12, 'prescriptions', 'update', '', '2', NULL, '2016-12-07 19:33:50', '0000-00-00 00:00:00'),
(262, 12, 'prescriptions', 'update', '', '4', NULL, '2016-12-07 19:39:44', '0000-00-00 00:00:00'),
(263, 12, 'prescriptions', 'create', '', '6', NULL, '2016-12-07 19:42:16', '0000-00-00 00:00:00'),
(264, 12, 'prescriptions', 'update', '', '5', NULL, '2016-12-07 19:42:29', '0000-00-00 00:00:00'),
(265, 12, 'prescriptions', 'update', '', '2', NULL, '2016-12-07 19:42:36', '0000-00-00 00:00:00'),
(266, 12, 'prescriptions', 'update', '', '3', NULL, '2016-12-07 19:42:40', '0000-00-00 00:00:00'),
(267, 12, 'prescriptions', 'update', '', '4', NULL, '2016-12-07 19:42:44', '0000-00-00 00:00:00'),
(268, 12, 'diagnosis', 'update', '', '200003', NULL, '2016-12-07 19:42:52', '0000-00-00 00:00:00'),
(269, 12, 'diagnosis', 'update', '', '200004', NULL, '2016-12-07 19:42:58', '0000-00-00 00:00:00'),
(270, 12, 'diagnosis', 'update', '', '200002', NULL, '2016-12-07 19:43:08', '0000-00-00 00:00:00'),
(271, 12, 'prescriptions', 'update', '', '6', NULL, '2016-12-07 19:43:53', '0000-00-00 00:00:00'),
(272, 12, 'diagnosis', 'create', '', '200005', NULL, '2016-12-07 19:46:20', '0000-00-00 00:00:00'),
(273, 12, 'diagnosis', 'update', '', '200005', NULL, '2016-12-07 19:46:28', '0000-00-00 00:00:00'),
(274, 12, 'prescriptions', 'update', '', '4', NULL, '2016-12-07 19:51:03', '0000-00-00 00:00:00'),
(275, 12, 'diagnosis', 'update', '', '200002', NULL, '2016-12-07 19:53:53', '0000-00-00 00:00:00'),
(276, 12, 'patients', 'update', '', '4', NULL, '2016-12-07 19:55:23', '0000-00-00 00:00:00'),
(277, 12, 'prescriptions', 'update', '', '5', NULL, '2016-12-07 19:57:28', '0000-00-00 00:00:00'),
(278, 12, 'prescriptions', 'update', '', '5', NULL, '2016-12-07 19:58:19', '0000-00-00 00:00:00'),
(279, 12, 'prescriptions', 'update', '', '5', NULL, '2016-12-07 19:58:54', '0000-00-00 00:00:00'),
(280, 12, 'prescriptions', 'create', '', '7', NULL, '2016-12-07 20:00:08', '0000-00-00 00:00:00'),
(281, 12, 'prescriptions', 'update', '', '7', NULL, '2016-12-07 20:01:26', '0000-00-00 00:00:00'),
(282, 12, 'appointments', 'update', '', '83', NULL, '2016-12-07 20:06:12', '0000-00-00 00:00:00'),
(283, 12, 'appointments', 'update', '', '96', NULL, '2016-12-07 20:06:17', '0000-00-00 00:00:00'),
(284, 12, 'appointments', 'update', '', '87', NULL, '2016-12-07 20:06:22', '0000-00-00 00:00:00'),
(285, 12, 'appointments', 'update', '', '98', NULL, '2016-12-07 20:06:27', '0000-00-00 00:00:00'),
(286, 12, 'appointments', 'update', '', '9', NULL, '2016-12-07 20:06:48', '0000-00-00 00:00:00'),
(287, 12, 'labwork', 'create', '', '62', NULL, '2016-12-07 21:52:26', '0000-00-00 00:00:00'),
(288, 12, 'labwork', 'update', '', '62', NULL, '2016-12-07 21:54:28', '0000-00-00 00:00:00'),
(289, 12, 'labwork', 'update', '', '62', NULL, '2016-12-07 21:54:39', '0000-00-00 00:00:00'),
(290, 12, 'patients', 'update', '', '2', NULL, '2016-12-08 01:15:28', '0000-00-00 00:00:00'),
(291, 12, 'patients', 'update', '', '2', NULL, '2016-12-08 01:15:28', '0000-00-00 00:00:00'),
(292, 12, 'appointments', 'create', '', '200003', NULL, '2016-12-09 00:33:49', '0000-00-00 00:00:00'),
(293, 12, 'appointments', 'create', '', '200004', NULL, '2016-12-09 00:37:18', '0000-00-00 00:00:00'),
(294, 12, 'appointments', 'create', '', '200005', NULL, '2016-12-09 08:42:19', '0000-00-00 00:00:00'),
(295, 12, 'appointments', 'create', '', '200006', NULL, '2016-12-09 08:43:03', '0000-00-00 00:00:00'),
(296, 12, 'appointments', 'create', '', '200007', NULL, '2016-12-09 09:09:43', '0000-00-00 00:00:00'),
(297, 12, 'appointments', 'create', '', '200008', NULL, '2016-12-09 09:46:03', '0000-00-00 00:00:00'),
(298, 12, 'appointments', 'create', '', '200009', NULL, '2016-12-09 09:47:39', '0000-00-00 00:00:00'),
(299, 12, 'appointments', 'create', '', '200010', NULL, '2016-12-09 09:48:04', '0000-00-00 00:00:00'),
(300, 12, 'appointments', 'create', '', '200011', NULL, '2016-12-09 09:48:24', '0000-00-00 00:00:00'),
(301, 12, 'appointments', 'create', '', '200012', NULL, '2016-12-12 01:28:08', '0000-00-00 00:00:00'),
(302, 12, 'appointments', 'create', '', '200013', NULL, '2016-12-12 01:29:44', '0000-00-00 00:00:00'),
(303, 12, 'appointments', 'create', '', '200014', NULL, '2016-12-12 01:30:06', '0000-00-00 00:00:00'),
(304, 12, 'appointments', 'create', '', '1100001', NULL, '2016-12-12 06:41:46', '0000-00-00 00:00:00'),
(305, 12, 'patients', 'create', '', '200001', NULL, '2016-12-12 07:14:14', '0000-00-00 00:00:00'),
(306, 12, 'patients', 'update', '', '200001', NULL, '2016-12-12 07:14:14', '0000-00-00 00:00:00'),
(307, 12, 'patients', 'update', '', '200001', NULL, '2016-12-12 07:20:33', '0000-00-00 00:00:00'),
(308, 12, 'patients', 'update', '', '200001', NULL, '2016-12-12 07:20:33', '0000-00-00 00:00:00'),
(309, 12, 'patients', 'update', '', '5', NULL, '2016-12-12 07:30:08', '0000-00-00 00:00:00'),
(310, 12, 'patients', 'update', '', '5', NULL, '2016-12-12 07:30:08', '0000-00-00 00:00:00'),
(311, 12, 'patients', 'update', '', '14', NULL, '2016-12-20 10:18:52', '0000-00-00 00:00:00'),
(312, 12, 'patients', 'update', '', '14', NULL, '2016-12-20 10:19:21', '0000-00-00 00:00:00'),
(313, 12, 'patients', 'update', '', '14', NULL, '2016-12-20 10:19:21', '0000-00-00 00:00:00'),
(314, 28, 'prescriptions', 'update', '', '3100000', NULL, '2016-12-21 04:58:18', '0000-00-00 00:00:00'),
(315, 28, 'prescriptions', 'delete', '', '3100000', NULL, '2016-12-21 05:03:19', '0000-00-00 00:00:00'),
(316, 28, 'prescriptions', 'delete', '', '3100001', NULL, '2016-12-21 05:04:31', '0000-00-00 00:00:00'),
(317, 12, 'prescriptions', 'delete', '', '3100004', NULL, '2016-12-27 08:45:52', '0000-00-00 00:00:00'),
(318, 12, 'prescriptions', 'delete', '', '3100005', NULL, '2016-12-27 08:45:56', '0000-00-00 00:00:00'),
(319, 12, 'prescriptions', 'delete', '', '3100006', NULL, '2016-12-27 08:46:00', '0000-00-00 00:00:00'),
(320, 12, 'prescriptions', 'delete', '', '3100007', NULL, '2016-12-27 08:46:03', '0000-00-00 00:00:00'),
(321, 12, 'prescriptions', 'delete', '', '3100008', NULL, '2016-12-27 08:46:06', '0000-00-00 00:00:00'),
(322, 12, 'prescriptions', 'delete', '', '3100009', NULL, '2016-12-27 08:46:09', '0000-00-00 00:00:00'),
(323, 12, 'prescriptions', 'create', '', '3100012', NULL, '2016-12-27 09:09:52', '0000-00-00 00:00:00'),
(324, 12, 'prescriptions', 'update', '', '3100012', NULL, '2016-12-27 09:11:16', '0000-00-00 00:00:00'),
(325, 12, 'prescriptions', 'update', '', '3100012', NULL, '2016-12-27 09:16:35', '0000-00-00 00:00:00'),
(326, 12, 'prescriptions', 'delete', '', '3100010', NULL, '2016-12-27 09:17:47', '0000-00-00 00:00:00'),
(327, 12, 'prescriptions', 'delete', '', '3100011', NULL, '2016-12-27 09:17:52', '0000-00-00 00:00:00'),
(328, 12, 'patients', 'create', '', '5300001', NULL, '2017-01-09 06:08:12', '0000-00-00 00:00:00'),
(329, 12, 'patients', 'update', '', '5300001', NULL, '2017-01-09 06:08:12', '0000-00-00 00:00:00'),
(330, 12, 'patients', 'update', '', '5300001', NULL, '2017-01-09 06:08:12', '0000-00-00 00:00:00'),
(331, 12, 'patients', 'update', '', '5300001', NULL, '2017-01-09 06:08:41', '0000-00-00 00:00:00'),
(332, 12, 'patients', 'update', '', '5300001', NULL, '2017-01-09 06:09:20', '0000-00-00 00:00:00'),
(333, 12, 'patients', 'create', '', '5300002', NULL, '2017-01-09 00:41:39', '0000-00-00 00:00:00'),
(334, 12, 'patients', 'update', '', '5300002', NULL, '2017-01-09 00:41:39', '0000-00-00 00:00:00'),
(335, 12, 'patients', 'update', '', '5300002', NULL, '2017-01-09 00:41:40', '0000-00-00 00:00:00'),
(336, 12, 'patients', 'update', '', '5300001', NULL, '2017-01-09 08:43:16', '0000-00-00 00:00:00'),
(337, 12, 'patients', 'create', '', '5300003', NULL, '2017-01-09 09:19:09', '0000-00-00 00:00:00'),
(338, 12, 'patients', 'update', '', '5300003', NULL, '2017-01-09 09:19:10', '0000-00-00 00:00:00'),
(339, 12, 'patients', 'update', '', '5300003', NULL, '2017-01-09 09:19:11', '0000-00-00 00:00:00'),
(340, 12, 'patients', 'update', '', '5300003', NULL, '2017-01-09 09:19:45', '0000-00-00 00:00:00'),
(341, 12, 'patients', 'update', '', '5', NULL, '2017-01-09 09:30:13', '0000-00-00 00:00:00'),
(342, 12, 'patients', 'update', '', '5', NULL, '2017-01-09 09:30:13', '0000-00-00 00:00:00'),
(343, 12, 'patients', 'update', '', '9', NULL, '2017-01-09 09:42:23', '0000-00-00 00:00:00'),
(344, 12, 'patients', 'update', '', '9', NULL, '2017-01-09 09:42:24', '0000-00-00 00:00:00'),
(345, 12, 'patients', 'update', '', '7', NULL, '2017-01-09 09:49:16', '0000-00-00 00:00:00'),
(346, 12, 'patients', 'update', '', '7', NULL, '2017-01-09 09:49:17', '0000-00-00 00:00:00'),
(347, 12, 'patients', 'update', '', '200001', NULL, '2017-01-09 09:57:01', '0000-00-00 00:00:00'),
(348, 12, 'patients', 'update', '', '200001', NULL, '2017-01-09 09:57:01', '0000-00-00 00:00:00'),
(349, 12, 'patients', 'update', '', '3', NULL, '2017-01-09 10:10:48', '0000-00-00 00:00:00'),
(350, 12, 'patients', 'update', '', '3', NULL, '2017-01-09 10:10:49', '0000-00-00 00:00:00'),
(351, 12, 'patients', 'update', '', '11', NULL, '2017-01-09 10:14:41', '0000-00-00 00:00:00'),
(352, 12, 'patients', 'update', '', '11', NULL, '2017-01-09 10:14:41', '0000-00-00 00:00:00'),
(353, 12, 'patients', 'update', '', '11', NULL, '2017-01-09 10:24:30', '0000-00-00 00:00:00'),
(354, 12, 'patients', 'update', '', '4300000', NULL, '2017-01-09 08:32:29', '0000-00-00 00:00:00'),
(355, 12, 'patients', 'update', '', '4300000', NULL, '2017-01-09 08:32:31', '0000-00-00 00:00:00'),
(356, 12, 'patients', 'update', '', '5300000', NULL, '2017-01-09 08:39:55', '0000-00-00 00:00:00'),
(357, 12, 'patients', 'update', '', '5300000', NULL, '2017-01-09 08:39:57', '0000-00-00 00:00:00'),
(358, 12, 'patients', 'update', '', '14', NULL, '2017-01-10 01:33:50', '0000-00-00 00:00:00'),
(359, 12, 'patients', 'update', '', '14', NULL, '2017-01-10 01:33:52', '0000-00-00 00:00:00'),
(360, 12, 'patients', 'update', '', '5300000', NULL, '2017-01-10 01:43:02', '0000-00-00 00:00:00'),
(361, 12, 'patients', 'update', '', '5300000', NULL, '2017-01-10 01:43:03', '0000-00-00 00:00:00'),
(362, 12, 'patients', 'update', '', '13', NULL, '2017-01-10 01:50:09', '0000-00-00 00:00:00'),
(363, 12, 'patients', 'update', '', '13', NULL, '2017-01-10 01:50:09', '0000-00-00 00:00:00'),
(364, 12, 'patients', 'update', '', '13', NULL, '2017-01-10 01:50:33', '0000-00-00 00:00:00'),
(365, 12, 'patients', 'update', '', '2', NULL, '2017-01-10 01:56:39', '0000-00-00 00:00:00'),
(366, 12, 'patients', 'update', '', '2', NULL, '2017-01-10 01:56:40', '0000-00-00 00:00:00'),
(367, 12, 'patients', 'update', '', '4', NULL, '2017-01-10 01:57:42', '0000-00-00 00:00:00'),
(368, 12, 'patients', 'update', '', '4', NULL, '2017-01-10 01:57:43', '0000-00-00 00:00:00'),
(369, 12, 'patients', 'update', '', '5300003', NULL, '2017-01-10 03:04:01', '0000-00-00 00:00:00'),
(370, 12, 'patients', 'update', '', '200001', NULL, '2017-01-10 03:13:54', '0000-00-00 00:00:00'),
(371, 12, 'patients', 'update', '', '5', NULL, '2017-01-13 06:20:11', '0000-00-00 00:00:00'),
(372, 12, 'patients', 'update', '', '5', NULL, '2017-01-13 06:20:12', '0000-00-00 00:00:00');

-- --------------------------------------------------------

--
-- Table structure for table `tokens`
--

CREATE TABLE `tokens` (
  `id` int(11) NOT NULL,
  `api_token` varchar(60) NOT NULL,
  `created_at` timestamp NOT NULL DEFAULT CURRENT_TIMESTAMP,
  `updated_at` timestamp NOT NULL DEFAULT CURRENT_TIMESTAMP,
  `deleted_at` datetime DEFAULT NULL
) ENGINE=InnoDB DEFAULT CHARSET=utf8;

--
-- Dumping data for table `tokens`
--

INSERT INTO `tokens` (`id`, `api_token`, `created_at`, `updated_at`, `deleted_at`) VALUES
(1, 'RchwRDA6potmChgFDhF78CDT2HIvmMwDYMO2UWtcFvjRHtNlH072VLoMtu5N', '2017-01-03 06:40:41', '2017-01-03 06:40:41', NULL);

-- --------------------------------------------------------

--
-- Table structure for table `userAccessLevel`
--

CREATE TABLE `userAccessLevel` (
  `id` tinyint(4) NOT NULL,
  `value` varchar(10) COLLATE utf8_unicode_ci NOT NULL
) ENGINE=InnoDB DEFAULT CHARSET=utf8 COLLATE=utf8_unicode_ci;

-- --------------------------------------------------------

--
-- Table structure for table `users`
--

CREATE TABLE `users` (
  `id` int(10) UNSIGNED NOT NULL,
  `groupID` int(11) DEFAULT NULL,
  `userAccessLevelID` tinyint(4) DEFAULT NULL,
  `username` varchar(255) COLLATE utf8_unicode_ci DEFAULT NULL,
  `password` varchar(60) COLLATE utf8_unicode_ci DEFAULT NULL,
  `email` varchar(30) COLLATE utf8_unicode_ci DEFAULT NULL,
  `userType` enum('patient','staff','nurse','doctor','pathologist','medtech') COLLATE utf8_unicode_ci DEFAULT NULL,
  `failedLogin` tinyint(4) DEFAULT NULL,
  `hashCode` varchar(60) COLLATE utf8_unicode_ci DEFAULT NULL,
  `peerID` varchar(32) COLLATE utf8_unicode_ci DEFAULT NULL,
  `emailVerified` tinyint(4) DEFAULT NULL,
  `accountVerified` tinyint(4) DEFAULT NULL,
  `active` tinyint(4) DEFAULT '0',
  `pending` int(1) DEFAULT '0',
  `online` tinyint(4) DEFAULT '0',
  `sessionID` varchar(30) COLLATE utf8_unicode_ci NOT NULL,
  `remember_token` varchar(100) COLLATE utf8_unicode_ci DEFAULT NULL,
  `deleted_at` timestamp NULL DEFAULT NULL,
  `created_at` timestamp NOT NULL DEFAULT CURRENT_TIMESTAMP,
  `updated_at` timestamp NOT NULL DEFAULT CURRENT_TIMESTAMP
) ENGINE=InnoDB DEFAULT CHARSET=utf8 COLLATE=utf8_unicode_ci;

--
-- Dumping data for table `users`
--

INSERT INTO `users` (`id`, `groupID`, `userAccessLevelID`, `username`, `password`, `email`, `userType`, `failedLogin`, `hashCode`, `peerID`, `emailVerified`, `accountVerified`, `active`, `pending`, `online`, `sessionID`, `remember_token`, `deleted_at`, `created_at`, `updated_at`) VALUES
(12, 1, 5, 'atadmin', '$2y$10$d0GwE8xelZZM41OYulifUuy4ZjbmEbCmhf/71HK5hj2OpJza6MqUO', 'atadmin@ascendant.com.ph', '', 0, '', NULL, 1, 1, 1, 0, 0, '', 'yQZxF16a9vYOFy5wEwQBl42V9PKlo6emWMrN6htDIaqnY1HOjpVfME6AkDeb', NULL, '0000-00-00 00:00:00', '2017-06-15 03:40:50'),
(23, 1, 1, 'nurse1', '$2y$10$DR72A9C50iBDS3jiYI5TX.az9f1zGvZdheVUUmNbxPZjwUQR2zKka', NULL, 'nurse', NULL, NULL, NULL, NULL, NULL, 1, 0, 0, '', 'fMEKMbovadzvjYAdhE4YXLPcICrFEgvsFuIJg5ytQWLYdTP0W3uw79SAVzYh', NULL, '2016-03-20 23:48:03', '2017-01-10 01:23:30'),
(24, 1, 1, 'nurse2', '$2y$10$t7zeeJmaFoRFFRn9.5zm8OJ2JGsdqZjkxeVXN.3jUNBOQdTY/ZaA6', NULL, 'nurse', NULL, NULL, NULL, NULL, NULL, 1, 0, 0, '', 'rHALsb2K5c5IvdNv2fcLiPncHUR4xXp0mOy2A5dlTvfb3anoGFNsEPvgrg0d', NULL, '2016-03-20 23:48:27', '2017-01-10 01:23:30'),
(25, 1, 3, 'medtech', '$2y$10$d0GwE8xelZZM41OYulifUuy4ZjbmEbCmhf/71HK5hj2OpJza6MqUO', NULL, 'medtech', NULL, NULL, NULL, NULL, NULL, 1, 0, 0, '', 'Ldy8kdiGXOdOfXNpZtzWbM750ZcLYMfXmrX2gtAn4Fkn74W4peVB2T6sdGpP', NULL, '2016-03-20 23:48:54', '2017-06-15 08:02:45'),
(26, 1, 3, 'BTG', '$2y$10$5ij9.sMZ2.qctQJm2qv5oe1nRVyfHssSQES.AY9Vbk0H9qHXgrdgi', NULL, 'doctor', NULL, '$2y$10$vZ/RQ3jVu1sYNdzrp2sVReSJP0r7CJ2MbEyZARqzSJVq1VAu8uDU6', NULL, NULL, NULL, 1, 0, 0, '', 'C71aR2fDEtSgstcy534sWWRfkuzHWDxJOjv4LX5BTj9h2fVJJRxsi98C8FbB', NULL, '2016-03-22 21:14:20', '2017-01-10 01:23:30'),
(27, 1, 1, 'GVY', '$2y$10$QgYqMbqchamKV6znqFGtKunFlVM0hVfqz345Fm.j4w3v676UfQVJ6', NULL, 'nurse', NULL, NULL, NULL, NULL, NULL, 1, 0, 0, '', 'YLnZHZHzicz5qDFlcwIdUMe8Ng4dS7otGHy25kztkD0hU4hCDK3C3BXoWWpQ', NULL, '2016-03-28 01:37:58', '2017-01-10 01:23:30'),
(28, 1, 3, 'RAJ', '$2y$10$4pxCusIU4QcqphAplJIejeZsxi3HFFARznXhvvy6g/0aqUryMNibG', 'dbenas@ascendant.com.ph', 'doctor', NULL, NULL, NULL, 1, NULL, 1, 0, 1, '', 'zWX7MuG0tXijCkZpwfTnDxa6ynm8bj11sbPPPgqX7nOQkuqjaPWW6hOnYXuy', NULL, '2016-03-28 16:48:20', '2017-01-10 01:23:30'),
(29, 1, 3, 'VDD', '$2y$10$532B2q/DhLnCD6qTpPkroeislgjMdVf3rPd2GawYuUwU5yLlOruye', NULL, 'doctor', NULL, NULL, NULL, 1, NULL, 1, 0, 1, '12P9lJZvSvUJW0ETCPxH', 'sRAFWnTYB5Wp5CHRrpz2WTRF7x6isBQ6rpP0Avdhi2ldGucn6atCv0NltZ4o', NULL, '2016-03-28 16:49:17', '2017-01-10 01:23:30'),
(30, 1, 5, 'zeus', '$2y$10$T6/Q/3BfZd8EAk7flU.Z2OPIkNsVWwQARo.G/bw5eihvT55QiY5YO', NULL, '', NULL, NULL, NULL, NULL, NULL, 1, 0, 1, '', 'pn4rshYXJG8KVaHVdjSEbMuNRis7B5prhS0kRS6LCeSaymok2GuvYCa1hOPU', NULL, '2016-04-03 22:46:14', '2017-01-10 01:23:30'),
(31, 1, 2, 'grace', '$2y$10$N4qwtmwsKffYZLMu.m61lOgh2SREF6qaCU3zOO1szPWIytXRJBOVu', NULL, 'patient', NULL, NULL, NULL, NULL, NULL, 1, 0, 1, '', '8KNoQVTn9nquYQNeRRqWShVyDD7lc79wFCvkZNJbCmYm7qdeMP76ojCHgCRL', NULL, '2016-04-03 22:52:40', '2017-01-10 01:23:30'),
(32, 1, 2, 'don', '$2y$10$jyxnU3sLTjWKQzNdwWbPsuf5u8XfKX63jMGZyasiTUAYWDE5O2fDu', NULL, 'patient', NULL, NULL, NULL, NULL, NULL, 1, 0, 0, 'oqQvpP6AHkC3fvW9CPxq', 'gfuILtmzRMtxB8chKxCKEJapNFjn1zZsIBgZv44n1YMH9FUOseSVvoxfvikq', NULL, '2016-05-03 00:17:15', '2017-01-13 06:28:37'),
(33, 1, 3, 'LLdoc', '$2y$10$3dDuCFDSTE7B14VD3pw40OsI91N3f3nz1Ld3rtBsrqP.XElMzog0i', NULL, 'doctor', NULL, NULL, NULL, NULL, NULL, 1, 0, 0, '', NULL, NULL, '2016-05-31 17:48:50', '2017-01-10 01:23:30'),
(34, 1, 1, 'LLnurse', '$2y$10$tNjjROqo5NztfiU4MmEzBuvgWYHlCldGsigGkeS3kJAxCVehMkt6W', NULL, 'nurse', NULL, NULL, NULL, NULL, NULL, 1, 0, 0, '', 'OmsHiRrv8NjapFEhz0RaNkZ4kwLv1eanW317nhv6IIQI4NdYl1Mgl1N0NSCX', NULL, '2016-05-31 17:50:37', '2017-01-10 01:23:30'),
(35, 1, 1, 'qwerty', '$2y$10$rQn2DG1lskw/7gTrck.wZuLiSaU/44mLXKxxg8Il9I6lcCXZzAsDW', NULL, 'doctor', NULL, NULL, NULL, NULL, NULL, 1, 0, 0, 'Y4bhDKWmVt3zWqC2Bfxx', 'Qb9g8YNh4aS3PsAeyyxkJGSB2gGct1zBWL9w0LXikpLslD9mS9BrKR7iicWr', NULL, '2016-09-01 18:44:20', '2017-01-10 01:23:30'),
(36, 1, 4, 'admin', '$2y$10$oSQt0/x9mkQHGuQt2oZc6.H3Muq387hIe9nTdHXJCdgxiRxgFQ2PS', NULL, '', NULL, NULL, NULL, NULL, NULL, 1, 0, 1, '', NULL, NULL, '2016-09-19 18:09:39', '2017-01-10 01:23:30'),
(37, 1, 5, 'pathologist', '$2y$10$d0GwE8xelZZM41OYulifUuy4ZjbmEbCmhf/71HK5hj2OpJza6MqUO', '', 'pathologist', 0, '', NULL, 1, 1, 1, 0, 1, '', 'zZVOQYEVDrh9Ol9eeN7k2DlAuaOcFo1wDsX61ePFYIm8k2s4LNRkdgYsXwuG', NULL, '0000-00-00 00:00:00', '2017-06-14 08:56:30'),
(38, 1, 3, 'angel', '$2y$10$532B2q/DhLnCD6qTpPkroeislgjMdVf3rPd2GawYuUwU5yLlOruye', NULL, 'doctor', NULL, NULL, NULL, 1, NULL, 1, 0, 1, '12P9lJZvSvUJW0ETCPxH', 'sRAFWnTYB5Wp5CHRrpz2WTRF7x6isBQ6rpP0Avdhi2ldGucn6atCv0NltZ4o', NULL, '2016-03-28 16:49:17', '2017-01-10 01:23:30');

-- --------------------------------------------------------

--
-- Table structure for table `vaccineRecords`
--

CREATE TABLE `vaccineRecords` (
  `id` int(10) UNSIGNED NOT NULL,
  `vaccineID` int(11) DEFAULT NULL,
  `dateTaken` date DEFAULT NULL,
  `reaction` text COLLATE utf8_unicode_ci,
  `deleted_at` timestamp NULL DEFAULT NULL,
  `created_at` timestamp NOT NULL DEFAULT '0000-00-00 00:00:00',
  `updated_at` timestamp NOT NULL DEFAULT '0000-00-00 00:00:00'
) ENGINE=InnoDB DEFAULT CHARSET=utf8 COLLATE=utf8_unicode_ci;

-- --------------------------------------------------------

--
-- Table structure for table `vaccines`
--

CREATE TABLE `vaccines` (
  `id` int(10) UNSIGNED NOT NULL,
  `medicineID` int(11) DEFAULT NULL,
  `patientID` int(11) DEFAULT NULL,
  `doctorID` int(11) DEFAULT NULL,
  `notes` text COLLATE utf8_unicode_ci,
  `deleted_at` timestamp NULL DEFAULT NULL,
  `created_at` timestamp NOT NULL DEFAULT '0000-00-00 00:00:00',
  `updated_at` timestamp NOT NULL DEFAULT '0000-00-00 00:00:00'
) ENGINE=InnoDB DEFAULT CHARSET=utf8 COLLATE=utf8_unicode_ci;

--
-- Indexes for dumped tables
--

--
-- Indexes for table `admitting`
--
ALTER TABLE `admitting`
  ADD PRIMARY KEY (`id`);

--
-- Indexes for table `appointments`
--
ALTER TABLE `appointments`
  ADD PRIMARY KEY (`id`);

--
-- Indexes for table `bmiRecords`
--
ALTER TABLE `bmiRecords`
  ADD PRIMARY KEY (`id`);

--
-- Indexes for table `cache`
--
ALTER TABLE `cache`
  ADD UNIQUE KEY `cache_key_unique` (`key`);

--
-- Indexes for table `chat`
--
ALTER TABLE `chat`
  ADD PRIMARY KEY (`id`);

--
-- Indexes for table `cptCategories`
--
ALTER TABLE `cptCategories`
  ADD PRIMARY KEY (`id`);

--
-- Indexes for table `cpts`
--
ALTER TABLE `cpts`
  ADD PRIMARY KEY (`id`);

--
-- Indexes for table `diagnosis`
--
ALTER TABLE `diagnosis`
  ADD PRIMARY KEY (`id`);

--
-- Indexes for table `diagnosisIcds`
--
ALTER TABLE `diagnosisIcds`
  ADD PRIMARY KEY (`id`);

--
-- Indexes for table `discharging`
--
ALTER TABLE `discharging`
  ADD PRIMARY KEY (`id`);

--
-- Indexes for table `doctors`
--
ALTER TABLE `doctors`
  ADD PRIMARY KEY (`id`);

--
-- Indexes for table `followup`
--
ALTER TABLE `followup`
  ADD PRIMARY KEY (`id`);

--
-- Indexes for table `followupIcds`
--
ALTER TABLE `followupIcds`
  ADD PRIMARY KEY (`id`);

--
-- Indexes for table `genericMedicine`
--
ALTER TABLE `genericMedicine`
  ADD PRIMARY KEY (`id`);

--
-- Indexes for table `groupMembers`
--
ALTER TABLE `groupMembers`
  ADD PRIMARY KEY (`id`);

--
-- Indexes for table `groups`
--
ALTER TABLE `groups`
  ADD PRIMARY KEY (`id`);

--
-- Indexes for table `hospitalAffiliatedFacility`
--
ALTER TABLE `hospitalAffiliatedFacility`
  ADD PRIMARY KEY (`id`);

--
-- Indexes for table `hospitals`
--
ALTER TABLE `hospitals`
  ADD PRIMARY KEY (`id`);

--
-- Indexes for table `icdCategories`
--
ALTER TABLE `icdCategories`
  ADD PRIMARY KEY (`id`);

--
-- Indexes for table `icds`
--
ALTER TABLE `icds`
  ADD PRIMARY KEY (`id`);

--
-- Indexes for table `labItem`
--
ALTER TABLE `labItem`
  ADD PRIMARY KEY (`id`);

--
-- Indexes for table `labItemClass`
--
ALTER TABLE `labItemClass`
  ADD PRIMARY KEY (`id`);

--
-- Indexes for table `labwork`
--
ALTER TABLE `labwork`
  ADD PRIMARY KEY (`id`);

--
-- Indexes for table `medicineDosages`
--
ALTER TABLE `medicineDosages`
  ADD PRIMARY KEY (`id`);

--
-- Indexes for table `medicines`
--
ALTER TABLE `medicines`
  ADD PRIMARY KEY (`id`);

--
-- Indexes for table `mobile`
--
ALTER TABLE `mobile`
  ADD PRIMARY KEY (`id`);

--
-- Indexes for table `nurses`
--
ALTER TABLE `nurses`
  ADD PRIMARY KEY (`id`);

--
-- Indexes for table `password_resets`
--
ALTER TABLE `password_resets`
  ADD KEY `password_resets_email_index` (`email`),
  ADD KEY `password_resets_token_index` (`token`);

--
-- Indexes for table `patientImages`
--
ALTER TABLE `patientImages`
  ADD PRIMARY KEY (`id`);

--
-- Indexes for table `patients`
--
ALTER TABLE `patients`
  ADD PRIMARY KEY (`id`);

--
-- Indexes for table `peCategories`
--
ALTER TABLE `peCategories`
  ADD PRIMARY KEY (`id`);

--
-- Indexes for table `peTemplates`
--
ALTER TABLE `peTemplates`
  ADD PRIMARY KEY (`id`);

--
-- Indexes for table `postDiagnosis`
--
ALTER TABLE `postDiagnosis`
  ADD PRIMARY KEY (`id`);

--
-- Indexes for table `prescriptions`
--
ALTER TABLE `prescriptions`
  ADD PRIMARY KEY (`id`);

--
-- Indexes for table `procedureCategories`
--
ALTER TABLE `procedureCategories`
  ADD PRIMARY KEY (`id`);

--
-- Indexes for table `procedureCpts`
--
ALTER TABLE `procedureCpts`
  ADD PRIMARY KEY (`id`);

--
-- Indexes for table `procedureDoctors`
--
ALTER TABLE `procedureDoctors`
  ADD PRIMARY KEY (`id`);

--
-- Indexes for table `procedures`
--
ALTER TABLE `procedures`
  ADD PRIMARY KEY (`id`);

--
-- Indexes for table `procedureTemplates`
--
ALTER TABLE `procedureTemplates`
  ADD PRIMARY KEY (`id`);

--
-- Indexes for table `referrals`
--
ALTER TABLE `referrals`
  ADD PRIMARY KEY (`id`),
  ADD UNIQUE KEY `api_token` (`api_token`);

--
-- Indexes for table `staff`
--
ALTER TABLE `staff`
  ADD PRIMARY KEY (`id`);

--
-- Indexes for table `tableLogger`
--
ALTER TABLE `tableLogger`
  ADD PRIMARY KEY (`id`);

--
-- Indexes for table `tokens`
--
ALTER TABLE `tokens`
  ADD PRIMARY KEY (`id`),
  ADD UNIQUE KEY `api_token` (`api_token`);

--
-- Indexes for table `userAccessLevel`
--
ALTER TABLE `userAccessLevel`
  ADD UNIQUE KEY `useraccesslevel_value_unique` (`value`);

--
-- Indexes for table `users`
--
ALTER TABLE `users`
  ADD PRIMARY KEY (`id`),
  ADD UNIQUE KEY `users_username_unique` (`username`),
  ADD UNIQUE KEY `users_email_unique` (`email`);

--
-- Indexes for table `vaccineRecords`
--
ALTER TABLE `vaccineRecords`
  ADD PRIMARY KEY (`id`);

--
-- Indexes for table `vaccines`
--
ALTER TABLE `vaccines`
  ADD PRIMARY KEY (`id`);

--
-- AUTO_INCREMENT for dumped tables
--

--
-- AUTO_INCREMENT for table `admitting`
--
ALTER TABLE `admitting`
  MODIFY `id` int(10) UNSIGNED NOT NULL AUTO_INCREMENT, AUTO_INCREMENT=4;
--
-- AUTO_INCREMENT for table `appointments`
--
ALTER TABLE `appointments`
  MODIFY `id` int(10) UNSIGNED NOT NULL AUTO_INCREMENT, AUTO_INCREMENT=11900058;
--
-- AUTO_INCREMENT for table `bmiRecords`
--
ALTER TABLE `bmiRecords`
  MODIFY `id` int(10) UNSIGNED NOT NULL AUTO_INCREMENT;
--
-- AUTO_INCREMENT for table `chat`
--
ALTER TABLE `chat`
  MODIFY `id` int(11) NOT NULL AUTO_INCREMENT, AUTO_INCREMENT=33;
--
-- AUTO_INCREMENT for table `cptCategories`
--
ALTER TABLE `cptCategories`
  MODIFY `id` int(10) UNSIGNED NOT NULL AUTO_INCREMENT, AUTO_INCREMENT=54;
--
-- AUTO_INCREMENT for table `cpts`
--
ALTER TABLE `cpts`
  MODIFY `id` int(10) UNSIGNED NOT NULL AUTO_INCREMENT, AUTO_INCREMENT=1478;
--
-- AUTO_INCREMENT for table `diagnosis`
--
ALTER TABLE `diagnosis`
  MODIFY `id` int(10) UNSIGNED NOT NULL AUTO_INCREMENT, AUTO_INCREMENT=11100004;
--
-- AUTO_INCREMENT for table `diagnosisIcds`
--
ALTER TABLE `diagnosisIcds`
  MODIFY `id` int(10) UNSIGNED NOT NULL AUTO_INCREMENT, AUTO_INCREMENT=50;
--
-- AUTO_INCREMENT for table `discharging`
--
ALTER TABLE `discharging`
  MODIFY `id` int(10) UNSIGNED NOT NULL AUTO_INCREMENT, AUTO_INCREMENT=6;
--
-- AUTO_INCREMENT for table `doctors`
--
ALTER TABLE `doctors`
  MODIFY `id` int(10) UNSIGNED NOT NULL AUTO_INCREMENT, AUTO_INCREMENT=11900001;
--
-- AUTO_INCREMENT for table `followup`
--
ALTER TABLE `followup`
  MODIFY `id` int(10) UNSIGNED NOT NULL AUTO_INCREMENT, AUTO_INCREMENT=5300001;
--
-- AUTO_INCREMENT for table `followupIcds`
--
ALTER TABLE `followupIcds`
  MODIFY `id` int(10) UNSIGNED NOT NULL AUTO_INCREMENT;
--
-- AUTO_INCREMENT for table `genericMedicine`
--
ALTER TABLE `genericMedicine`
  MODIFY `id` int(10) UNSIGNED NOT NULL AUTO_INCREMENT, AUTO_INCREMENT=4;
--
-- AUTO_INCREMENT for table `groupMembers`
--
ALTER TABLE `groupMembers`
  MODIFY `id` int(10) UNSIGNED NOT NULL AUTO_INCREMENT;
--
-- AUTO_INCREMENT for table `groups`
--
ALTER TABLE `groups`
  MODIFY `id` int(10) UNSIGNED NOT NULL AUTO_INCREMENT, AUTO_INCREMENT=2;
--
-- AUTO_INCREMENT for table `hospitalAffiliatedFacility`
--
ALTER TABLE `hospitalAffiliatedFacility`
  MODIFY `id` int(10) UNSIGNED NOT NULL AUTO_INCREMENT;
--
-- AUTO_INCREMENT for table `hospitals`
--
ALTER TABLE `hospitals`
  MODIFY `id` int(10) UNSIGNED NOT NULL AUTO_INCREMENT, AUTO_INCREMENT=2;
--
-- AUTO_INCREMENT for table `icdCategories`
--
ALTER TABLE `icdCategories`
  MODIFY `id` int(10) UNSIGNED NOT NULL AUTO_INCREMENT, AUTO_INCREMENT=67;
--
-- AUTO_INCREMENT for table `icds`
--
ALTER TABLE `icds`
  MODIFY `id` int(10) UNSIGNED NOT NULL AUTO_INCREMENT, AUTO_INCREMENT=2080;
--
-- AUTO_INCREMENT for table `labItem`
--
ALTER TABLE `labItem`
  MODIFY `id` int(10) UNSIGNED NOT NULL AUTO_INCREMENT, AUTO_INCREMENT=174;
--
-- AUTO_INCREMENT for table `labItemClass`
--
ALTER TABLE `labItemClass`
  MODIFY `id` int(10) UNSIGNED NOT NULL AUTO_INCREMENT, AUTO_INCREMENT=9;
--
-- AUTO_INCREMENT for table `labwork`
--
ALTER TABLE `labwork`
  MODIFY `id` int(10) UNSIGNED NOT NULL AUTO_INCREMENT, AUTO_INCREMENT=11900003;
--
-- AUTO_INCREMENT for table `medicineDosages`
--
ALTER TABLE `medicineDosages`
  MODIFY `id` int(10) UNSIGNED NOT NULL AUTO_INCREMENT, AUTO_INCREMENT=8;
--
-- AUTO_INCREMENT for table `medicines`
--
ALTER TABLE `medicines`
  MODIFY `id` int(10) UNSIGNED NOT NULL AUTO_INCREMENT, AUTO_INCREMENT=3;
--
-- AUTO_INCREMENT for table `mobile`
--
ALTER TABLE `mobile`
  MODIFY `id` int(11) NOT NULL AUTO_INCREMENT, AUTO_INCREMENT=137;
--
-- AUTO_INCREMENT for table `nurses`
--
ALTER TABLE `nurses`
  MODIFY `id` int(10) UNSIGNED NOT NULL AUTO_INCREMENT, AUTO_INCREMENT=4;
--
-- AUTO_INCREMENT for table `patientImages`
--
ALTER TABLE `patientImages`
  MODIFY `id` int(10) UNSIGNED NOT NULL AUTO_INCREMENT, AUTO_INCREMENT=11100007;
--
-- AUTO_INCREMENT for table `patients`
--
ALTER TABLE `patients`
  MODIFY `id` int(10) UNSIGNED NOT NULL AUTO_INCREMENT, AUTO_INCREMENT=11100003;
--
-- AUTO_INCREMENT for table `peCategories`
--
ALTER TABLE `peCategories`
  MODIFY `id` int(10) UNSIGNED NOT NULL AUTO_INCREMENT, AUTO_INCREMENT=3;
--
-- AUTO_INCREMENT for table `peTemplates`
--
ALTER TABLE `peTemplates`
  MODIFY `id` int(10) UNSIGNED NOT NULL AUTO_INCREMENT, AUTO_INCREMENT=3;
--
-- AUTO_INCREMENT for table `postDiagnosis`
--
ALTER TABLE `postDiagnosis`
  MODIFY `id` int(10) UNSIGNED NOT NULL AUTO_INCREMENT, AUTO_INCREMENT=9;
--
-- AUTO_INCREMENT for table `prescriptions`
--
ALTER TABLE `prescriptions`
  MODIFY `id` int(10) UNSIGNED NOT NULL AUTO_INCREMENT, AUTO_INCREMENT=11900001;
--
-- AUTO_INCREMENT for table `procedureCategories`
--
ALTER TABLE `procedureCategories`
  MODIFY `id` int(10) UNSIGNED NOT NULL AUTO_INCREMENT;
--
-- AUTO_INCREMENT for table `procedureCpts`
--
ALTER TABLE `procedureCpts`
  MODIFY `id` int(10) UNSIGNED NOT NULL AUTO_INCREMENT, AUTO_INCREMENT=4;
--
-- AUTO_INCREMENT for table `procedureDoctors`
--
ALTER TABLE `procedureDoctors`
  MODIFY `id` int(10) UNSIGNED NOT NULL AUTO_INCREMENT, AUTO_INCREMENT=29;
--
-- AUTO_INCREMENT for table `procedures`
--
ALTER TABLE `procedures`
  MODIFY `id` int(10) UNSIGNED NOT NULL AUTO_INCREMENT, AUTO_INCREMENT=6;
--
-- AUTO_INCREMENT for table `procedureTemplates`
--
ALTER TABLE `procedureTemplates`
  MODIFY `id` int(10) UNSIGNED NOT NULL AUTO_INCREMENT;
--
-- AUTO_INCREMENT for table `referrals`
--
ALTER TABLE `referrals`
  MODIFY `id` int(11) NOT NULL AUTO_INCREMENT, AUTO_INCREMENT=42;
--
-- AUTO_INCREMENT for table `staff`
--
ALTER TABLE `staff`
  MODIFY `id` int(10) UNSIGNED NOT NULL AUTO_INCREMENT, AUTO_INCREMENT=3;
--
-- AUTO_INCREMENT for table `tableLogger`
--
ALTER TABLE `tableLogger`
  MODIFY `id` int(10) UNSIGNED NOT NULL AUTO_INCREMENT, AUTO_INCREMENT=373;
--
-- AUTO_INCREMENT for table `tokens`
--
ALTER TABLE `tokens`
  MODIFY `id` int(11) NOT NULL AUTO_INCREMENT, AUTO_INCREMENT=2;
--
-- AUTO_INCREMENT for table `users`
--
ALTER TABLE `users`
  MODIFY `id` int(10) UNSIGNED NOT NULL AUTO_INCREMENT, AUTO_INCREMENT=39;
--
-- AUTO_INCREMENT for table `vaccineRecords`
--
ALTER TABLE `vaccineRecords`
  MODIFY `id` int(10) UNSIGNED NOT NULL AUTO_INCREMENT;
--
-- AUTO_INCREMENT for table `vaccines`
--
ALTER TABLE `vaccines`
  MODIFY `id` int(10) UNSIGNED NOT NULL AUTO_INCREMENT;
/*!40101 SET CHARACTER_SET_CLIENT=@OLD_CHARACTER_SET_CLIENT */;
/*!40101 SET CHARACTER_SET_RESULTS=@OLD_CHARACTER_SET_RESULTS */;
/*!40101 SET COLLATION_CONNECTION=@OLD_COLLATION_CONNECTION */;
